theta_deg,volume_m3,pressure_pa,temperature_k,mass_kg,mdot_intake_kg_s,mdot_exhaust_kg_s,intake_lift_frac,exhaust_lift_frac,dm_fuel_main_mg_per_deg,dq_comb_j_per_deg,dq_wall_j_per_deg,torque_indicated_nm_per_cyl
-360.0,2.5624522534125138e-05,156575.549160661,300.0,4.659899753496372e-05,-0.0,-0.0075966199626304985,0.10934640522875824,0.04427083333333327,0.0,0.0,-0.0008145340129731185,-0.128863994217592
-359.0,2.5658229215438538e-05,154793.3352389455,299.13675208945494,4.626230501893823e-05,0.006006213402393726,-0.006552384420974759,0.11813071895424843,0.03894444444444441,0.0,0.0,-0.0008131797717154568,0.7252549403489741
-358.0,2.5788055472503243e-05,154137.1756020092,298.84158975559495,4.634501826841064e-05,0.007542026697323706,-0.005656687639662189,0.12711764705882353,0.033875,0.0,0.0,-0.0008129820407400687,1.5708137722199298
-357.0,2.601393111990201e-05,153789.4552059036,298.70802966046415,4.666634103793439e-05,0.008620990201284534,-0.004790541053496079,0.13610457516339863,0.028805555555555588,0.0,0.0,-0.0008133605085759791,2.413155788391354
-356.0,2.63357372778669e-05,153586.77568977262,298.65197818705997,4.719022106050081e-05,0.009524516586969786,-0.003983937237235221,0.14528758169934627,0.024013888888888925,0.0,0.0,-0.0008142109150318468,3.2534861460698976
-355.0,2.675330644662554e-05,153421.6869053014,298.61821387950516,4.789233675536665e-05,0.010449001391822756,-0.0033665372424678194,0.1552549019607843,0.020333333333333335,0.0,0.0,-0.000815458676289897,4.0909071834894695
-354.0,2.726642260958275e-05,153268.40472346995,298.5934497931873,4.876616745580562e-05,0.011380507198188575,-0.0027519502053006753,0.1652222222222223,0.016652777777777742,0.0,0.0,-0.0008170845831741932,4.924788376032637
-353.0,2.787482136536183e-05,153129.8464191019,298.5787502822913,4.9811675152523286e-05,0.01231105043252839,-0.002140018609070974,0.1751895424836603,0.012972222222222152,0.0,0.0,-0.0008190920731309956,5.755015502125309
-352.0,2.8578190088749296e-05,152995.38594859073,298.56831400062043,5.1025520283877064e-05,0.013292941474294629,-0.0016674935157064196,0.18566666666666684,0.010124999999999957,0.0,0.0,-0.0008214739017083813,6.580957165711677
-351.0,2.937616812059284e-05,152834.43155599228,298.5469163360244,5.239886314169744e-05,0.014371711130929195,-0.0012874785500019046,0.19648366013071908,0.007833333333333303,0.0,0.0,-0.0008242018213436775,7.40078676865236
-350.0,3.0268346986707978e-05,152671.2955476055,298.5269704273261,5.393623465105968e-05,0.015480782912794543,-0.000908951947860803,0.20730065359477132,0.005541666666666651,0.0,0.0,-0.000827291314279574,8.214976050596215
-349.0,3.125427064586234e-05,152517.32241396292,298.51388934566984,5.563935684176535e-05,0.01659733285543066,-0.000532026465831838,0.21811764705882353,0.00325,0.0,0.0,-0.0008307509326491126,9.023758623607288
-348.0,3.233343576690752e-05,152350.24815917408,298.49615926800914,5.750086490011178e-05,0.01782289593148347,-0.00038342420071774564,0.22968627450980383,0.002347222222222228,0.0,0.0,-0.0008345614069024466,9.825447025666302
-347.0,3.350529203513877e-05,152169.63154437792,298.4738864993278,5.951866196057562e-05,0.019103896862908202,-0.00023540953723577546,0.24125490196078417,0.0014444444444444559,0.0,0.0,-0.000838716417573311,10.619408010033368
-346.0,3.476924248796839e-05,151994.17616878074,298.45639528235006,6.169633848836298e-05,0.0204015904169007,-8.807931443174438e-05,0.25282352941176445,0.0005416666666666838,0.0,0.0,-0.0008432286677800932,11.40644327588737
-345.0,3.6124643879996834e-05,151828.66025472063,298.44565888076704,6.403393213873277e-05,0.02172646409856298,-0.0,0.26466666666666644,0.0,0.0,0.0,-0.0008481017840123383,12.186635542249704
-344.0,3.757080707757773e-05,151660.26538618794,298.43496844605875,6.652589562445019e-05,0.02311788056266501,-0.0,0.2769215686274508,0.0,0.0,0.0,-0.0008533227848433537,12.958667175973932
-343.0,3.91069974829643e-05,151497.91431204113,298.42866512319824,6.917333177946836e-05,0.024521758620935384,-0.0,0.2891764705882353,0.0,0.0,0.0,-0.0008588964971508544,13.72292959803636
-342.0,4.073243548813441e-05,151347.23708162704,298.429169139105,7.197666316766758e-05,0.025923072869890446,-0.0,0.30143137254901975,0.0,0.0,0.0,-0.0008648269322348568,14.4796874628962
-341.0,4.244629695838192e-05,151213.9056364158,298.43886905397505,7.493664693957944e-05,0.027344091251325784,-0.0,0.31413071895424843,0.0,0.0,0.0,-0.0008711186724584647,15.229327474395504
-340.0,4.424771374576418e-05,151101.4724839826,298.4589541501095,7.805361517255998e-05,0.02874413686632154,-0.0,0.3269411764705882,0.0,0.0,0.0,-0.0008777755046133004,15.97212818117885
-339.0,4.613577423248889e-05,151005.05336971206,298.48631244930664,8.132479494594589e-05,0.030121618014557556,-0.0,0.33975163398692804,0.0,0.0,0.0,-0.0008847939174090638,16.70750560548719
-338.0,4.810952390431432e-05,150922.12889755034,298.5191921241247,8.474807211052561e-05,0.03148711339635502,-0.0,0.3526470588235293,0.0,0.0,0.0,-0.0008921711566917026,17.43505299104728
-337.0,5.0167965954033614e-05,150855.44530334702,298.5586218467257,8.832343890077452e-05,0.03285288113368656,-0.0,0.36588235294117644,0.0,0.0,0.0,-0.0008999083617332515,18.154949514880347
-336.0,5.2310061915097045e-05,150802.84644370727,298.60309421011044,9.204889357652873e-05,0.03419080125162659,-0.0,0.3791176470588236,0.0,0.0,0.0,-0.0009080025885973983,18.86681495344802
-335.0,5.453473232541654e-05,150761.03911633548,298.65063072998646,9.592172382700007e-05,0.03550684482455857,-0.0,0.39235294117647085,0.0,0.0,0.0,-0.0009164489369387522,19.57008145870639
-334.0,5.684085742137937e-05,150729.21172997836,298.7006309605147,9.99401533876904e-05,0.036818384101157016,-0.0,0.40578431372549045,0.0,0.0,0.0,-0.000925243786639921,20.26445499637391
-333.0,5.9227277862082695e-05,150709.17496294813,298.7538624608615,0.00010410366982337263,0.03811124840380202,-0.0,0.41934640522875827,0.0,0.0,0.0,-0.0009343856522888048,20.949993716925505
-332.0,6.169279548377566e-05,150698.04472525304,298.80869433680743,0.00010840939999033073,0.03937949072414987,-0.0,0.4329084967320262,0.0,0.0,0.0,-0.0009438686876502376,21.626117452587582
-331.0,6.423617408447668e-05,150694.06841427242,298.8641632089387,0.00011285481308185305,0.04062630397409225,-0.0,0.4464705882352941,0.0,0.0,0.0,-0.0009536872558938999,22.292364465315384
-330.0,6.685614023870637e-05,150697.8748240118,298.9205789201281,0.00011743855977317915,0.04186822791584844,-0.0,0.4602614379084966,0.0,0.0,0.0,-0.0009638374028889177,22.94860853922969
-329.0,6.955138414224592e-05,150709.10708820558,298.9777343506152,0.00012215873614296777,0.04308329402035446,-0.0,0.47405228758169915,0.0,0.0,0.0,-0.0009743142843518878,23.59458414865096
-328.0,7.232056048680309e-05,150726.14838938112,299.03481078991297,0.00012701258069716277,0.044274993172669044,-0.0,0.4878431372549016,0.0,0.0,0.0,-0.0009851114852646946,24.229821301731217
-327.0,7.51622893644285e-05,150748.16129510108,299.0914285849959,0.00013199763790900236,0.045446923765891926,-0.0,0.5016601307189539,0.0,0.0,0.0,-0.0009962228709691555,24.853956221052343
-326.0,7.807515720149345e-05,150775.10857493247,299.1476356203887,0.00013711186742242028,0.04659873300651184,-0.0,0.5155163398692809,0.0,0.0,0.0,-0.0010076428127704586,25.466752022075376
-325.0,8.105771772199214e-05,150806.36886339672,299.203185093806,0.00014235277756029048,0.04772762293078599,-0.0,0.5293725490196078,0.0,0.0,0.0,-0.0010193649653004852,26.0678760792066
-324.0,8.410849293989588e-05,150841.44317473934,299.25790692842486,0.0001477178572898878,0.048834101211496776,-0.0,0.5432287581699348,0.0,0.0,0.0,-0.0010313828572411216,26.657013790149527
-323.0,8.72259741802329e-05,150879.87354205849,299.31166028933296,0.00015320453013443425,0.04991635808128136,-0.0,0.5570588235294119,0.0,0.0,0.0,-0.0010436898593790718,27.23385691234438
-322.0,9.040862312852315e-05,150921.29185817807,299.3643577714901,0.000158810195512031,0.050976499203277854,-0.0,0.5708823529411764,0.0,0.0,0.0,-0.0010562792390265683,27.79811393893385
-321.0,9.36548729081379e-05,150965.6233700557,299.4160639321947,0.00016453240649103493,0.052014289341963955,-0.0,0.584705882352941,0.0,0.0,0.0,-0.0010691444201288754,28.349550532062786
-320.0,9.696312918510599e-05,151012.6979495808,299.46679140589515,0.00017036858760119584,0.05302645181461286,-0.0,0.5984967320261436,0.0,0.0,0.0,-0.001082278639124747,28.887920837819827
-319.0,0.00010033177129982498,151061.5059592823,299.51612550287814,0.00017631537437138315,0.05400799220425333,-0.0,0.612156862745098,0.0,0.0,0.0,-0.0010956741134910014,29.412821238580904
-318.0,0.0001037591534250684,151112.05104948187,299.5641827089759,0.0001823701424722161,0.054969767021643696,-0.0,0.6258169934640523,0.0,0.0,0.0,-0.001109323860142402,29.92404368598079
-317.0,0.00010724360574962936,151164.6765348577,299.6112424773988,0.00018853054551958468,0.055909297126941,-0.0,0.6394771241830067,0.0,0.0,0.0,-0.0011232212443217145,30.421457627852348
-316.0,0.0001107834356868597,151219.04653609384,299.65722571763223,0.0001947935955166044,0.056812002973800305,-0.0,0.6529607843137257,0.0,0.0,0.0,-0.0011373589083128444,30.904807291403905
-315.0,0.00011437692910729824,151273.76799261416,299.7015238524859,0.00020115517449088884,0.057689666059033806,-0.0,0.6663267973856211,0.0,0.0,0.0,-0.0011517281140163162,31.37362287871433
-314.0,0.00011802235159451732,151329.67866878473,299.7446750097948,0.00020761321812358085,0.05854781301360903,-0.0,0.6796928104575164,0.0,0.0,0.0,-0.0011663223564414257,31.827897170226237
-313.0,0.00012171794972322655,151387.25350014737,299.78701065493084,0.000214165361185281,0.05938320993555224,-0.0,0.6930588235294117,0.0,0.0,0.0,-0.00118113486498897,32.267565796764345
-312.0,0.0001254619523586128,151445.24667269498,299.8279745008696,0.00022080740854619525,0.06016863092766492,-0.0,0.706032679738562,0.0,0.0,0.0,-0.001196156939923422,32.69220851099778
-311.0,0.00012925257197580483,151503.33035004447,299.8675002418241,0.0002275359781563392,0.060939431868751726,-0.0,0.7190065359477122,0.0,0.0,0.0,-0.001211380568234195,33.10160287051446
-310.0,0.00013308800599828142,151562.4567383869,299.90616153925765,0.00023434908892445836,0.06168978180243367,-0.0,0.7319803921568625,0.0,0.0,0.0,-0.0012267992433011975,33.495817260901966
-309.0,0.00013696643815395328,151622.7938970661,299.94411271900964,0.00024124394298904116,0.06240052852695429,-0.0,0.7447450980392154,0.0,0.0,0.0,-0.0012424057007513504,33.874765667778895
-308.0,0.00014088603984757436,151682.3140430866,299.98039526357746,0.000248215065473227,0.06307517804894258,-0.0,0.7571960784313725,0.0,0.0,0.0,-0.001258189939570544,34.23787914250293
-307.0,0.0001448449715480537,151741.94652654437,300.0155731347724,0.0002552603605544306,0.06373444657997805,-0.0,0.7696470588235294,0.0,0.0,0.0,-0.0012741451668705124,34.58525607816505
-306.0,0.00014884138418915757,151802.5523447902,300.05015212193337,0.00026237776351207653,0.06437251218649907,-0.0,0.7820980392156862,0.0,0.0,0.0,-0.0012902647274495717,34.91699954682746
-305.0,0.00015287342058201684,151863.24932400955,300.08373749766633,0.00026956302053364196,0.06495186247139986,-0.0,0.7940261437908497,0.0,0.0,0.0,-0.001306539951521268,35.23282718871664
-304.0,0.0001569392168377643,151922.84572182596,300.11579695717506,0.0002768113003048025,0.06551305409003201,-0.0,0.8058235294117646,0.0,0.0,0.0,-0.001322961469129635,35.532389300435725
-303.0,0.00016103690379855925,151982.67295154877,300.14707895236717,0.0002841210901333502,0.06605790142376407,-0.0,0.8176209150326796,0.0,0.0,0.0,-0.0013395229945988155,35.81593467680918
-302.0,0.00016516460847517647,152043.32526728188,300.17793455481024,0.00029149001980107787,0.0665703546823997,-0.0,0.8292745098039215,0.0,0.0,0.0,-0.0013562175790703514,36.083559233090206
-301.0,0.0001693204554892618,152103.01084406118,300.20750082023153,0.0002989123116329867,0.06702865803309094,-0.0,0.8403529411764705,0.0,0.0,0.0,-0.0013730352193012932,36.33480498837725
-300.0,0.00017350256851829052,152162.0600980152,300.23601177656417,0.0003063850772177361,0.06747707971625198,-0.0,0.8514313725490197,0.0,0.0,0.0,-0.0013899683313494287,36.56972565588311
-299.0,0.00017770907174119107,152221.60093215332,300.26408945014884,0.00031390670451509733,0.0679072046137908,-0.0,0.8625098039215688,0.0,0.0,0.0,-0.0014070105642336643,36.78858268519607
-298.0,0.000181938091282546,152281.512004818,300.2917062566925,0.0003214737972509261,0.06828121214478113,-0.0,0.8730980392156864,0.0,0.0,0.0,-0.0014241541306377378,36.99135265969606
-297.0,0.00018618775665320893,152339.83082579996,300.31791343574895,0.0003290799734398633,0.06862761094515961,-0.0,0.8833594771241831,0.0,0.0,0.0,-0.0014413885979661406,37.177574566536144
-296.0,0.0001904562021851402,152397.93412821594,300.3434632273832,0.0003367240364442347,0.06896164081141289,-0.0,0.8936209150326798,0.0,0.0,0.0,-0.00145870787373783,37.34761001212334
-295.0,0.00019474156845820278,152456.69543461673,300.36883201391294,0.0003444041714325306,0.0692760842556241,-0.0,0.9038823529411764,0.0,0.0,0.0,-0.0014761054963024032,37.50171538178952
-294.0,0.0001990420037166299,152514.57021221935,300.393264206066,0.0003521145597893985,0.06951113666078491,-0.0,0.9131960784313724,0.0,0.0,0.0,-0.0014935717821979533,37.639565688858866
-293.0,0.00020335566527283742,152571.11811623452,300.4165858408393,0.00035985107296873604,0.06974386124781416,-0.0,0.9225098039215684,0.0,0.0,0.0,-0.001511098253406572,37.761116779945475
-292.0,0.00020768072089623303,152627.70021332146,300.43952425232874,0.0003676127626372094,0.06996295538008643,-0.0,0.9318235294117645,0.0,0.0,0.0,-0.0015286791199561986,37.86678313336339
-291.0,0.00021201535018464617,152684.728351684,300.4623100573628,0.0003753971815351212,0.07013536844164875,-0.0,0.9407450980392156,0.0,0.0,0.0,-0.0015463075356300527,37.95675884979464
-290.0,0.00021635774591600613,152740.09474159748,300.48390547189894,0.000383197257150614,0.07026558209764679,-0.0,0.949078431372549,0.0,0.0,0.0,-0.0015639729718491713,38.03062319230872
-289.0,0.00022070611537788507,152794.81248037642,300.5048630669775,0.00039101154031947257,0.07038914252561992,-0.0,0.9574117647058822,0.0,0.0,0.0,-0.0015816692460191054,38.088742386254815
-288.0,0.00022505868167253188,152849.87693021353,300.5257100313393,0.00039883873976366324,0.07049699694820186,-0.0,0.9657450980392158,0.0,0.0,0.0,-0.0015993904616885483,38.13149152587145
-287.0,0.00022941368499504423,152904.49695634976,300.54606259205235,0.00040667421754204107,0.0705317798058904,-0.0,0.9731895424836602,0.0,0.0,0.0,-0.001617128262313133,38.15881189687479
-286.0,0.00023376938388234902,152957.4557870524,300.56533750065984,0.0004145123669675101,0.07055441867697206,-0.0,0.9804117647058823,0.0,0.0,0.0,-0.0016348734517469387,38.17054942493575
-285.0,0.0002381240564306961,153010.09022650638,300.5842396345815,0.0004223526669732756,0.07056879642903623,-0.0,0.9876339869281046,0.0,0.0,0.0,-0.0016526207499580762,38.167198560176196
-284.0,0.00024247600147942112,153063.05850838815,300.60311667166013,0.00043019342963150604,0.07055267595561825,-0.0,0.9946339869281046,0.0,0.0,0.0,-0.001670364169449434,38.14909497841645
-283.0,0.00024682353975878863,153114.27351924038,300.62093095322496,0.0004380272633296976,0.0704273819343805,-0.0,1.0007450980392159,0.0,0.0,0.0,-0.0016880935521062432,38.11590049591946
-282.0,0.0002511650149997841,153153.6833400195,300.63267321182934,0.00044582920730509796,0.07003532187645113,-0.0,1.0068562091503268,0.0,0.0,0.0,-0.0017057854971166207,38.065310271485686
-281.0,0.0002554987950038119,153181.2665646811,300.63847281734127,0.0004535947914562327,0.06975946747562553,-0.0,1.012967320261438,0.0,0.0,0.0,-0.0017234308846072108,37.997537653069955
-280.0,0.0002598232726703317,153203.09994284858,300.64148385115413,0.00046133329436757537,0.06954025951837144,-0.0,1.0183529411764707,0.0,0.0,0.0,-0.0017410311314216647,37.9143207870777
-279.0,0.0002641368669805616,153222.59250458176,300.64346273971523,0.00046904894866561233,0.06934390748693839,-0.0,1.0232549019607844,0.0,0.0,0.0,-0.0017585845113684633,37.81673820208058
-278.0,0.00026843802393548594,153241.65872958396,300.64538472505876,0.0004767431255536122,0.06915125530897152,-0.0,1.028156862745098,0.0,0.0,0.0,-0.0017760875555696625,37.705501615375184
-277.0,0.0002727252174465062,153261.37159496432,300.6477863957403,0.000484415573988564,0.0689514455615552,-0.0,1.0330588235294118,0.0,0.0,0.0,-0.0017935358433295988,37.58111890561336
-276.0,0.00027699695017720444,153282.3267487704,300.65095647279185,0.000492065124284305,0.06873834257082014,-0.0,1.036686274509804,0.0,0.0,0.0,-0.0018109244495228295,37.44398488299884
-275.0,0.0002812517543348096,153304.84663848107,300.6550426479355,0.0004996900895172866,0.06850851367164632,-0.0,1.040313725490196,0.0,0.0,0.0,-0.001828248199288647,37.294432018010745
-274.0,0.0002854881924100948,153329.09572780284,300.6601118249401,0.0005072884961147113,0.06826008554638723,-0.0,1.0439411764705882,0.0,0.0,0.0,-0.0018455018144305124,37.1327589091268
-273.0,0.0002897048578645712,153355.14604753297,300.66618434585473,0.0005148582174142899,0.06799209244503807,-0.0,1.0470718954248364,0.0,0.0,0.0,-0.0018626799986270334,36.95924630887831
-272.0,0.0002939003757639933,153383.01481102454,300.6732535903486,0.0005223970517485469,0.0677041020946242,-0.0,1.0494575163398692,0.0,0.0,0.0,-0.0018797774878116418,36.77416614906146
-271.0,0.00029807340335734323,153412.68619780443,300.68129728863676,0.0005299027685770388,0.0673959993455936,-0.0,1.051843137254902,0.0,0.0,0.0,-0.0018967890805463286,36.577786597018395
-270.0,0.00030222263060060824,153444.1240947381,300.69028410371726,0.0005373731360717324,0.06706786005267894,-0.0,1.0542287581699346,0.0,0.0,0.0,-0.0019137096567846525,36.37037484425107
-269.0,0.0003063467806248404,153477.27963229225,300.7001774923231,0.0005448059378504162,0.06671987695953206,-0.0,1.0555686274509803,0.0,0.0,0.0,-0.0019305341898134061,36.152198589186824
-268.0,0.00031044461014812636,153512.09570192226,300.7109379890026,0.0005521989833082436,0.06635231577874391,-0.0,1.0566470588235293,0.0,0.0,0.0,-0.0019472577541263163,35.923526762139375
-267.0,0.000314514909831279,153548.5097094602,300.7225245701261,0.000559550114140152,0.06596548893341658,-0.0,1.0577254901960782,0.0,0.0,0.0,-0.001963875530824892,35.684629807243006
-266.0,0.00031855650457720755,153586.45529030627,300.73489547758,0.0005668572085756791,0.06555973970197962,-0.0,1.0585424836601307,0.0,0.0,0.0,-0.0019803828114775845,35.43577970364892
-265.0,0.00032256825377410147,153625.86340924815,300.7480087232907,0.0005741181842252002,0.06513543253160706,-0.0,1.0583137254901962,0.0,0.0,0.0,-0.001996775000984898,35.17724983245241
-264.0,0.0003265490514827042,153666.66309293735,300.76182240421826,0.0005813310000721958,0.06469294703140738,-0.0,1.0580849673202612,0.0,0.0,0.0,-0.0020130476197749558,34.909314752117744
-263.0,0.00033049782656813454,153708.7819414271,300.7762949042814,0.0005884936579312763,0.06423267417242765,-0.0,1.0578562091503267,0.0,0.0,0.0,-0.002029196305523238,34.6322499197905
-262.0,0.00033441354277684846,153752.14650570668,300.79138502855955,0.0005956042035641057,0.06375501381663254,-0.0,1.0568431372549016,0.0,0.0,0.0,-0.0020452168145130983,34.346331381056665
-261.0,0.0003382951987594999,153796.6825830942,300.8070520967809,0.0006026607275691026,0.06326037304841874,-0.0,1.0553071895424835,0.0,0.0,0.0,-0.0020611050227079364,34.05183544197416
-260.0,0.00034214182804059786,153842.31546155355,300.82325601223584,0.0006096613661149328,0.06274916499094507,-0.0,1.0537712418300653,0.0,0.0,0.0,-0.0020768569265785693,33.749038332028995
-259.0,0.00034595249893600293,153888.9701315753,300.8399573157691,0.0006166043015600437,0.062221807914513504,-0.0,1.0522352941176472,0.0,0.0,0.0,-0.00209246864371313,33.43821586357827
-258.0,0.00034972631441943723,153936.5714768058,300.85711723061655,0.0006234877629836182,0.06167872451943857,-0.0,1.049424836601307,0.0,0.0,0.0,-0.0021079364132269877,33.11964309148351
-257.0,0.00035346241193931585,153985.0444501008,300.87469770150716,0.0006303100266430077,0.061120341321469124,-0.0,1.0466143790849671,0.0,0.0,0.0,-0.002123256595984395,32.79359397550755
-256.0,0.0003571599631873223,154034.31423894994,300.89266143003226,0.0006370694163663871,0.06054708809565005,-0.0,1.0438039215686274,0.0,0.0,0.0,-0.0021384256746401044,32.4603410473524
-255.0,0.00036081817382026634,154084.3064225541,300.91097190742516,0.0006437643038854986,0.059959397351565545,-0.0,1.0404836601307192,0.0,0.0,0.0,-0.002153440253507218,32.12015508378003
-254.0,0.00036443628313686735,154134.94712181963,300.9295934453698,0.0006503931091109805,0.05935770382354116,-0.0,1.0363986928104574,0.0,0.0,0.0,-0.0021682970582563655,31.773304786975483
-253.0,0.00036801356371119886,154186.163142917,300.9484912051421,0.0006569543003513468,0.05874244396589703,-0.0,1.032313725490196,0.0,0.0,0.0,-0.002182992935450779,31.420056473124877
-252.0,0.00037154932098461843,154237.88211467318,300.96763122519695,0.000663446394475827,0.05811405544754067,-0.0,1.0282287581699348,0.0,0.0,0.0,-0.0021975248519215404,31.060673770047742
-251.0,0.0003750428928180825,154290.03261984134,300.98698044720146,0.0006698679570208006,0.05747297664278427,-0.0,1.0231503267973854,0.0,0.0,0.0,-0.0022118898939872404,30.695417324623154
-250.0,0.0003784936490068123,154342.54432016195,301.00650674045124,0.0006762176022393114,0.05681964611694451,-0.0,1.0178235294117648,0.0,0.0,0.0,-0.0022260852665223563,30.32454452067016
-249.0,0.00038190099075933396,154395.34807505424,301.026178924572,0.0006824939930930534,0.056154502106430644,-0.0,1.0124967320261438,0.0,0.0,0.0,-0.0022401082918788013,29.94830920787292
-248.0,0.00038526435014296406,154448.37605374356,301.04596679039355,0.0006886958411862263,0.055477981993673715,-0.0,1.0069346405228758,0.0,0.0,0.0,-0.002253956408665271,29.566961442279624
-247.0,0.0003885831894978519,154501.56184061742,301.06584111888077,0.0006948219066407298,0.05479052177783402,-0.0,1.0004313725490197,0.0,0.0,0.0,-0.002267627170389206,29.180747238844454
-246.0,0.0003918570008217094,154550.3182678597,301.0835220618915,0.0007008557317379771,0.05382336281129994,-0.0,0.9939281045751633,0.0,0.0,0.0,-0.0022811087204859097,28.789065945363255
-245.0,0.00039508530512738873,154591.63908757898,301.0975466912034,0.0007067857177181674,0.052930766218631964,-0.0,0.9874248366013072,0.0,0.0,0.0,-0.002294391930609516,28.391649864790093
-244.0,0.00039826765177546964,154628.11969061234,301.1092428185078,0.0007126192089002656,0.05206789425327311,-0.0,0.9802549019607842,0.0,0.0,0.0,-0.002307479527593511,27.98927206288249
-243.0,0.00040140361778402174,154660.6071711952,301.1190551691658,0.0007183578755658979,0.05123668506030918,-0.0,0.9726405228758168,0.0,0.0,0.0,-0.002320370944563308,27.582361250256177
-242.0,0.000404492807117699,154690.72595311332,301.12780891129336,0.0007240062577499874,0.05043967321089007,-0.0,0.9650261437908496,0.0,0.0,0.0,-0.0023330675398497164,27.171468066145884
-241.0,0.00040753484995830505,154719.57345236867,301.13605883030243,0.0007295672886416143,0.04966241173960138,-0.0,0.9574117647058822,0.0,0.0,0.0,-0.0023455698573720835,26.757028561201345
-240.0,0.0004105294019589481,154747.0695164674,301.14376913955846,0.0007350399119718642,0.048850437186631374,-0.0,0.948718954248366,0.0,0.0,0.0,-0.0023578761252032545,26.339260151055438
-239.0,0.00041347614348386647,154773.2680286757,301.15097177039894,0.000740423585039662,0.04805934972951564,-0.0,0.9400261437908497,0.0,0.0,0.0,-0.002369984939601759,25.918397086794467
-238.0,0.0004163747788359757,154798.85417931594,301.1580108135011,0.0007457200844537023,0.047280078570621754,-0.0,0.9313333333333336,0.0,0.0,0.0,-0.0023818964134842014,25.494770390321396
-237.0,0.0004192250354741336,154824.15982502475,301.165051816237,0.000750930029241535,0.04648913606751674,-0.0,0.922261437908497,0.0,0.0,0.0,-0.002393610059400228,25.06863953698639
-236.0,0.00042202666322208103,154848.5642881198,301.17178642496054,0.000756050650558985,0.04568554575758731,-0.0,0.9126209150326798,0.0,0.0,0.0,-0.002405123397085208,24.64010186088558
-235.0,0.0004247794334709475,154872.41343169284,301.1783885040506,0.0007610826919116242,0.04489358306210318,-0.0,0.9029803921568627,0.0,0.0,0.0,-0.0024164361216373457,24.209405799454537
-234.0,0.00042748313837716334,154896.09814546903,301.18505255673654,0.000766027138251234,0.04410812837289206,-0.0,0.8933398692810456,0.0,0.0,0.0,-0.002427548161094082,23.776795855147302
-233.0,0.00043013759005754545,154919.46413071163,301.1917008730625,0.0007708830309597773,0.04329528561377186,-0.0,0.8829673202614379,0.0,0.0,0.0,-0.0024384583460184384,23.342422959933636
-232.0,0.00043274261978326297,154942.13019248628,301.1981443396756,0.0007756485836556525,0.04248741395470137,-0.0,0.8724117647058823,0.0,0.0,0.0,-0.002449165044362223,22.90639921239408
-231.0,0.000435298077174312,154964.48908652482,301.2045788120732,0.0007803249104606218,0.041688427094266824,-0.0,0.8618562091503268,0.0,0.0,0.0,-0.0024596684234079154,22.468946238300866
-230.0,0.0004378038293960609,154986.7866117849,301.211125738834,0.000784912641999258,0.040887635691749455,-0.0,0.8511437908496732,0.0,0.0,0.0,-0.002469968432046688,22.030253299782544
-229.0,0.00044025976035934973,155008.6200140606,301.2175840946214,0.0007894100026924992,0.04006786064887405,-0.0,0.8398039215686273,0.0,0.0,0.0,-0.00248006363038979,21.590409531748683
-228.0,0.0004426657699255473,155030.03520166138,301.22397703848463,0.0007938169194812442,0.039258804090118594,-0.0,0.8284640522875816,0.0,0.0,0.0,-0.0024899536273716837,21.149562939364635
-227.0,0.0004450217731178973,155051.33854922885,301.2304564591634,0.0007981343512141951,0.03845658011520825,-0.0,0.8171241830065358,0.0,0.0,0.0,-0.0024996387052380288,20.70788890508941
-226.0,0.00044732769934040386,155072.5808583987,301.2370464810582,0.0008023623258078481,0.037640409652380774,-0.0,0.8053529411764703,0.0,0.0,0.0,-0.002509118646642831,20.265519073495778
-225.0,0.00044958349160542475,155093.33084871163,301.2435323931123,0.0008064990325877423,0.03682271501408495,-0.0,0.7932941176470586,0.0,0.0,0.0,-0.0025183921717820477,19.822516138969757
-224.0,0.00045178910577107004,155113.8626891711,301.25005044226094,0.0008105453939922694,0.03601358987314888,-0.0,0.7812352941176469,0.0,0.0,0.0,-0.0025274596569402567,19.379029226577963
-223.0,0.0004539445097894204,155134.4041913891,301.2567130238204,0.0008145021968439703,0.03521026075823234,-0.0,0.7691764705882352,0.0,0.0,0.0,-0.002536321446861648,18.935192081172783
-222.0,0.00045604968296650197,155154.9672162506,301.26352487828893,0.0008183694188745687,0.0344014346386135,-0.0,0.7568712241653417,0.0,0.0,0.0,-0.0025449774480366984,18.491103621176745
-221.0,0.0004581046152348881,155175.57549561159,301.27049681876787,0.0008221471043059585,0.03359824565049124,-0.0,0.7445659777424483,0.0,0.0,0.0,-0.002553427635790734,18.04685765199064
-220.0,0.0004601093064397125,155196.37057166253,301.27769797910463,0.0008258357840330912,0.03279909265758993,-0.0,0.7322607313195547,0.0,0.0,0.0,-0.0025616723062339853,17.60255482934444
-219.0,0.0004620637656388199,155217.40133109712,301.2851512706428,0.0008294356471839359,0.031992857744245935,-0.0,0.7197156862745097,0.0,0.0,0.0,-0.002569711585825569,17.15827782339989
-218.0,0.00046396801041769827,155238.15559899434,301.29260170890916,0.0008329446590155991,0.031171729536409627,-0.0,0.7066111111111111,0.0,0.0,0.0,-0.0025775443098755304,16.714042351481684
-217.0,0.0004658220662197814,155258.67864158464,301.300071923707,0.0008363629986560454,0.03036021434670048,-0.0,0.6935065359477124,0.0,0.0,0.0,-0.0025851706261258408,16.26992258990431
-216.0,0.0004676259656926399,155279.1945613201,301.3076728840015,0.000839691582804462,0.029555757799265198,-0.0,0.6804019607843138,0.0,0.0,0.0,-0.0025925911444702587,15.826004709811917
-215.0,0.0004693797480505141,155299.75517608869,301.3154297237398,0.0008429306591429236,0.028746012046634014,-0.0,0.6670228758169935,0.0,0.0,0.0,-0.00259980610803088,15.382349675857665
-214.0,0.0004710834584535952,155320.2328244966,301.3232787771782,0.0008460797609920444,0.02793945858593924,-0.0,0.6535261437908495,0.0,0.0,0.0,-0.0026068153561620753,14.938995176629138
-213.0,0.0004727371474043919,155340.79490746433,301.3313027808456,0.0008491396246488514,0.02713942137701628,-0.0,0.6400294117647056,0.0,0.0,0.0,-0.0026136194486790216,14.496002629626066
-212.0,0.00047434087016147485,155361.5766016139,301.3395682059554,0.0008521108737836866,0.026343591711300657,-0.0,0.6265098039215682,0.0,0.0,0.0,-0.002620218898522611,14.053423503253887
-211.0,0.00047589468617084105,155382.55163983113,301.34806141978015,0.0008549934856900604,0.025544810182763195,-0.0,0.61278431372549,0.0,0.0,0.0,-0.0026266138551482333,13.611288617903627
-210.0,0.0004773986585150909,155403.74910527415,301.3567964111223,0.0008577876694963945,0.024751665447953944,-0.0,0.5990588235294115,0.0,0.0,0.0,-0.002632804611907588,13.169628983077978
-209.0,0.0004788528533805691,155425.28324819368,301.36582932255976,0.0008604939922875729,0.0239631568288395,-0.0,0.5853333333333332,0.0,0.0,0.0,-0.002638791681745215,12.728477607129102
-208.0,0.00048025733954258024,155447.2317139516,301.37519807880705,0.0008631128798515205,0.0231760758992221,-0.0,0.5715424836601307,0.0,0.0,0.0,-0.0026445755045334247,12.287858819075513
-207.0,0.0004816121878687535,155469.56734760135,301.38488877192407,0.0008656443300558173,0.022391045188288987,-0.0,0.5576862745098041,0.0,0.0,0.0,-0.0026501562763412206,11.847783755597124
-206.0,0.0004829174708405939,155492.37170154467,301.39494145257646,0.0008680887931941958,0.02161020284070994,-0.0,0.5438300653594773,0.0,0.0,0.0,-0.0026555344599787476,11.408267675483433
-205.0,0.0004841732620932304,155515.72242461127,301.40539422886843,0.0008704467081209277,0.020833102575821605,-0.0,0.5299738562091507,0.0,0.0,0.0,-0.002660710515360005,10.96932063473155
-204.0,0.00048537963597334113,155539.699658325,301.4162864634772,0.0008727185275394585,0.02006046853420366,-0.0,0.5161470588235297,0.0,0.0,0.0,-0.0026656849122474856,10.530948137408929
-203.0,0.00048653666711521054,155564.37680042704,301.4276542081185,0.0008749046783288418,0.019290953529016528,-0.0,0.5023235294117652,0.0,0.0,0.0,-0.0026704581057994344,10.093150663089714
-202.0,0.0004876444300348518,155589.8043165658,301.4395222389162,0.0008770054920808222,0.018524387413142527,-0.0,0.48850000000000054,0.0,0.0,0.0,-0.002675030494279615,9.655922918605992
-201.0,0.0004887029987421093,155616.03673960827,301.45191744747905,0.0008790213165409035,0.017761827054776184,-0.0,0.4747058823529417,0.0,0.0,0.0,-0.002679402482043034,9.219255920582844
-200.0,0.0004897124463706372,155643.1837437597,301.46489406855443,0.0008809527302541607,0.017004166883154676,-0.0,0.4609803921568628,0.0,0.0,0.0,-0.0026835746030730297,8.78313997839958
-199.0,0.0004906728448256359,155671.3019162003,301.4784801391398,0.0008828000868929243,0.016248831524420682,-0.0,0.44725490196078416,0.0,0.0,0.0,-0.0026875472560595444,8.347558273302656
-198.0,0.0004915842644492211,155700.4292119372,301.4926946290119,0.0008845636576863522,0.015496047754808132,-0.0,0.43352941176470533,0.0,0.0,0.0,-0.002691320784570851,7.912489511447012
-197.0,0.0004924467737032823,155730.6601085913,301.5075845826115,0.0008862439484725228,0.014751201863818914,-0.0,0.4199640522875811,0.0,0.0,0.0,-0.002694895659374729,7.477911947684272
-196.0,0.0004932604388696894,155762.1623879957,301.52323328773826,0.0008878417724509705,0.014010010289878137,-0.0,0.4064673202614374,0.0,0.0,0.0,-0.0026982725208461967,7.04380350592216
-195.0,0.0004940253237676938,155794.96030239124,301.53965322075913,0.0008893573294558679,0.013270470005563447,-0.0,0.39297058823529374,0.0,0.0,0.0,-0.002701451644823341,6.610131707812998
-194.0,0.0004947414894883732,155829.08751950404,301.5568617289126,0.0008907908514043396,0.012534252368245197,-0.0,0.37951307189542455,0.0,0.0,0.0,-0.0027044333132167754,6.176861890428157
-193.0,0.000495408994145964,155864.7560930166,301.5749643424849,0.0008921433226869108,0.011810283260237312,-0.0,0.3664084967320259,0.0,0.0,0.0,-0.002707218229789593,5.7439634484374045
-192.0,0.0004960278926459284,155902.08914215103,301.594022697781,0.0008934153432281867,0.011086267532202432,-0.0,0.35330392156862733,0.0,0.0,0.0,-0.0027098068645446034,5.311398389388684
-191.0,0.0004965982364696048,155941.0793538297,301.6140343026321,0.0008946069471793722,0.010362875821616924,-0.0,0.3401993464052287,0.0,0.0,0.0,-0.0027121993456490022,4.879121420498101
-190.0,0.0004971200734752936,155981.76795410312,301.63502089119766,0.0008957183648260456,0.009647536515894199,-0.0,0.3273398692810458,0.0,0.0,0.0,-0.002714395897728344,4.447087007012771
-189.0,0.000497593447715639,156024.44507528885,301.6571269934603,0.0008967508817233574,0.008937561799731783,-0.0,0.31472549019607854,0.0,0.0,0.0,-0.002716397337970706,4.015253994204803
-188.0,0.0004980183992711689,156069.08283299758,301.68034054237694,0.0008977044124387025,0.00822586057731021,-0.0,0.30211111111111133,0.0,0.0,0.0,-0.002718203676648123,3.5835692775858323
-187.0,0.0004983949640998683,156115.6354588221,301.7046410510367,0.000898578781093923,0.0075126502409559055,-0.0,0.28949673202614407,0.0,0.0,0.0,-0.002719814852421868,3.151978411990201
-186.0,0.0004987231739026683,156164.20845748147,301.73008282704876,0.0008993744472214482,0.006809451336547659,-0.0,0.27741176470588275,0.0,0.0,0.0,-0.002721231150409654,2.7204289408479174
-185.0,0.000499003056004742,156214.8820864181,301.75670794981943,0.000900091749515402,0.006100920011542814,-0.0,0.2653856209150331,0.0,0.0,0.0,-0.002722452767185558,2.2888658498118604
-184.0,0.0004992346332525129,156267.47348215585,301.7844294821928,0.0009007298824886284,0.005384083435676895,-0.0,0.25335947712418344,0.0,0.0,0.0,-0.002723479219718389,1.8572292240730182
-183.0,0.0004994179239262894,156321.75775939546,301.8131404336539,0.0009012878442912775,0.004659677224469822,-0.0,0.2415392156862749,0.0,0.0,0.0,-0.002724309890554842,1.4254600374516315
-182.0,0.0004995529416684556,156377.57563145933,301.84276662263994,0.0009017648999918025,0.003923047122696708,-0.0,0.2301993464052289,0.0,0.0,0.0,-0.002724944295087481,0.9935015483584683
-181.0,0.0004996396954271571,156434.30068335155,301.87300522646785,0.0009021582915536939,0.0031510887299909885,-0.0,0.21885947712418283,0.0,0.0,0.0,-0.0027253807639167995,0.5612966130795033
-180.0,0.0004996781894154401,156490.72573944586,301.90326970754023,0.000902462748946317,0.0023158340417564417,-0.0,0.2075196078431368,0.0,0.0,0.0,-0.0027256161623170614,0.1287941832865867
-179.0,0.0004996684230858101,156544.33622182827,301.9323343690664,0.0009026673680207344,0.0013321671653453457,-0.0,0.1967516339869277,0.0,0.0,0.0,-0.0027256440971118625,-0.30404111846684295
-178.0,0.0004996103911201929,156583.87735724487,301.9546542234966,0.0009027237749670667,-0.0006492797509562319,-0.0,0.18622875816993428,0.0,0.0,0.0,-0.0027254374809622633,-0.737175786260389
-177.0,0.0004995040834352997,156606.42102855456,301.96864587844647,0.00090261980686513,-0.0011794073821669818,-0.0,0.17570588235294088,0.0,0.0,0.0,-0.002724992719370232,-1.170513942268449
-176.0,0.0004993494852034024,156637.7830755978,301.98704219615075,0.0009024661664898057,-0.0015750612888516746,-0.0,0.16527450980392136,0.0,0.0,0.0,-0.002724371618141988,-1.6042213996461898
-175.0,0.0004991465768885519,156680.00565040627,302.010861316336,0.0009022714531312848,-0.0019218421613908653,-0.0,0.1556666666666665,0.0,0.0,0.0,-0.0027235785947952846,-2.0384400875257773
-174.0,0.0004988953342982753,156734.32395618668,302.0407168113782,0.0009020407728482236,-0.0022230186704004736,-0.0,0.14605882352941166,0.0,0.0,0.0,-0.002722616192491075,-2.4733214000464057
-173.0,0.0004985957286508095,156801.95312684507,302.0772106018176,0.0009017790935110776,-0.0024797422266173595,-0.0,0.1364509803921568,0.0,0.0,0.0,-0.0027214868359317105,-2.9090295299612183
-172.0,0.0004982477266579416,156884.08384922383,302.1209304167676,0.0009014912204837102,-0.0027007360384115674,-0.0,0.1273169934640523,0.0,0.0,0.0,-0.0027201928118463863,-3.3457410086208488
-171.0,0.0004978512906235314,156981.55095114675,302.17228411101956,0.0009011803815980611,-0.002887012471856685,-0.0,0.11865686274509811,0.0,0.0,0.0,-0.002718735525554317,-3.7836362942351593
-170.0,0.0004974063785578215,157095.5614937901,302.2318627101184,0.0009008513226709896,-0.003028433446046764,-0.0,0.10999673202614392,0.0,0.0,0.0,-0.0027171171095627332,-4.222914317946801
-169.0,0.0004969129443076297,157227.418462205,302.3003018552952,0.0009005091213658454,-0.0031232627953820427,-0.0,0.10133660130718972,0.0,0.0,0.0,-0.0027153397918843586,-4.663789375798601
-168.0,0.000496370937702552,157378.10988105132,302.3780765832182,0.0009001574371885022,-0.0032019601774898707,-0.0,0.09364705882352961,0.0,0.0,0.0,-0.0027134049810442094,-5.1064790548587515
-167.0,0.0004957803047172979,157548.46285575457,302.4655780464135,0.0008997991663999068,-0.0032393605556262175,-0.0,0.08606535947712443,0.0,0.0,0.0,-0.0027113136053194525,-5.5512051978138555
-166.0,0.0004951409876502985,157739.81618486554,302.5634477444355,0.0008994392839637552,-0.003230721687408081,-0.0,0.07848366013071927,0.0,0.0,0.0,-0.0027090675654632148,-5.9982171512047415
-165.0,0.0004944529253187341,157953.52101640313,302.67232793523675,0.0008990827148038351,-0.003189321773347456,-0.0,0.0712352941176473,0.0,0.0,0.0,-0.0027066686181402484,-6.447778442135547
-164.0,0.0004937160532701317,158190.10534396875,302.79244658966206,0.0008987308094407263,-0.0031378004127866005,-0.0,0.06476470588235302,0.0,0.0,0.0,-0.002704116580589505,-6.90013043376693
-163.0,0.0004929303040106937,158450.62318293419,302.92428754940886,0.0008983870394021577,-0.0030427034693839817,-0.0,0.05829411764705874,0.0,0.0,0.0,-0.0027014122347218455,-7.355543347480757
-162.0,0.0004920956072505208,158736.4968232305,303.0685104890121,0.0008980563097890439,-0.0029028689451549143,-0.0,0.051823529411764456,0.0,0.0,0.0,-0.002698556943331808,-7.8143157674708945
-161.0,0.0004912118901658921,159048.74115323852,303.2255658988186,0.0008977416922037186,-0.002767467391318887,-0.0,0.046199346405228534,0.0,0.0,0.0,-0.002695550993414794,-8.276739355630035
-160.0,0.0004902790776787732,159387.46844805958,303.39545173201145,0.0008974423720859711,-0.0026137925050294603,-0.0,0.040937908496731845,0.0,0.0,0.0,-0.0026923926078935663,-8.743065867403137
-159.0,0.0004892970927537144,159753.95907017268,303.57873611416835,0.000897162308660336,-0.0024207133951030875,-0.0,0.03567647058823514,0.0,0.0,0.0,-0.002689082237175211,-9.213613742118284
-158.0,0.00048826585671230536,160149.600314442,303.77603058640716,0.0008969057652231813,-0.0021960713015255298,-0.0,0.030535947712418212,0.0,0.0,0.0,-0.0026856202922622566,-9.688720240526628
-157.0,0.00048718528956534263,160574.50799110477,303.9873129206185,0.0008966715927665273,-0.002013677293177116,-0.0,0.02648366013071889,0.0,0.0,0.0,-0.0026820043936230976,-10.168655550665957
-156.0,0.0004860553103628613,161029.02384115494,304.21266577419243,0.0008964594797244127,-0.0017989249398819383,-0.0,0.022431372549019567,0.0,0.0,0.0,-0.0026782324493842395,-10.653703722470787
-155.0,0.00048487583756217604,161514.47204278907,304.45264483435034,0.0008962730482563817,-0.0015513221395785277,-0.0,0.01837908496732025,0.0,0.0,0.0,-0.002674304076398604,-11.144217878985057
-154.0,0.00048364678941405725,162031.9747799177,304.70769606829424,0.0008961149319375579,-0.0013267959167166097,-0.0,0.014964052287581709,0.0,0.0,0.0,-0.0026702182145807722,-11.640548894647212
-153.0,0.0004823680843671639,162580.31901750044,304.97711992881807,0.000895978072226517,-0.0011327758530034638,-0.0,0.012186274509803946,0.0,0.0,0.0,-0.002665969196353405,-12.14288302852124
-152.0,0.00048103964149082964,163160.4265352825,305.2612518479071,0.0008958640754253374,-0.0009152250167743046,-0.0,0.009408496732026185,0.0,0.0,0.0,-0.0026615552643239624,-12.65155504368687
-151.0,0.0004796613809162824,163773.50700148533,305.5605562175503,0.0008957755695398387,-0.0006738953385703795,-0.0,0.006630718954248427,0.0,0.0,0.0,-0.002656974923467818,-13.166929899431214
-150.0,0.0004782332242963593,164419.29027707287,305.8747724141267,0.0008957090409319408,-0.0005300744784934616,-0.0,0.005000000000000043,0.0,0.0,0.0,-0.0026522238005079082,-13.689259463311933
-149.0,0.00047675509528374393,165096.78973752007,306.2032918972427,0.0008956580214189504,-0.00038608456292091455,-0.0,0.003496732026143843,0.0,0.0,0.0,-0.002647296225702033,-14.218726812951978
-148.0,0.00047522692002773643,165806.94499027316,306.5464290994998,0.0008956237327697692,-0.0002289070565580101,-0.0,0.0019934640522876433,0.0,0.0,0.0,-0.0026421897877876442,-14.7556708200104
-147.0,0.000473648627689527,166550.58920323293,306.90443698713744,0.0008956068217019735,-0.00010289400480681184,-0.0,0.0008627450980392255,0.0,0.0,0.0,-0.002636901658452822,-15.300426725097834
-146.0,0.0004720201509759116,167325.82365508788,307.2762595785712,0.0008955969514692205,-7.438329561486117e-05,-0.0,0.000601307189542487,0.0,0.0,0.0,-0.0026314244706228808,-15.853075554273495
-145.0,0.0004703414266913553,168132.4047838618,307.66163321159155,0.0008955903780324228,-4.3551799534490904e-05,-0.0,0.0003398692810457482,0.0,0.0,0.0,-0.002625753653266974,-16.413832719485768
-144.0,0.000468612396308259,168971.12251908105,308.06077969036266,0.0008955873592655481,-1.0398925375173442e-05,-0.0,7.843137254900964e-05,0.0,0.0,0.0,-0.002619886162766719,-16.983008957024182
-143.0,0.00046683300655525324,169842.54955986846,308.47380927809786,0.0008955871666928559,-0.0,-0.0,0.0,0.0,0.0,0.0,-0.0026138184526016345,-17.560895521288597
-142.0,0.0004650032100232817,170746.7997902203,308.900609459492,0.0008955871666928559,-0.0,-0.0,0.0,0.0,0.0,0.0,-0.002607546191034631,-18.14773497392099
-141.0,0.0004631229657892031,171684.6398933225,309.3413675582187,0.0008955871666928559,-0.0,-0.0,0.0,0.0,0.0,0.0,-0.002601065872082102,-18.743835486630257
-140.0,0.0004611922400565689,172656.9224207369,309.7963012419002,0.0008955871666928559,-0.0,-0.0,0.0,0.0,0.0,0.0,-0.0025943739292710534,-19.349516291702017
-139.0,0.00045921100681319265,173664.53824235496,310.2656355256537,0.0008955871666928559,-0.0,-0.0,0.0,0.0,0.0,0.0,-0.0025874666586607575,-19.965102988440208
-138.0,0.0004571792485050578,174708.4180972039,310.7496029112928,0.0008955871666928559,-0.0,-0.0,0.0,0.0,0.0,0.0,-0.0025803402145427633,-20.590927784408706
-137.0,0.00045509695672605254,175789.5342295629,311.2484435315867,0.0008955871666928559,-0.0,-0.0,0.0,0.0,0.0,0.0,-0.0025729906048993245,-21.227329745091907
-136.0,0.00045296413292295247,176908.9021151838,311.7624052997446,0.0008955871666928559,-0.0,-0.0,0.0,0.0,0.0,0.0,-0.0025654136866054378,-21.87465505255054
-135.0,0.00045078078911500453,178067.5822827329,312.29174406430695,0.0008955871666928559,-0.0,-0.0,0.0,0.0,0.0,0.0,-0.002557605160358655,-22.533257273683496
-134.0,0.00044854694862739606,179266.68223591993,312.8367237696358,0.0008955871666928559,-0.0,-0.0,0.0,0.0,0.0,0.0,-0.0025495605653195943,-23.20349763874356
-133.0,0.00044626264683781725,180507.35848215094,313.3976166222118,0.0008955871666928559,-0.0,-0.0,0.0,0.0,0.0,0.0,-0.002541275273444804,-23.8857453307939
-132.0,0.0004439279319352542,181790.8186739429,313.9747032629579,0.0008955871666928559,-0.0,-0.0,0.0,0.0,0.0,0.0,-0.0025327444834923342,-24.58037778683152
-131.0,0.00044154286569006603,183118.32386976577,314.56827294582615,0.0008955871666928559,-0.0,-0.0,0.0,0.0,0.0,0.0,-0.002523963214678772,-25.287781011346844
-130.0,0.0004391075242343312,184491.1909214367,315.1786237228983,0.0008955871666928559,-0.0,-0.0,0.0,0.0,0.0,0.0,-0.0025149262999650417,-26.008349903130988
-129.0,0.00043662199885135947,185910.7949956868,315.80606263626987,0.0008955871666928559,-0.0,-0.0,0.0,0.0,0.0,0.0,-0.0025056283789464742,-26.742488596188373
-128.0,0.0004340863967731913,187378.57223804935,316.4509059170025,0.0008955871666928559,-0.0,-0.0,0.0,0.0,0.0,0.0,-0.0024960638903208632,-27.490610815658407
-127.0,0.000431500841984822,188896.0225877909,317.113479191449,0.0008955871666928559,-0.0,-0.0,0.0,0.0,0.0,0.0,-0.002486227063906243,-28.253140249699072
-126.0,0.00042886547603381307,190464.71275321633,317.7941176952757,0.0008955871666928559,-0.0,-0.0,0.0,0.0,0.0,0.0,-0.002476111912177991,-29.030510938334334
-125.0,0.0004261804588438646,192086.2793573428,318.49316649552526,0.0008955871666928559,-0.0,-0.0,0.0,0.0,0.0,0.0,-0.0024657122212925725,-29.823167680319834
-124.0,0.0004234459695308521,193762.43226464224,319.2109807210864,0.0008955871666928559,-0.0,-0.0,0.0,0.0,0.0,0.0,-0.002455021541562791,-30.631566459133595
-123.0,0.0004206622072197467,195494.95810031972,319.94792580195764,0.0008955871666928559,-0.0,-0.0,0.0,0.0,0.0,0.0,-0.0024440331773467436,-31.456174889253433
-122.0,0.0004178293918607664,197285.72397441522,320.7043777177167,0.0008955871666928559,-0.0,-0.0,0.0,0.0,0.0,0.0,-0.002432740176309834,-32.29747268393871
-121.0,0.00041494776504302896,199136.68142390432,321.48072325563106,0.0008955871666928559,-0.0,-0.0,0.0,0.0,0.0,0.0,-0.0024211353180160766,-33.15595214579101
-120.0,0.00041201759080390844,201049.87058692795,322.2773602788705,0.0008955871666928559,-0.0,-0.0,0.0,0.0,0.0,0.0,-0.0024092111018016523,-34.032118681428
-119.0,0.000409039156432234,203027.42462431,323.09469800530866,0.0008955871666928559,-0.0,-0.0,0.0,0.0,0.0,0.0,-0.00239695973388004,-34.926491341662704
-118.0,0.00040601277326339876,205071.5744046375,323.933157297429,0.0008955871666928559,-0.0,-0.0,0.0,0.0,0.0,0.0,-0.00238437311362421,-35.839603388644086
-117.0,0.00040293877746439715,207184.65347037266,324.79317096387734,0.0008955871666928559,-0.0,-0.0,0.0,0.0,0.0,0.0,-0.002371442818967149,-36.77200289147457
-116.0,0.00039981753080675213,209369.10330376352,325.67518407323456,0.0008955871666928559,-0.0,-0.0,0.0,0.0,0.0,0.0,-0.0023581600908574966,-37.72425335188428
-115.0,0.0003966494214252478,211627.47891272037,326.5796542806113,0.0008955871666928559,-0.0,-0.0,0.0,0.0,0.0,0.0,-0.002344515816702188,-38.69693436160619
-114.0,0.0003934348645603449,213962.45475833252,327.5070521676998,0.0008955871666928559,-0.0,-0.0,0.0,0.0,0.0,0.0,-0.0023305005127226943,-39.69064229315936
-113.0,0.00039017430328211754,216376.83104734146,328.4578615969493,0.0008955871666928559,-0.0,-0.0,0.0,0.0,0.0,0.0,-0.002316104305145781,-40.70599102581503
-112.0,0.00038686820919353284,218873.54041464583,329.43258008056466,0.0008955871666928559,-0.0,-0.0,0.0,0.0,0.0,0.0,-0.0023013169101434696,-41.743612708583086
-111.0,0.0003835170831108695,221455.6550228334,330.43171916506276,0.0008955871666928559,-0.0,-0.0,0.0,0.0,0.0,0.0,-0.0022861276124302686,-42.804158562124755
-110.0,0.00038012145571906413,224126.3941078039,331.4558048321551,0.0008955871666928559,-0.0,-0.0,0.0,0.0,0.0,0.0,-0.0022705252424184267,-43.888299721561665
-109.0,0.00037668188819977666,226889.13200178574,332.50537791676163,0.0008955871666928559,-0.0,-0.0,0.0,0.0,0.0,0.0,-0.0022544981518241303,-44.9967281222167
-108.0,0.0003731989728299712,229747.40666748423,333.58099454299696,0.0008955871666928559,-0.0,-0.0,0.0,0.0,0.0,0.0,-0.0022380341876090722,-46.13015743038762
-107.0,0.000369673333548826,232704.92877973052,334.68322657900706,0.0008955871666928559,-0.0,-0.0,0.0,0.0,0.0,0.0,-0.0022211206641325125,-47.28932402131747
-106.0,0.00036610562649081954,235765.59139385336,335.8126621115719,0.0008955871666928559,-0.0,-0.0,0.0,0.0,0.0,0.0,-0.0022037443333790072,-48.47498800658772
-105.0,0.0003624965404828704,238933.48024309895,336.96990594142835,0.0008955871666928559,-0.0,-0.0,0.0,0.0,0.0,0.0,-0.0021858913531160027,-49.68793431322052
-104.0,0.0003588467975034604,242212.88471078177,338.1555801003046,0.0008955871666928559,-0.0,-0.0,0.0,0.0,0.0,0.0,-0.002167547252823687,-50.92897381683353
-103.0,0.00035515715310172774,245608.30952650306,339.37032439069685,0.0008955871666928559,-0.0,-0.0,0.0,0.0,0.0,0.0,-0.002148696897226655,-52.19894453124438
-102.0,0.00035142839677458404,249124.48723973625,340.614796949457,0.0008955871666928559,-0.0,-0.0,0.0,0.0,0.0,0.0,-0.0021293244472428722,-53.498712856970876
-101.0,0.0003476613522999869,252766.39152839012,341.88967483629744,0.0008955871666928559,-0.0,-0.0,0.0,0.0,0.0,0.0,-0.002109413318150252,-54.82917489111739
-100.0,0.0003438568780245862,256539.25140464344,343.19565464835796,0.0008955871666928559,-0.0,-0.0,0.0,0.0,0.0,0.0,-0.002088946134754524,-56.19125780117355
-99.0,0.0003400158671040629,260448.5663854384,344.5334531620153,0.0008955871666928559,-0.0,-0.0,0.0,0.0,0.0,0.0,-0.002067904683324057,-57.58592126528012
-98.0,0.0003361392476945803,264500.12270056555,345.9038080031524,0.0008955871666928559,-0.0,-0.0,0.0,0.0,0.0,0.0,-0.002046269860037563,-59.01415898153449
-97.0,0.0003322279830938863,268700.0106173018,347.3074783471376,0.0008955871666928559,-0.0,-0.0,0.0,0.0,0.0,0.0,-0.0020240216156691753,-60.4770002489135
-96.0,0.0003282830718307278,273054.6429671344,348.7452456497977,0.0008955871666928559,-0.0,-0.0,0.0,0.0,0.0,0.0,-0.0020011388962119583,-61.975511622380544
-95.0,0.00032430554770136846,277570.7749672556,350.21791441069695,0.0008955871666928559,-0.0,-0.0,0.0,0.0,0.0,0.0,-0.001977599579115391,-63.510798644716225
-94.0,0.0003202964797521405,282255.52543730725,351.72631297006154,0.0008955871666928559,-0.0,-0.0,0.0,0.0,0.0,0.0,-0.0019533804047844484,-65.08400765755987
-93.0,0.000316256972207104,287116.3995203535,353.27129434071225,0.0008955871666928559,-0.0,-0.0,0.0,0.0,0.0,0.0,-0.001928456902957469,-66.69632769407399
-92.0,0.00031218816434004106,292161.3130263153,354.85373707638524,0.0008955871666928559,-0.0,-0.0,0.0,0.0,0.0,0.0,-0.001902803313546736,-68.34899245553295
-91.0,0.0003080912302901619,297398.6185262107,356.47454617783507,0.0008955871666928559,-0.0,-0.0,0.0,0.0,0.0,0.0,-0.0018763925014893303,-70.04328237399311
-90.0,0.0003039673788210675,302837.1333365542,358.1346540381182,0.0008955871666928559,-0.0,-0.0,0.0,0.0,0.0,0.0,-0.0018491958651161095,-71.78052676300963
-89.0,0.00029981785302266457,308486.1695453025,359.8350214284551,0.0008955871666928559,-0.0,-0.0,0.0,0.0,0.0,0.0,-0.0018211832375031965,-73.56210605812277
-88.0,0.0002956439299559081,314355.5662438443,361.57663852605646,0.0008955871666928559,-0.0,-0.0,0.0,0.0,0.0,0.0,-0.0017923227802228807,-75.38945414852945
-87.0,0.00029144692024039636,320455.7241438686,363.36052598527647,0.0008955871666928559,-0.0,-0.0,0.0,0.0,0.0,0.0,-0.0017625808688588416,-77.26406080097898
-86.0,0.0002872281675850277,326797.642773569,365.1877360534208,0.0008955871666928559,-0.0,-0.0,0.0,0.0,0.0,0.0,-0.001731921969593774,-79.18747417646158
-85.0,0.0002829890482620765,333392.9604647292,367.05935373248406,0.0008955871666928559,-0.0,-0.0,0.0,0.0,0.0,0.0,-0.0017003085061152944,-81.16130343969458
-84.0,0.0002787309705252279,340253.99736086506,368.976497988023,0.0008955871666928559,-0.0,-0.0,0.0,0.0,0.0,0.0,-0.0016677007160179208,-83.18722146071804
-83.0,0.00027445537397225795,347393.8016969633,370.9403230062785,0.0008955871666928559,-0.0,-0.0,0.0,0.0,0.0,0.0,-0.0016340564958044889,-85.26696760708538
-82.0,0.00027016372885321793,354826.19962357683,372.9520195005434,0.0008955871666928559,-0.0,-0.0,0.0,0.0,0.0,0.0,-0.0015993312335088306,-87.40235062413643
-81.0,0.0002658575353251246,362565.8488723058,375.01281606762694,0.0008955871666928559,-0.0,-0.0,0.0,0.0,0.0,0.0,-0.0015634776278724317,-89.59525159965332
-80.0,0.0002615383226543198,370628.2965861713,377.1239805950849,0.0008955871666928559,-0.0,-0.0,0.0,0.0,0.0,0.0,-0.0015264454929102477,-91.8476270077814
-79.0,0.0002572076483677959,379030.04166729754,379.28682171966284,0.0008955871666928559,-0.0,-0.0,0.0,0.0,0.0,0.0,-0.0014881815465942235,-94.16151182541718
-78.0,0.0002528670973549309,387788.6020258331,381.50269033713295,0.0008955871666928559,-0.0,-0.0,0.0,0.0,0.0,0.0,-0.001448629182266469,-96.5390227122704
-77.0,0.0002485182809212005,396922.58714842016,383.7729811633803,0.0008955871666928559,-0.0,-0.0,0.0,0.0,0.0,0.0,-0.001407728221266708,-98.98236124345446
-76.0,0.00024416283579555925,406451.7764419683,386.09913434620853,0.0008955871666928559,-0.0,-0.0,0.0,0.0,0.0,0.0,-0.0013654146451194608,-101.49381718067848
-75.0,0.00023980242309329993,416397.2038492634,388.4826371268743,0.0008955871666928559,-0.0,-0.0,0.0,0.0,0.0,0.0,-0.0013216203054746702,-104.07577176484108
-74.0,0.00023543872723630127,426781.2492773047,390.92502554981223,0.0008955871666928559,-0.0,-0.0,0.0,0.0,0.0,0.0,-0.0012762726098299738,-106.73070100897641
-73.0,0.00023107345483267151,437627.7374274598,393.42788621836644,0.0008955871666928559,-0.0,-0.0,0.0,0.0,0.0,0.0,-0.0012292941808825807,-109.46117896597904
-72.0,0.00022670833351788448,448962.0446688316,395.99285809358173,0.0008955871666928559,-0.0,-0.0,0.0,0.0,0.0,0.0,-0.0011806024871626524,-112.26988094022809
-71.0,0.00022234511075957923,460811.2146528997,398.6216343322105,0.0008955871666928559,-0.0,-0.0,0.0,0.0,0.0,0.0,-0.0011301094423871374,-115.15958660600863
-70.0,0.0002179855526282579,473204.0834287943,401.3159641590383,0.0008955871666928559,-0.0,-0.0,0.0,0.0,0.0,0.0,-0.0010777209707421855,-118.13318298834689
-69.0,0.0002136314425361818,486171.41488466336,404.07765476739854,0.0008955871666928559,-0.0,-0.0,0.0,0.0,0.0,0.0,-0.0010233365350524693,-121.19366725334596
-68.0,0.0002092845799468019,499746.04741177126,406.9085732403014,0.0008955871666928559,-0.0,-0.0,0.0,0.0,0.0,0.0,-0.0009668486245263064,-124.34414924514591
-67.0,0.00020494677905710308,513963.0527642736,409.8106484829187,0.0008955871666928559,-0.0,-0.0,0.0,0.0,0.0,0.0,-0.0009081421984755359,-127.58785369498086
-66.0,0.0002006198674552652,528859.9081691649,412.7858731551987,0.0008955871666928559,-0.0,-0.0,0.0,0.0,0.0,0.0,-0.0008470940820983545,-130.9281220142039
-65.0,0.00019630568475606183,544476.6828276201,415.83630559109355,0.0008955871666928559,-0.0,-0.0,0.0,0.0,0.0,0.0,-0.0007835723100817324,-134.36841356727467
-64.0,0.00019200608121642263,560856.2400406547,418.9640716882135,0.0008955871666928559,-0.0,-0.0,0.0,0.0,0.0,0.0,-0.0007174354134279948,-137.9123063021832
-63.0,0.00018772291633358434,578044.4562883286,422.1713667486209,0.0008955871666928559,-0.0,-0.0,0.0,0.0,0.0,0.0,-0.0006485316445389332,-141.56349659419016
-62.0,0.00018345805742824576,596090.4586919417,425.4604572478685,0.0008955871666928559,-0.0,-0.0,0.0,0.0,0.0,0.0,-0.0005766981352024562,-145.32579813359777
-61.0,0.00017921337821511998,615046.8823918661,428.8336825052001,0.0008955871666928559,-0.0,-0.0,0.0,0.0,0.0,0.0,-0.0005017599817245808,-149.20313965895693
-60.0,0.00017499075736325092,634970.1494783702,432.29345622297313,0.0008955871666928559,-0.0,-0.0,0.0,0.0,0.0,0.0,-0.00042352925103846645,-153.1995613029962
-59.0,0.00017079207704842435,655920.771217038,435.8422678577235,0.0008955871666928559,-0.0,-0.0,0.0,0.0,0.0,0.0,-0.00034180390120904983,-157.31920927886085
-58.0,0.00016661922149996714,677963.6754114451,439.4826837787666,0.0008955871666928559,-0.0,-0.0,0.0,0.0,0.0,0.0,-0.0002563666093462228,-161.56632858809203
-57.0,0.00016247407554417223,701168.5608400448,443.21734816266064,0.0008955871666928559,-0.0,-0.0,0.0,0.0,0.0,0.0,-0.0001669834995543375,-165.94525337814997
-56.0,0.0001583585231465353,725610.2807868766,447.04898356310696,0.0008955871666928559,-0.0,-0.0,0.0,0.0,0.0,0.0,-7.340276319818726e-05,-170.4603945150226
-55.0,0.00015427444595493404,751369.2577505012,450.98039108573647,0.0008955871666928559,-0.0,-0.0,0.0,0.0,0.0,0.0,2.4646836521950644e-05,-175.11622386423272
-54.0,0.0001502237218458074,778531.9314544273,455.0144500855303,0.0008955871666928559,-0.0,-0.0,0.0,0.0,0.0,0.0,0.00012745758389180875,-179.91725468987775
-53.0,0.00014620822347532998,807191.2422847004,459.15411729111287,0.0008955871666928559,-0.0,-0.0,0.0,0.0,0.0,0.0,0.00023534456217789084,-184.86801748447286
-52.0,0.0001422298168375027,837447.1522330132,463.40242524456596,0.0008955871666928559,-0.0,-0.0,0.0,0.0,0.0,0.0,0.00034864754546777874,-189.97303043043112
-51.0,0.00013829035983100094,869407.2053097435,467.7624799274482,0.0008955871666928559,-0.0,-0.0,0.0,0.0,0.0,0.0,0.0004677330386867219,-195.23676356485723
-50.0,0.00013439170083655172,903187.1291892059,472.23745742301975,0.0008955871666928559,-0.0,-0.0,0.0,0.0,0.0,0.0,0.0005929964729644147,-200.66359557058638
-49.0,0.00013053567730652107,938911.4795323502,476.83059944089274,0.0008955871666928559,-0.0,-0.0,0.0,0.0,0.0,0.0,0.0007248645624554247,-206.25776194551935
-48.0,0.00012672411436831976,976714.3279661625,481.5452075030302,0.0008955871666928559,-0.0,-0.0,0.0,0.0,0.0,0.0,0.0008637978271091579,-212.0232931064901
-47.0,0.00012295882344314657,1016739.994042154,486.38463555872914,0.0008955871666928559,-0.0,-0.0,0.0,0.0,0.0,0.0,0.001010293283586291,-217.96394076028335
-46.0,0.00011924160088150943,1059143.8205960426,491.3522807604474,0.0008955871666928559,-0.0,-0.0,0.0,0.0,0.0,0.0,0.001164887303336602,-224.08309062001155
-45.0,0.00011557422661687795,1104092.9907223391,496.45157209151284,0.0008955871666928559,-0.0,-0.0,0.0,0.0,0.0,0.0,0.0013281586325507278,-230.3836592570052
-44.0,0.00011195846283874186,1151767.3829811553,501.68595649031306,0.0008955871666928559,-0.0,-0.0,0.0,0.0,0.0,0.0,0.0015007315629833283,-236.86797255405332
-43.0,0.00010839605268626174,1202360.4593724927,507.05888206290695,0.0008955871666928559,-0.0,-0.0,0.0,0.0,0.0,0.0,0.001683279235159599,-243.53762286325065
-42.0,0.00010488871896362415,1256080.1779262538,512.5737779165281,0.0008955871666928559,-0.0,-0.0,0.0,0.0,0.0,0.0,0.0018765270457847775,-250.39330156980648
-41.0,0.00010143816287812954,1313149.9183202116,518.2340300796074,0.0008955871666928559,-0.0,-0.0,0.0,0.0,0.0,0.0,0.0020812561187501105,-257.4346033225442
-40.0,9.804606280196238e-05,1373809.404579782,524.0429528992419,0.0008955871666928559,-0.0,-0.0,0.0,0.0,0.0,0.0,0.00229830678333524,-264.6597977153861
-39.0,9.471407305852101e-05,1438315.6034261915,530.0037552241458,0.0008955871666928559,-0.0,-0.0,0.0,0.0,0.0,0.0,0.002528581983292805,-272.0655636983047
-38.0,9.144382273410679e-05,1506943.5699803843,536.1195005899248,0.0008955871666928559,-0.0,-0.0,0.0,0.0,0.0,0.0,0.00277305051557986,-279.64668147242173
-37.0,8.823691451570465e-05,1579987.204015524,542.3930605242703,0.0008955871666928559,-0.0,-0.0,0.0,0.0,0.0,0.0,0.0030327499665429337,-287.395676100368
-36.0,8.509492355551505e-05,1657759.869457561,548.8270599831453,0.0008955871666928559,-0.0,-0.0,0.0,0.0,0.0,0.0,0.0033087891751947046,-295.30240656733827
-35.0,8.201939636283341e-05,1740594.8169981854,555.4238138167154,0.0008955871666928559,-0.0,-0.0,0.0,0.0,0.0,0.0,0.0036023500065285492,-303.3535936007094
-34.0,7.901184972380982e-05,1828845.334113199,562.185253048204,0.0008955871666928559,-0.0,-0.0,0.0,0.0,0.0,0.0,0.003914688161182688,-311.5322792535687
-33.0,7.607376964956374e-05,1922884.5280604828,569.1128396338979,0.0008955871666928559,-0.0,-0.0,0.0,0.0,0.0,0.0,0.0042471326797157115,-319.8172111586207
-32.0,7.320661035306476e-05,2023104.625163727,576.2074682639453,0.0008955871666928559,-0.0,-0.0,0.0,0.0,0.0,0.0,0.004601083718865697,-328.18214457016643
-31.0,7.041179325514878e-05,2129915.643521315,583.4693536695036,0.0008955871666928559,-0.0,-0.0,0.0,0.0,0.0,0.0,0.004978008082219087,-336.59505597430285
-30.0,6.769070601997463e-05,2243743.2659856495,590.8979018334561,0.0008955871666928559,-0.0,-0.0,0.0,0.0,0.0,0.0,0.005379431877953058,-345.0172633454554
-29.0,6.504470162019002e-05,2365025.7058243374,598.4915634744767,0.0008955871666928559,-0.0,-0.0,0.0,0.0,0.0,0.0,0.005806929551791882,-353.40245029583787
-28.0,6.247509743202495e-05,2494209.3192496006,606.2476682076757,0.0008955871666928559,-0.0,-0.0,0.0,0.0,0.0,0.0,0.006262108405423232,-361.69559469775373
-27.0,5.998317436049306e-05,2631742.677886913,614.1622379052837,0.0008955871666928559,-0.0,-0.0,0.0,0.0,0.0,0.0,0.006746587562780744,-369.8318072155059
-26.0,5.757017599484268e-05,2778068.7719635568,622.2297780205316,0.0008955871666928559,-0.0,-0.0,0.0,0.0,0.0,0.0,0.007261970195217982,-377.7350919884778
-25.0,5.523730779436217e-05,2933614.9743965203,630.4430460375552,0.0008955871666928559,-0.0,-0.0,0.0,0.0,0.0,0.0,0.007809807672257043,-385.3170509421187
-24.0,5.2985736304617275e-05,3098780.361471762,638.7927968185312,0.0008955871666928559,-0.0,-0.0,0.0,0.0,0.0,0.0,0.008391554183515922,-392.4755653876456
-23.0,5.081658840416568e-05,3273919.963900562,647.2675054931792,0.0008955871666928559,-0.0,-0.0,0.0,0.0,0.0,0.0,0.00900851030316378,-399.09350421550795
-22.0,4.873095058176784e-05,3459325.5217334414,655.8530697388381,0.0008955871666928559,-0.0,-0.0,0.0,0.0,0.0,0.0,0.009661753973495795,-405.0375275202835
-21.0,4.672986824409397e-05,3655202.349953722,664.5324948987127,0.0008955871666928559,-0.0,-0.0,0.0,0.0,0.0,0.0,0.01035205751234644,-410.15707814252414
-20.0,4.4814345053900256e-05,3861642.003934307,673.2855674464453,0.0008955871666928559,-0.0,-0.0,0.0,0.0,0.0,0.0,0.011079789555112638,-414.2836812279199
-19.0,4.298534229863812e-05,4078590.583940513,682.088524879967,0.0008955871666928559,-0.0,-0.0,0.0,0.0,0.0,0.0,0.011844801392356961,-417.2307027242781
-18.0,4.1243778289434146e-05,4305812.756605564,690.9137332436544,0.0008955871666928559,-0.0,-0.0,0.0,0.0,0.0,0.0,0.012646298032762932,-418.7937500841662
-17.0,3.959052779037575e-05,4542851.920533532,699.7293871164936,0.0008955871666928559,-0.0,-0.0,0.0,0.0,0.0,0.0,0.013482695584450324,-418.7519293665348
-16.0,3.802642147802002e-05,4788987.4218791155,708.4992509753879,0.0008955871666928559,-0.0,-0.0,0.0,0.0,0.0,0.0,0.0143514682701854,-416.8701978548567
-15.0,3.655224543103716e-05,5043190.344717897,717.1824651557225,0.0008955871666928559,-0.0,-0.0,0.0,0.0,0.0,0.0,0.01524899060830385,-412.90306374006815
-14.0,3.516874064989377e-05,5304080.155205497,725.7334438612189,0.0008955871666928559,-0.0,-0.0,0.0,0.0,0.0,0.0,0.016170382978051075,-406.59987588718366
-13.0,3.3876602606472614e-05,5569885.33728393,734.1018963360291,0.0008955871666928559,-0.0,-0.0,0.0,0.0,0.0,0.0,0.017109371830615925,-397.7119071289524
-12.0,3.2676480823530856e-05,5838412.054056854,742.2330047422836,0.0008955871666928559,-0.0,-0.0,0.0,0.0,0.0,0.0,0.018058178961622016,-386.001353216846
-11.0,3.156897848388724e-05,6107025.690271178,750.0677926610288,0.0008955871666928559,-0.0,-0.0,0.0,0.0,0.0,0.0,0.019007457123082525,-371.25223711582055
-10.0,3.055465206923584e-05,6372650.715174736,757.5437155205497,0.0008955871666928559,-0.0,-0.0,0.0,0.0,0.0,0.0,0.01994629124595228,-353.28301956887015
-9.0,2.9634011028485286e-05,6631794.44564362,764.5954977246649,0.0008955871666928559,-0.0,-0.0,0.0,0.0,1.0007734012039813,0.0,0.020862284944266975,-331.96047457606034
-8.0,2.880751747552201e-05,6880599.76060012,771.1562300580836,0.0008955871666928559,-0.0,-0.0,0.0,0.0,0.9948696551941358,0.0,0.021741749989376735,-307.2141074584933
-7.0,2.8075585916303185e-05,7114930.415472981,777.1587247581236,0.0008955871666928559,-0.0,-0.0,0.0,0.0,0.988797928403531,0.0,0.02257001137632284,-279.05010355659925
-6.0,2.743858300518977e-05,7330490.210486844,782.5371048154601,0.0008955871666928559,-0.0,-0.0,0.0,0.0,0.9825592459053162,0.0,0.023331832057492254,-247.56354326846844
-5.0,2.6896827330435498e-05,7522973.916398944,787.2285798666492,0.0008955871666928559,-0.0,-0.0,0.0,0.0,0.9761546609567281,0.0,0.024011949549686343,-212.94746217898216
-4.0,2.645058922875628e-05,7688243.81298194,791.1753357583635,0.0008955871666928559,-0.0,-0.0,0.0,0.0,0.9695852548213114,0.0,0.024595702356496406,-175.4973344549785
-3.0,2.610009062891243e-05,7902624.982343006,802.4604369910708,0.0008955871666928559,-0.0,-0.0,0.0,0.0,0.9628521365861904,41.735279582607824,0.025727373460067204,-136.9984224550208
-2.0,2.5845504924240674e-05,8482648.033702053,852.9561600380513,0.0008955871666928559,-0.0,-0.0,0.0,0.0,0.9559564429752184,41.4913210059708,0.030061793028229748,-100.40375383096708
-1.0,2.5686956874091506e-05,9021054.861324754,901.530080705939,0.0008955871666928559,-0.0,-0.0,0.0,0.0,0.9488993381567742,41.23997484077822,0.034296225229547304,-57.113856629668035
0.0,2.5624522534125138e-05,9510954.043245796,948.178506825176,0.0008955871666928559,-0.0,-0.0,0.0,0.0,0.9416819911372593,41.279838782248504,0.038382229228163554,-7.827655936081857
1.0,2.5658229215438538e-05,9956522.947691236,993.9044180717324,0.0008955871666928559,-0.0,-0.0,0.0,0.0,0.93430561603677,42.79335474193364,0.04236418803810369,46.64940803403653
2.0,2.5788055472503243e-05,10365762.000678971,1039.9921721251267,0.0008955871666928559,-0.0,-0.0,0.0,0.0,0.9267714866595853,45.06063746522396,0.04632079313311773,105.63760265248023
3.0,2.601393111990201e-05,10732010.468250893,1086.1687788056458,0.0008955871666928559,-0.0,-0.0,0.0,0.0,0.9190808749436056,46.18605678275643,0.05019788832904333,168.3991477039956
4.0,2.63357372778669e-05,11031877.678056005,1130.3297553631485,0.0008955871666928559,-0.0,-0.0,0.0,0.0,0.9112350792420152,44.87711478892053,0.05377671361873513,233.6923933033829
5.0,2.675330644662554e-05,11244372.564008197,1170.369330437184,0.0008955871666928559,-0.0,-0.0,0.0,0.0,0.9032353055708584,42.184377028506326,0.056840602724474984,299.8251774165798
6.0,2.726642260958275e-05,11369673.81307082,1206.1085843222843,0.0008955871666928559,-0.0,-0.0,0.0,0.0,0.8950829656570422,40.09310783619794,0.059357341671060423,365.32798481799324
7.0,2.787482136536183e-05,11422385.183719091,1238.7370739656135,0.0008955871666928559,-0.0,-0.0,0.0,0.0,0.8867794955246163,39.12215938526865,0.06142986817818836,429.2827645345945
8.0,2.8578190088749296e-05,11415230.921905901,1269.1988313539248,0.0008955871666928559,-0.0,-0.0,0.0,0.0,0.8783262970683738,38.66999106859949,0.0631457549332798,491.01576016817063
9.0,2.9376168120592705e-05,11356636.989601564,1297.941535374335,0.0008955871666928559,-0.0,-0.0,0.0,0.0,0.8697247974585922,38.351113710678746,0.0645521619161643,549.9287556694275
10.0,3.0268346986707978e-05,11252384.816946473,1325.084340180382,0.0008955871666928559,-0.0,-0.0,0.0,0.0,0.8609764489002963,38.0257608542031,0.06567042724994569,605.471195169651
11.0,3.125427064586234e-05,11108303.078238498,1350.726220808395,0.0008955871666928559,-0.0,-0.0,0.0,0.0,0.8520827283878519,37.69398742731187,0.06652304696675909,657.2279404684938
12.0,3.2333435766907385e-05,10930251.278790638,1374.9668991914425,0.0008955871666928559,-0.0,-0.0,0.0,0.0,0.8430451374558804,37.355849442016556,0.06713453849721122,704.9191334744244
13.0,3.350529203513877e-05,10723930.11235455,1397.9048903623523,0.0008955871666928559,-0.0,-0.0,0.0,0.0,0.8338652019258359,37.01140398474697,0.06753035096657452,748.3871004903096
14.0,3.476924248796839e-05,10494735.709227214,1419.6359105462402,0.0008955871666928559,-0.0,-0.0,0.0,0.0,0.8245444716482213,36.66070920670807,0.06773595209588125,787.5802256383913
15.0,3.6124643879996834e-05,10247656.58475013,1440.2516421927169,0.0008955871666928559,-0.0,-0.0,0.0,0.0,0.8150845202411925,36.303824314077346,0.06777610357061574,822.5354537869755
16.0,3.757080707757773e-05,9987209.165148059,1459.8388311339481,0.0008955871666928559,-0.0,-0.0,0.0,0.0,0.8054869448249107,35.94080267675885,0.0676743199307188,853.3607616895081
17.0,3.91069974829643e-05,9717406.088625107,1478.4786829341965,0.0008955871666928559,-0.0,-0.0,0.0,0.0,0.7957533657519156,35.571711787191965,0.06745249484188255,880.2185840992347
18.0,4.073243548813441e-05,9441750.755836083,1496.2465140111115,0.0008955871666928559,-0.0,-0.0,0.0,0.0,0.7858854263335521,35.1966148295333,0.06713067147597669,903.3108412368026
19.0,4.244629695838192e-05,9163251.683289353,1513.2116108193045,0.0008955871666928559,-0.0,-0.0,0.0,0.0,0.7758847925626902,34.81557513083477,0.06672693095238709,922.8659231291788
20.0,4.424771374576418e-05,8884450.826138813,1529.4372569578884,0.0008955871666928559,-0.0,-0.0,0.0,0.0,0.7657531528326085,34.42865688935931,0.06625737332742301,939.1277601845467
21.0,4.613577423248889e-05,8607460.862741087,1544.9808879372376,0.0008955871666928559,-0.0,-0.0,0.0,0.0,0.7554922176517526,34.035924499941935,0.06573616736055769,952.3469407422014
22.0,4.810952390431432e-05,8334007.393523606,1559.8943392495928,0.0008955871666928559,-0.0,-0.0,0.0,0.0,0.7451037193552654,33.637445319991706,0.06517564847861845,962.7737270556232
23.0,5.0167965954033614e-05,8065472.935617231,1574.2241580414711,0.0008955871666928559,-0.0,-0.0,0.0,0.0,0.734589411812346,33.23328662522436,0.06458644784140864,970.6527574481648
24.0,5.231006191509718e-05,7802940.436412628,1588.011954103607,0.0008955871666928559,-0.0,-0.0,0.0,0.0,0.7239510701304833,32.82351665010212,0.06397763893663264,976.2191946524566
25.0,5.453473232541654e-05,7547234.745051229,1601.2947715036667,0.0008955871666928559,-0.0,-0.0,0.0,0.0,0.7131904903555742,32.40820457633404,0.06335689139821755,979.6960780739802
26.0,5.684085742137937e-05,7298961.051827734,1614.105465973245,0.0008955871666928559,-0.0,-0.0,0.0,0.0,0.7023094891690093,31.987420521179523,0.0627306244857558,981.2926509562011
27.0,5.9227277862082695e-05,7058539.7495474,1626.4730770728754,0.0008955871666928559,-0.0,-0.0,0.0,0.0,0.6913099035806702,31.561235525629424,0.062104154979772806,981.203456525074
28.0,6.169279548377566e-05,6826237.498198581,1638.4231872795062,0.0008955871666928559,-0.0,-0.0,0.0,0.0,0.6801935698041531,31.129721542403097,0.06148183608312056,979.6080245396977
29.0,6.423617408447668e-05,6602194.5050132545,1649.9782626644812,0.0008955871666928559,-0.0,-0.0,0.0,0.0,0.6689623808358932,30.692951423806274,0.0608671853299957,976.6709979058377
30.0,6.685614023870624e-05,6386448.178124285,1661.157969870058,0.0008955871666928559,-0.0,-0.0,0.0,0.0,0.6576182389002304,30.25099890944032,0.060263000437420444,972.5425747841948
31.0,6.955138414224592e-05,6178953.439643037,1671.9794739600468,0.0008955871666928559,-0.0,-0.0,0.0,0.0,0.6461630591656078,29.803938613748443,0.059671463282199064,967.3591709154468
32.0,7.232056048680309e-05,5979599.98358075,1682.4577106307975,0.0008955871666928559,-0.0,-0.0,0.0,0.0,0.0,29.3518460134231,0.05909423195082372,961.2442207685566
33.0,7.51622893644285e-05,5788226.806467511,1692.605631677334,0.0008955871666928559,-0.0,-0.0,0.0,0.0,0.0,28.894797434665406,0.0585325214481394,954.3090569698395
34.0,7.807515720149345e-05,5604634.356234791,1702.4344287786616,0.0008955871666928559,-0.0,-0.0,0.0,0.0,0.0,28.432870040302127,0.05798717416003764,946.6538255132507
35.0,8.105771772199214e-05,5428594.604549384,1711.953734637462,0.0008955871666928559,-0.0,-0.0,0.0,0.0,0.0,27.96614181676541,0.05745872088238588,938.3684024898643
36.0,8.410849293989588e-05,5259859.338708283,1721.171804720379,0.0008955871666928559,-0.0,-0.0,0.0,0.0,0.0,27.49469156092564,0.056947433483367414,929.533289891475
37.0,8.72259741802329e-05,5098166.927208211,1730.0956786679537,0.0008955871666928559,-0.0,-0.0,0.0,0.0,0.0,27.018598866787535,0.056453370009961305,920.2204730913415
38.0,9.04086231285233e-05,4943250.433611194,1738.7322516346524,0.0008955871666928559,-0.0,-0.0,0.0,0.0,0.0,26.544883629448684,0.055976460956128564,910.4947160890741
39.0,9.365487290813775e-05,4746833.689855806,1729.595857394652,0.0008955871666928559,-0.0,-0.0,0.0,0.0,0.0,0.0,0.05463023499572795,891.3989725197099
40.0,9.696312918510599e-05,4551829.722849188,1717.1287965472327,0.0008955871666928559,-0.0,-0.0,0.0,0.0,0.0,0.0,0.05317601036890486,870.7406627805877
41.0,0.00010033177129982498,4367621.0837675575,1704.8794456335145,0.0008955871666928559,-0.0,-0.0,0.0,0.0,0.0,0.0,0.05179238988639504,850.4089599724952
42.0,0.0001037591534250684,4193543.9782521967,1692.8476036207323,0.0008955871666928559,-0.0,-0.0,0.0,0.0,0.0,0.0,0.05047545906340128,830.4287602000006
43.0,0.0001072436057496295,4028974.152277421,1681.0325784470529,0.0008955871666928559,-0.0,-0.0,0.0,0.0,0.0,0.0,0.049221506324341746,810.8194934612034
44.0,0.00011078343568685943,3873325.4453633735,1669.433253859964,0.0008955871666928559,-0.0,-0.0,0.0,0.0,0.0,0.0,0.04802701933857986,791.5958948813665
45.0,0.0001143769291072981,3726048.1644207025,1658.0481487019606,0.0008955871666928559,-0.0,-0.0,0.0,0.0,0.0,0.0,0.04688867971083692,772.7686795252461
46.0,0.00011802235159451732,3586627.346309525,1646.8754694227455,0.0008955871666928559,-0.0,-0.0,0.0,0.0,0.0,0.0,0.04580335648139494,754.3451315727141
47.0,0.00012171794972322655,3454580.9621755546,1635.9131565291384,0.0008955871666928559,-0.0,-0.0,0.0,0.0,0.0,0.0,0.04476809880138007,736.3296177187117
48.0,0.0001254619523586127,3329458.104422595,1625.1589256186742,0.0008955871666928559,-0.0,-0.0,0.0,0.0,0.0,0.0,0.04378012807408609,718.7240337338342
49.0,0.00012925257197580467,3210837.1873223805,1614.610303581311,0.0008955871666928559,-0.0,-0.0,0.0,0.0,0.0,0.0,0.04283682979209388,701.5281922256031
50.0,0.00013308800599828142,3098324.1843457953,1604.2646604962142,0.0008955871666928559,-0.0,-0.0,0.0,0.0,0.0,0.0,0.041935745249791045,684.7401587915458
51.0,0.00013696643815395328,2991550.918981142,1594.1192376974607,0.0008955871666928559,-0.0,-0.0,0.0,0.0,0.0,0.0,0.04107456327000144,668.3565429648484
52.0,0.00014088603984757436,2890173.420795093,1584.1711724337458,0.0008955871666928559,-0.0,-0.0,0.0,0.0,0.0,0.0,0.04025111205024237,652.3727496268824
53.0,0.00014484497154805342,2793870.354549158,1574.4175195026874,0.0008955871666928559,-0.0,-0.0,0.0,0.0,0.0,0.0,0.03946335120732888,636.7831959001091
54.0,0.00014884138418915757,2702341.5271068597,1564.8552701999333,0.0008955871666928559,-0.0,-0.0,0.0,0.0,0.0,0.0,0.03870936407751967,621.5814979385068
55.0,0.00015287342058201684,2615306.4744886905,1555.4813688867537,0.0008955871666928559,-0.0,-0.0,0.0,0.0,0.0,0.0,0.03798735031221323,606.7606314981156
56.0,0.0001569392168377643,2532503.129615876,1546.2927274468868,0.0008955871666928559,-0.0,-0.0,0.0,0.0,0.0,0.0,0.037295618795574484,592.3130696936079
57.0,0.00016103690379855909,2453686.569918301,1537.2862378738316,0.0008955871666928559,-0.0,-0.0,0.0,0.0,0.0,0.0,0.036632580899744076,578.2309009236457
58.0,0.0001651646084751763,2378627.8429743927,1528.4587832032562,0.0008955871666928559,-0.0,-0.0,0.0,0.0,0.0,0.0,0.03599674408491905,564.5059295734416
59.0,0.0001693204554892618,2307112.867627677,1519.807246981463,0.0008955871666928559,-0.0,-0.0,0.0,0.0,0.0,0.0,0.03538670584514314,551.1297617728948
60.0,0.00017350256851829052,2238941.4075248325,1511.3285214396517,0.0008955871666928559,-0.0,-0.0,0.0,0.0,0.0,0.0,0.03480114799574037,538.0938781982744
61.0,0.00017770907174119107,2173926.1136953486,1503.0195145247983,0.0008955871666928559,-0.0,-0.0,0.0,0.0,0.0,0.0,0.034238831294664956,525.3896956505814
62.0,0.000181938091282546,2111891.6326034553,1494.87715592112,0.0008955871666928559,-0.0,-0.0,0.0,0.0,0.0,0.0,0.03369859038737331,513.0086189203583
63.0,0.00018618775665320882,2052673.7760178845,1486.8984021810727,0.0008955871666928559,-0.0,-0.0,0.0,0.0,0.0,0.0,0.03317932906294895,500.942084253345
64.0,0.0001904562021851402,1996118.7490384397,1479.08024107148,0.0008955871666928559,-0.0,-0.0,0.0,0.0,0.0,0.0,0.032680015807962565,489.18159556056884
65.0,0.00019474156845820294,1942082.43267101,1471.419695228509,0.0008955871666928559,-0.0,-0.0,0.0,0.0,0.0,0.0,0.03219967964379327,477.71875436744244
66.0,0.00019904200371662973,1890429.7174378515,1463.9138252046505,0.0008955871666928559,-0.0,-0.0,0.0,0.0,0.0,0.0,0.031737406232763186,466.54528436635894
67.0,0.00020335566527283742,1841033.8846358822,1456.5597319814835,0.0008955871666928559,-0.0,-0.0,0.0,0.0,0.0,0.0,0.03129233423835985,455.65305132397066
68.0,0.00020768072089623303,1793776.0320021978,1449.3545590136641,0.0008955871666928559,-0.0,-0.0,0.0,0.0,0.0,0.0,0.030863651924967074,445.0340789956019
69.0,0.00021201535018464617,1748544.5407053963,1442.295493862179,0.0008955871666928559,-0.0,-0.0,0.0,0.0,0.0,0.0,0.030450593982838524,434.6805616132705
70.0,0.00021635774591600613,1705234.5807479552,1435.379769468332,0.0008955871666928559,-0.0,-0.0,0.0,0.0,0.0,0.0,0.03005243856448494,424.58487343898685
71.0,0.00022070611537788507,1663747.6520340738,1428.6046651140857,0.0008955871666928559,-0.0,-0.0,0.0,0.0,0.0,0.0,0.029668504519167235,414.7395758098844
72.0,0.00022505868167253178,1623991.1585259351,1421.9675071092038,0.0008955871666928559,-0.0,-0.0,0.0,0.0,0.0,0.0,0.029298148812768748,405.13742204512835
73.0,0.00022941368499504423,1585878.0130765375,1415.4656692410247,0.0008955871666928559,-0.0,-0.0,0.0,0.0,0.0,0.0,0.028940764120934086,395.77136053528005
74.0,0.00023376938388234902,1549326.2706875373,1409.0965730186128,0.0008955871666928559,-0.0,-0.0,0.0,0.0,0.0,0.0,0.028595776583995872,386.63453629199296
75.0,0.00023812405643069598,1514258.7880944454,1402.8576877393944,0.0008955871666928559,-0.0,-0.0,0.0,0.0,0.0,0.0,0.02826264371284801,377.72029119868114
76.0,0.00024247600147942112,1480602.9077283614,1396.746530403154,0.0008955871666928559,-0.0,-0.0,0.0,0.0,0.0,0.0,0.027940852435555958,369.0221631704388
77.0,0.00024682353975878863,1448290.1642426318,1390.7606654954022,0.0008955871666928559,-0.0,-0.0,0.0,0.0,0.0,0.0,0.02762991727511379,360.5338844033649
78.0,0.000251165014999784,1417256.0119241693,1384.897704659564,0.0008955871666928559,-0.0,-0.0,0.0,0.0,0.0,0.0,0.027329378649356945,352.2493788690035
79.0,0.0002554987950038119,1387439.5714325737,1379.1553062751768,0.0008955871666928559,-0.0,-0.0,0.0,0.0,0.0,0.0,0.027038801284617428,344.16275918836095
80.0,0.0002598232726703314,1358783.3944257882,1373.5311749572645,0.0008955871666928559,-0.0,-0.0,0.0,0.0,0.0,0.0,0.0267577727352597,336.268323001505
81.0,0.0002641368669805616,1331233.244738934,1368.0230609902546,0.0008955871666928559,-0.0,-0.0,0.0,0.0,0.0,0.0,0.02648590200176053,328.56054893271136
82.0,0.00026843802393548594,1304737.8948835577,1362.6287597082169,0.0008955871666928559,-0.0,-0.0,0.0,0.0,0.0,0.0,0.026222818240493082,321.0340922371897
83.0,0.0002727252174465062,1279248.9367279424,1357.3461108317717,0.0008955871666928559,-0.0,-0.0,0.0,0.0,0.0,0.0,0.025968169558844508,313.6837802033078
84.0,0.0002769969501772043,1254720.6053059779,1352.1729977707553,0.0008955871666928559,-0.0,-0.0,0.0,0.0,0.0,0.0,0.025721621889738016,306.50460737373356
85.0,0.0002812517543348095,1231109.6147824214,1347.1073469005996,0.0008955871666928559,-0.0,-0.0,0.0,0.0,0.0,0.0,0.025482857940043725,299.49173063976474
86.0,0.0002854881924100948,1208375.0056768714,1342.1471268193839,0.0008955871666928559,-0.0,-0.0,0.0,0.0,0.0,0.0,0.02525157620775113,292.6404642551985
87.0,0.0002897048578645712,1186478.00251758,1337.2903475916185,0.0008955871666928559,-0.0,-0.0,0.0,0.0,0.0,0.0,0.025027490063137793,285.94627480920207
88.0,0.0002939003757639934,1165381.8811598434,1332.535059984029,0.0008955871666928559,-0.0,-0.0,0.0,0.0,0.0,0.0,0.024810326889507375,279.4047761916698
89.0,0.00029807340335734307,1145051.8450624149,1327.8793546978995,0.0008955871666928559,-0.0,-0.0,0.0,0.0,0.0,0.0,0.024599827279384756,273.01172457936275
90.0,0.00030222263060060824,1125454.9098695917,1323.3213616019016,0.0008955871666928559,-0.0,-0.0,0.0,0.0,0.0,0.0,0.02439574428235001,266.76301346662996
91.0,0.0003063467806248404,1106559.795696574,1318.8592489687776,0.0008955871666928559,-0.0,-0.0,0.0,0.0,0.0,0.0,0.024197842700964742,260.6546687605963
92.0,0.00031044461014812636,1088336.826561803,1314.4912227187467,0.0008955871666928559,-0.0,-0.0,0.0,0.0,0.0,0.0,0.024005898431498786,254.68284395732607
93.0,0.00031451490983127884,1070757.8364524294,1310.2155256720562,0.0008955871666928559,-0.0,-0.0,0.0,0.0,0.0,0.0,0.02381969784639963,248.84381541252617
94.0,0.00031855650457720755,1053796.0815482305,1306.0304368127115,0.0008955871666928559,-0.0,-0.0,0.0,0.0,0.0,0.0,0.023639037215666063,243.1339777178152
95.0,0.00032256825377410147,1037426.1581653281,1301.934270565064,0.0008955871666928559,-0.0,-0.0,0.0,0.0,0.0,0.0,0.023463722164489473,237.54983919137499
96.0,0.0003265490514827042,1021623.926014325,1297.9253760846275,0.0008955871666928559,-0.0,-0.0,0.0,0.0,0.0,0.0,0.02329356716471472,232.08801748990066
97.0,0.00033049782656813454,1006366.4363980528,1294.0021365642217,0.0008955871666928559,-0.0,-0.0,0.0,0.0,0.0,0.0,0.02312839505784597,226.7452353471088
98.0,0.00033441354277684835,991631.8650023685,1290.1629685562966,0.0008955871666928559,-0.0,-0.0,0.0,0.0,0.0,0.0,0.022968036607485084,221.51831644264212
99.0,0.0003382951987594999,977399.4489593926,1286.406321312078,0.0008955871666928559,-0.0,-0.0,0.0,0.0,0.0,0.0,0.022812330079238684,216.40418140397495
100.0,0.00034214182804059786,963649.4278865727,1282.7306761379891,0.0008955871666928559,-0.0,-0.0,0.0,0.0,0.0,0.0,0.022661120846269967,211.3998439428671
101.0,0.00034595249893600293,950362.988626982,1279.134545769637,0.0008955871666928559,-0.0,-0.0,0.0,0.0,0.0,0.0,0.022514261018798387,206.50240712699414
102.0,0.00034972631441943723,937522.213436666,1275.6164737635092,0.0008955871666928559,-0.0,-0.0,0.0,0.0,0.0,0.0,0.02237160909597059,201.709059786605
103.0,0.00035346241193931585,925110.0313835614,1272.1750339064026,0.0008955871666928559,-0.0,-0.0,0.0,0.0,0.0,0.0,0.02223302963863538,197.01707305538076
104.0,0.0003571599631873223,913110.1727398471,1268.8088296424964,0.0008955871666928559,-0.0,-0.0,0.0,0.0,0.0,0.0,0.022098392961658306,192.42379704409657
105.0,0.0003608181738202664,901507.1261655334,1265.5164935178927,0.0008955871666928559,-0.0,-0.0,0.0,0.0,0.0,0.0,0.021967574844506055,187.9266576452024
106.0,0.0003644362831368673,890286.0984958189,1262.2966866423656,0.0008955871666928559,-0.0,-0.0,0.0,0.0,0.0,0.0,0.021840456258918447,183.52315346602225
107.0,0.0003680135637111987,879432.9769583398,1259.148098167995,0.0008955871666928559,-0.0,-0.0,0.0,0.0,0.0,0.0,0.02171692311256803,179.21085288792804
108.0,0.0003715493209846183,868934.2936589835,1256.0694447843086,0.0008955871666928559,-0.0,-0.0,0.0,0.0,0.0,0.0,0.02159686600768191,174.9873912485533
109.0,0.0003750428928180825,858777.1921865181,1253.0594702295073,0.0008955871666928559,-0.0,-0.0,0.0,0.0,0.0,0.0,0.021480180013671427,170.85046814387266
110.0,0.0003784936490068124,848949.3961969988,1250.1169448173125,0.0008955871666928559,-0.0,-0.0,0.0,0.0,0.0,0.0,0.021366764452879845,166.79784484678194
111.0,0.0003819009907593339,839439.1798488019,1247.2406649789527,0.0008955871666928559,-0.0,-0.0,0.0,0.0,0.0,0.0,0.02125652269861876,162.82734183865625
112.0,0.000385264350142964,830235.3399682775,1244.4294528197763,0.0008955871666928559,-0.0,-0.0,0.0,0.0,0.0,0.0,0.02114936198472017,158.93683645024632
113.0,0.0003885831894978519,821327.1698344662,1241.6821556899713,0.0008955871666928559,-0.0,-0.0,0.0,0.0,0.0,0.0,0.021045193225883108,155.12426060818163
114.0,0.00039185700082170947,812704.4344791508,1238.9976457688608,0.0008955871666928559,-0.0,-0.0,0.0,0.0,0.0,0.0,0.020943930848142066,151.38759868328958
115.0,0.00039508530512738873,804357.3474057466,1236.3748196622385,0.0008955871666928559,-0.0,-0.0,0.0,0.0,0.0,0.0,0.02084549262882973,147.72488543690054
116.0,0.00039826765177546964,796276.5486372283,1233.8125980122127,0.0008955871666928559,-0.0,-0.0,0.0,0.0,0.0,0.0,0.020749799545448082,144.13420406129114
117.0,0.00040140361778402174,788453.0840095124,1231.30992511903,0.0008955871666928559,-0.0,-0.0,0.0,0.0,0.0,0.0,0.02065677563290095,140.61368431042408
118.0,0.000404492807117699,780878.3856324354,1228.865768574358,0.0008955871666928559,-0.0,-0.0,0.0,0.0,0.0,0.0,0.020566347848577245,137.16150071715555
119.0,0.0004075348499583051,773544.2534458231,1226.479118905521,0.0008955871666928559,-0.0,-0.0,0.0,0.0,0.0,0.0,0.020478445944808035,133.77587089312252
120.0,0.0004105294019589481,766442.837803055,1224.1489892301904,0.0008955871666928559,-0.0,-0.0,0.0,0.0,0.0,0.0,0.020393002348251428,130.45505390756114
121.0,0.0004134761434838664,759566.623019131,1221.8744149210543,0.0008955871666928559,-0.0,-0.0,0.0,0.0,0.0,0.0,0.020309952045789097,127.19734874137237
122.0,0.00041637477883597565,752908.4118244796,1219.6544532800049,0.0008955871666928559,-0.0,-0.0,0.0,0.0,0.0,0.0,0.02022923247654506,124.00109281281424
123.0,0.0004192250354741336,746461.3106697005,1217.4881832214012,0.0008955871666928559,-0.0,-0.0,0.0,0.0,0.0,0.0,0.02015078342966267,120.86466057127936
124.0,0.0004220266632220811,740218.7158300821,1215.374704963986,0.0008955871666928559,-0.0,-0.0,0.0,0.0,0.0,0.0,0.020074546947499758,117.78646215570025
125.0,0.0004247794334709474,734174.300262154,1213.3131397310578,0.0008955871666928559,-0.0,-0.0,0.0,0.0,0.0,0.0,0.02000046723392346,114.76494211421546
126.0,0.00042748313837716323,728322.0011676706,1211.3026294585193,0.0008955871666928559,-0.0,-0.0,0.0,0.0,0.0,0.0,0.019928490567407163,111.79857818182633
127.0,0.00043013759005754545,722656.0082233796,1209.3423365104463,0.0008955871666928559,-0.0,-0.0,0.0,0.0,0.0,0.0,0.019858565218650905,108.88588011287436
128.0,0.000432742619783263,717170.7524376425,1207.4314434018445,0.0008955871666928559,-0.0,-0.0,0.0,0.0,0.0,0.0,0.01979064137246478,106.02538856527435
129.0,0.00043529807717431184,711860.8955975262,1205.569152528281,0.0008955871666928559,-0.0,-0.0,0.0,0.0,0.0,0.0,0.019724671053671157,103.21567403354467
130.0,0.00043780382939606085,706721.3202723399,1203.754685902105,0.0008955871666928559,-0.0,-0.0,0.0,0.0,0.0,0.0,0.019660608056797636,100.4553358277869
131.0,0.0004402597603593497,701747.1203417971,1201.9872848949892,0.0008955871666928559,-0.0,-0.0,0.0,0.0,0.0,0.0,0.019598407879346767,97.74300109587715
132.0,0.00044266576992554716,696933.5920190271,1200.2662099865468,0.0008955871666928559,-0.0,-0.0,0.0,0.0,0.0,0.0,0.019538027658442498,95.07732388624217
133.0,0.00044502177311789726,692276.2253405703,1198.5907405188007,0.0008955871666928559,-0.0,-0.0,0.0,0.0,0.0,0.0,0.019479426110665766,92.45698424870822
134.0,0.0004473276993404039,687770.6960972701,1196.960174456301,0.0008955871666928559,-0.0,-0.0,0.0,0.0,0.0,0.0,0.019422563474903815,89.88068737101833
135.0,0.0004495834916054247,683412.8581816364,1195.3738281517083,0.0008955871666928559,-0.0,-0.0,0.0,0.0,0.0,0.0,0.019367401458048678,87.34716274872936
136.0,0.00045178910577107004,679198.7363287893,1193.8310361166755,0.0008955871666928559,-0.0,-0.0,0.0,0.0,0.0,0.0,0.019313903183390806,84.85516338630455
137.0,0.00045394450978942033,675124.5192295534,1192.3311507978847,0.0008955871666928559,-0.0,-0.0,0.0,0.0,0.0,0.0,0.01926203314156338,82.40346502733139
138.0,0.0004560496829665019,671186.5529956045,1190.8735423581065,0.0008955871666928559,-0.0,-0.0,0.0,0.0,0.0,0.0,0.019211757143902237,79.99086541189548
139.0,0.0004581046152348881,667381.3349578317,1189.4575984621727,0.0008955871666928559,-0.0,-0.0,0.0,0.0,0.0,0.0,0.01916304227809441,77.61618355924894
140.0,0.00046010930643971247,663705.5077802615,1188.0827240677606,0.0008955871666928559,-0.0,-0.0,0.0,0.0,0.0,0.0,0.01911585686599671,75.27825907401179
141.0,0.0004620637656388199,660155.8538729707,1186.748341220911,0.0008955871666928559,-0.0,-0.0,0.0,0.0,0.0,0.0,0.019070170423512722,72.97595147424276
142.0,0.0004639680104176982,656729.2900884645,1185.4538888562058,0.0008955871666928559,-0.0,-0.0,0.0,0.0,0.0,0.0,0.01902595362242414,70.70813953981434
143.0,0.0004658220662197815,653422.8626869303,1184.1988226015526,0.0008955871666928559,-0.0,-0.0,0.0,0.0,0.0,0.0,0.01898317825407825,68.47372067961533
144.0,0.00046762596569263984,650233.7425567,1182.98261458753,0.0008955871666928559,-0.0,-0.0,0.0,0.0,0.0,0.0,0.01894181719484011,66.27161031619845
145.0,0.0004693797480505141,647159.2206770789,1181.8047532612604,0.0008955871666928559,-0.0,-0.0,0.0,0.0,0.0,0.0,0.018901844373223297,64.10074128657153
146.0,0.0004710834584535952,644196.7038114936,1180.6647432047857,0.0008955871666928559,-0.0,-0.0,0.0,0.0,0.0,0.0,0.018863234738618517,61.96006325791759
147.0,0.0004727371474043919,641343.710419648,1179.5621049579322,0.0008955871666928559,-0.0,-0.0,0.0,0.0,0.0,0.0,0.01882596423154462,59.84854215710357
148.0,0.00047434087016147474,638597.8667780712,1178.4963748456585,0.0008955871666928559,-0.0,-0.0,0.0,0.0,0.0,0.0,0.018790009755351098,57.76515961291754
149.0,0.00047589468617084105,635956.9032990859,1177.4671048098862,0.0008955871666928559,-0.0,-0.0,0.0,0.0,0.0,0.0,0.018755349149305513,55.708912410041414
150.0,0.0004773986585150909,633418.6510388419,1176.4738622458246,0.0008955871666928559,-0.0,-0.0,0.0,0.0,0.0,0.0,0.018721961163003797,53.67881195383705
151.0,0.00047885285338056905,630981.0383856248,1175.5162298427977,0.0008955871666928559,-0.0,-0.0,0.0,0.0,0.0,0.0,0.018689825432044747,51.67388374508776
152.0,0.00048025733954258035,628642.0879201964,1174.5938054295987,0.0008955871666928559,-0.0,-0.0,0.0,0.0,0.0,0.0,0.018658922454914288,49.69316686389679
153.0,0.0004816121878687535,626399.9134404223,1173.7062018243923,0.0008955871666928559,-0.0,-0.0,0.0,0.0,0.0,0.0,0.018629233571028015,47.73571346200434
154.0,0.0004829174708405939,624252.7171429214,1172.8530466891923,0.0008955871666928559,-0.0,-0.0,0.0,0.0,0.0,0.0,0.01860074093988406,45.80058826283594
155.0,0.0004841732620932304,622198.3884347324,1172.033826164943,0.0008955867124420823,-0.0,-2.4529527684263034e-05,0.0,6.597222222221857e-05,0.0,0.0,0.01857341534718451,43.88683995897844
156.0,0.000485379635973341,620221.8202576296,1171.242897841646,0.0008955703889956805,-0.0,-0.000269064417005134,0.0,0.0007256944444444418,0.0,0.0,0.018546827928635472,41.99264777526447
157.0,0.00048653666711521054,618311.7982026193,1170.476080271095,0.0008955269697553465,-0.0,-0.000512265298437762,0.0,0.001385416666666665,0.0,0.0,0.01852066441008189,40.116601656375046
158.0,0.0004876444300348518,616467.1736311741,1169.733116878173,0.0008954565991455307,-0.0,-0.0007542002980792214,0.0,0.0020451388888888884,0.0,0.0,0.018494916155981443,38.25803070182114
159.0,0.0004887029987421093,614682.6430521338,1169.0120955329428,0.0008953545654864162,-0.0,-0.0012567537284710467,0.0,0.003416666666666668,0.0,0.0,0.018469445467916675,36.41601929318071
160.0,0.0004897124463706372,612915.3330402119,1168.2961591133524,0.0008951726038721855,-0.0,-0.0020179089043994456,0.0,0.005500000000000005,0.0,0.0,0.01844295468452542,34.587580615559204
161.0,0.0004906728448256359,611160.6559190192,1167.5835225408985,0.0008949062842049925,-0.0,-0.002775205211050201,0.0,0.007583333333333341,0.0,0.0,0.01841531893084645,32.77225234732213
162.0,0.0004915842644492211,609418.2610324161,1166.8740736820057,0.0008945560330991724,-0.0,-0.0035286810826586235,0.0,0.009666666666666678,0.0,0.0,0.018386543182320206,30.969828554162905
163.0,0.0004924467737032823,607667.1894723698,1166.1594542700766,0.0008940982601902451,-0.0,-0.004744755161144196,0.0,0.013031250000000025,0.0,0.0,0.018355994144004552,29.17910791107259
164.0,0.0004932604388696894,605879.4468532157,1165.4284008039278,0.0008935009346236007,-0.0,-0.006005944853326442,0.0,0.016538194444444473,0.0,0.0,0.01832281677830398,27.39879638599423
165.0,0.0004940253237676938,604054.498322762,1164.6805761669693,0.0008927638674865411,-0.0,-0.007260068500475642,0.0,0.020045138888888925,0.0,0.0,0.01828700399933399,25.62906903317258
166.0,0.0004947414894883732,602190.3209772438,1163.9150373290918,0.0008918851381710985,-0.0,-0.008653623755603353,0.0,0.02395833333333338,0.0,0.0,0.018248502803796425,23.87003930805588
167.0,0.000495408994145964,600254.9187793764,1163.1187097082538,0.0008908276244782435,-0.0,-0.010379759551222284,0.0,0.02881944444444446,0.0,0.0,0.018206327946670205,22.120730815861343
168.0,0.0004960278926459284,598237.5532519191,1162.2869864271347,0.0008895789506794549,-0.0,-0.012094400614911884,0.0,0.03368055555555554,0.0,0.0,0.018160152433416333,20.381240522805644
169.0,0.0004965982364696048,596139.1461882853,1161.419938699878,0.0008881404288189715,-0.0,-0.013796921095283188,0.0,0.03854166666666662,0.0,0.0,0.018110012247037184,18.65214278249949
170.0,0.0004971200734752936,593949.5595480343,1160.5131141274803,0.0008865003583801497,-0.0,-0.015815999007669918,0.0,0.044326388888888825,0.0,0.0,0.018055599404167306,16.93368015846712
171.0,0.0004975934477156389,591639.0410584775,1159.55395974046,0.0008846237957465471,-0.0,-0.017959070883179228,0.0,0.05050694444444439,0.0,0.0,0.017995993414310064,15.225697624441025
172.0,0.0004980183992711689,589206.9949796813,1158.541709900506,0.0008825101549921677,-0.0,-0.02008320963245149,0.0,0.05668749999999996,0.0,0.0,0.01793118306149052,13.52903500821642
173.0,0.0004983949640998682,586654.4154189518,1157.4762169409332,0.0008801607876480456,-0.0,-0.022231344140802446,0.0,0.06299305555555551,0.0,0.0,0.01786120822476208,11.844566671779685
174.0,0.0004987231739026683,583959.7656550183,1156.3479758028946,0.0008775503286489335,-0.0,-0.024752406531026602,0.0,0.07042361111111108,0.0,0.0,0.017785405359922103,10.172760214842786
175.0,0.000499003056004742,581108.2086553947,1155.1500815476832,0.000874661288894706,-0.0,-0.02724549736613673,0.0,0.07785416666666664,0.0,0.0,0.017703320559547084,8.514417551465309
176.0,0.0004992346332525129,578102.3043860837,1153.8827347729593,0.0008714968757199353,-0.0,-0.029708834427885644,0.0,0.08528472222222222,0.0,0.0,0.01761504556755151,6.870710009478687
177.0,0.0004994179239262894,574941.627112507,1152.5448414911618,0.00086805681430989,-0.0,-0.0323391297567652,0.0,0.09328819444444444,0.0,0.0,0.01752058057828033,5.242752672841164
178.0,0.0004995529416684556,571598.3705060913,1151.1236942793555,0.0008643081588693697,-0.0,-0.03512993168551337,0.0,0.10186458333333334,0.0,0.0,0.01741906929822269,3.6314916882669612
179.0,0.0004996396954271571,568073.0123928929,1149.6182628034446,0.0008602517038131726,-0.0,-0.03787912910919477,0.0,0.11044097222222225,0.0,0.0,0.017310543089560506,2.038283525065375
180.0,0.0004996781894154401,564369.2733570185,1148.0288126860353,0.0008558922018415539,-0.0,-0.04058439390782173,0.0,0.11901736111111115,0.0,0.0,0.01719513721940618,0.46448426442272583
181.0,0.0004996684230858101,560476.4858202738,1146.349380626477,0.0008512172269812521,-0.0,-0.04358137996482949,0.0,0.12859375000000006,0.0,0.0,0.0170725378505372,-1.0885599679677396
182.0,0.0004996103911201929,556379.3780273494,1144.5718038100474,0.0008462088195033003,-0.0,-0.04656039428451602,0.0,0.13828125000000008,0.0,0.0,0.016942288655387674,-2.6193591088603676
183.0,0.0004995040834352997,552082.338856841,1142.6961743735517,0.0008408726501468874,-0.0,-0.04948062090248017,0.0,0.1479687500000001,0.0,0.0,0.016804552357553133,-4.126395780376566
184.0,0.0004993494852034024,547589.0887818271,1140.7222112715278,0.0008352136774134496,-0.0,-0.0524325252480842,0.0,0.1579375000000001,0.0,0.0,0.01665947318207786,-5.6081879939056245
185.0,0.0004991465768885519,542885.0849665307,1138.6414928320055,0.0008292149144175747,-0.0,-0.05553302785928882,0.0,0.16856250000000003,0.0,0.0,0.016506624722970896,-7.063050039612638
186.0,0.0004988953342982753,537969.3802422519,1136.4512957299487,0.0008228757710465585,-0.0,-0.058558840062464285,0.0,0.17918749999999997,0.0,0.0,0.01634600972191144,-8.489341371675591
187.0,0.0004985957286508096,532848.4759427618,1134.1520512397701,0.0008162047207487968,-0.0,-0.06150684593082751,0.0,0.1898124999999999,0.0,0.0,0.01617786717549223,-9.885539820147445
188.0,0.0004982477266579416,527522.421464654,1131.7411954896893,0.0008092025224579023,-0.0,-0.06457632102295714,0.0,0.20106944444444433,0.0,0.0,0.016002236178088634,-11.25004752016467
189.0,0.0004978512906235315,521979.8983664093,1129.2107975999088,0.00080185620975563,-0.0,-0.06764169123574813,0.0,0.2125972222222221,0.0,0.0,0.015818802000260184,-12.580982136779527
190.0,0.0004974063785578215,516227.51757508214,1126.5607860903417,0.0007941745660708205,-0.0,-0.0706117430958877,0.0,0.2241249999999999,0.0,0.0,0.01562781492000823,-13.876805649739024
191.0,0.0004969129443076297,510273.0998769154,1123.7915453040466,0.0007861679359897574,-0.0,-0.07350605926937227,0.0,0.23572569444444436,0.0,0.0,0.015429565522581621,-15.136076679487307
192.0,0.0004963709377025519,504113.38714329177,1120.8981713413432,0.0007778332770521379,-0.0,-0.07649939074624407,0.0,0.24798263888888883,0.0,0.0,0.015223999730731243,-16.357068048833316
193.0,0.0004957803047172979,497748.9374551816,1117.8772650625592,0.0007691722211752492,-0.0,-0.07938068592783763,0.0,0.2602395833333333,0.0,0.0,0.015011185764869423,-17.538136765811046
194.0,0.0004951409876502985,491189.2763099807,1114.7294818161254,0.0007601973848731571,-0.0,-0.0821469626932325,0.0,0.2724965277777778,0.0,0.0,0.014791474979396075,-18.67797245431968
195.0,0.0004944529253187341,484442.69911755173,1111.4548110080575,0.0007509199784637157,-0.0,-0.08488833456902947,0.0,0.28506597222222224,0.0,0.0,0.014565182226402034,-19.775305873021516
196.0,0.0004937160532701317,477505.2340589029,1108.0471126206241,0.0007413362926847509,-0.0,-0.08759651304600556,0.0,0.2979479166666667,0.0,0.0,0.014332241153170366,-20.82841016287657
197.0,0.0004929303040106937,470386.2077453817,1104.5064743590865,0.0007314589105150599,-0.0,-0.09017445763739347,0.0,0.31082986111111116,0.0,0.0,0.014093003401010617,-21.83611570358845
198.0,0.0004920956072505208,463096.52340458514,1100.8336953856704,0.0007213024341201384,-0.0,-0.09261984749236796,0.0,0.3237118055555556,0.0,0.0,0.013847871446092978,-22.79741922698023
199.0,0.0004912118901658921,455642.4089967715,1097.027142659637,0.0007108758167848559,-0.0,-0.09504435313646685,0.0,0.3370000000000001,0.0,0.0,0.01359710348466755,-23.711180807172756
200.0,0.0004902790776787732,448028.81320976064,1093.0843517127241,0.0007001864973493249,-0.0,-0.09733953575648313,0.0,0.35033333333333344,0.0,0.0,0.013340919660434658,-24.576244685534302
201.0,0.0004892970927537144,440267.3257441318,1089.0061469221814,0.0006892501402012981,-0.0,-0.09949078245393421,0.0,0.3636666666666668,0.0,0.0,0.013079748363189906,-25.39187827514175
202.0,0.00048826585671230536,432369.3718861975,1084.7932540057834,0.0006780822959242294,-0.0,-0.10152471806204418,0.0,0.3771041666666668,0.0,0.0,0.012814013687398252,-26.15745450848819
203.0,0.00048718528956534263,424341.0721230596,1080.443506708915,0.0006666920481644348,-0.0,-0.10347447728424844,0.0,0.39078472222222227,0.0,0.0,0.012543975877064753,-26.872124675348367
204.0,0.00048605531036286133,416192.64597260347,1075.9568232979773,0.0006550935955892055,-0.0,-0.10527229335553988,0.0,0.40446527777777774,0.0,0.0,0.012270023384323933,-27.535366208498825
205.0,0.00048487583756217604,407936.4467928296,1071.3342845219834,0.0006433038514899684,-0.0,-0.10691767092430551,0.0,0.4181458333333332,0.0,0.0,0.011992611118305253,-28.146905886141926
206.0,0.00048364678941405725,399583.6187182165,1066.5763323886772,0.0006313383133711302,-0.0,-0.10844678782779697,0.0,0.4319722222222221,0.0,0.0,0.011712156549305745,-28.706510906302693
207.0,0.0004823680843671639,391143.2758335262,1061.6822466453882,0.0006192100292895786,-0.0,-0.10983643478603894,0.0,0.445861111111111,0.0,0.0,0.011429014454905137,-29.21391146567911
208.0,0.00048103964149082953,382627.63135340536,1056.653096632654,0.0006069359601118048,-0.0,-0.11107102253010993,0.0,0.4597499999999999,0.0,0.0,0.011143635051334613,-29.669170656748282
209.0,0.00047966138091628244,374049.006612939,1051.4901124236098,0.0005945332788893838,-0.0,-0.1121521550690367,0.0,0.473642361111111,0.0,0.0,0.010856471096479916,-30.07248937387522
210.0,0.0004782332242963593,365419.1844213663,1046.1943145954745,0.000582018562855067,-0.0,-0.11308722793229369,0.0,0.4875659722222222,0.0,0.0,0.010567957764738968,-30.424155340813183
211.0,0.00047675509528374393,356749.9184528606,1040.7668273404163,0.0005694084235917024,-0.0,-0.1138700372481654,0.0,0.5014895833333333,0.0,0.0,0.010278528115586955,-30.724580648047144
212.0,0.00047522692002773654,348053.07712567784,1035.2089945938144,0.0005567196855543975,-0.0,-0.11450232098434861,0.0,0.5154131944444444,0.0,0.0,0.009988617221677692,-30.974315546670706
213.0,0.000473648627689527,339340.47375148535,1029.5223042271261,0.0005439691727991729,-0.0,-0.11497485389440844,0.0,0.5292847222222222,0.0,0.0,0.009698656672102521,-31.174035939068304
214.0,0.0004720201509759116,330625.12167467107,1023.7092603552888,0.0005311752855685485,-0.0,-0.11529123801245127,0.0,0.5431041666666667,0.0,0.0,0.009409112450543072,-31.324662981212516
215.0,0.0004703414266913553,321918.1712631935,1017.7714025669796,0.000518354154319621,-0.0,-0.11546570287643049,0.0,0.5569236111111112,0.0,0.0,0.009120391298939656,-31.427082835515392
216.0,0.0004686123963082591,313230.314752753,1011.7101933422186,0.0005055213909981427,-0.0,-0.11550111352229708,0.0,0.5707430555555556,0.0,0.0,0.00883288356439667,-31.482262541380653
217.0,0.0004668330065552532,304573.6932373549,1005.5283933018296,0.0004926944939574291,-0.0,-0.11535798110945303,0.0,0.58434375,0.0,0.0,0.008547020608778154,-31.49144204049322
218.0,0.00046500321002328177,295960.5400920348,999.2292264297495,0.00047989114588927156,-0.0,-0.1150811057802833,0.0,0.597920138888889,0.0,0.0,0.008263233082874508,-31.45601235822631
219.0,0.0004631229657892031,287400.2972649024,992.8142614735591,0.0004671255551225901,-0.0,-0.11467895281674899,0.0,0.611496527777778,0.0,0.0,0.00798186399223636,-31.37720354068486
220.0,0.00046119224005656894,278902.31909083127,986.2853050027707,0.00045441185977588183,-0.0,-0.11413252242258835,0.0,0.6249479166666668,0.0,0.0,0.007703250441379633,-31.25634866750846
221.0,0.00045921100681319265,270479.7491474011,979.6475265552251,0.0004417690650414881,-0.0,-0.11341957300781677,0.0,0.638107638888889,0.0,0.0,0.007427838980766869,-31.095329551270996
222.0,0.0004571792485050579,262141.99440946087,972.9037540528595,0.0004292114833508256,-0.0,-0.11259935630893218,0.0,0.651267361111111,0.0,0.0,0.007155959754665367,-30.895745808555674
223.0,0.00045509695672605265,253896.3829245902,966.055545075344,0.0004167508082690776,-0.0,-0.11167594177248354,0.0,0.6644270833333332,0.0,0.0,0.006887877019787225,-30.65906207128471
224.0,0.00045296413292295247,245751.71155457114,959.1060729201346,0.00040440063436877405,-0.0,-0.11059470007843437,0.0,0.6772222222222222,0.0,0.0,0.0066238946093915944,-30.387017581116705
225.0,0.0004507807891150046,237719.36674151057,952.0613494821793,0.00039217791457894845,-0.0,-0.10940011480963513,0.0,0.689861111111111,0.0,0.0,0.0063643878111743326,-30.081790189179202
226.0,0.00044854694862739595,229805.217918912,944.9232238303802,0.00038009256318731694,-0.0,-0.10812276882882155,0.0,0.7024999999999999,0.0,0.0,0.006109564067824441,-29.744985319329942
227.0,0.0004462626468378173,222014.52728990177,937.6933725696222,0.0003681537145335643,-0.0,-0.10675760875289879,0.0,0.7150763888888889,0.0,0.0,0.005859608996733536,-29.378206535040274
228.0,0.0004439279319352542,214356.4476271911,930.3776222772666,0.00035637552497216625,-0.0,-0.10523928190968315,0.0,0.7270902777777778,0.0,0.0,0.005614817183328496,-28.983655512162304
229.0,0.0004415428656900661,206838.25411425007,922.9808197125362,0.0003447697567191869,-0.0,-0.10364454086392506,0.0,0.7391041666666667,0.0,0.0,0.005375422613787895,-28.563392042242572
230.0,0.00043910752423433123,199470.1624109673,915.5116079685058,0.0003333520024550099,-0.0,-0.10183237495231376,0.0,0.7511180555555556,0.0,0.0,0.00514173821978631,-28.119986397767914
231.0,0.00043662199885135964,192272.50746388183,907.9905980069636,0.0003221510530339099,-0.0,-0.09970419407202621,0.0,0.7627152777777778,0.0,0.0,0.004914359272519376,-27.65759426897557
232.0,0.00043408639677319127,185273.573657223,900.449826228386,0.0003112061991720864,-0.0,-0.09725897871296278,0.0,0.7738958333333333,0.0,0.0,0.004694093878234233,-27.181783098263406
233.0,0.000431500841984822,178494.75748001307,892.9176946809124,0.00030054796139628454,-0.0,-0.09454347743713722,0.0,0.7850763888888889,0.0,0.0,0.004481535190561336,-26.69742511161155
234.0,0.0004288654760338131,171957.39094871638,885.4260672553684,0.0002902068995418966,-0.0,-0.09154835515147439,0.0,0.7962569444444445,0.0,0.0,0.004277257783452151,-26.209636665518477
235.0,0.0004261804588438647,165686.95973195284,878.0156026420971,0.0002802190983371158,-0.0,-0.08817934490450484,0.0,0.806625,0.0,0.0,0.0040819350699770815,-25.724429662859926
236.0,0.000423445969530852,159709.88638328717,870.732806630929,0.00027062193797990883,-0.0,-0.08452322031067114,0.0,0.8169027777777779,0.0,0.0,0.003896245225938815,-25.248258611084015
237.0,0.0004206622072197467,154047.8075920196,863.6231484607403,0.00026144650870291066,0.0,-0.08058808026802576,0.0,0.8271805555555556,0.0,0.0,0.0037207105177296715,-24.78710870095175
238.0,0.00041782939186076653,148722.77282515742,856.7370926608742,0.0002527242950533652,0.0,-0.07634796906598326,0.0,0.83715625,0.0,0.0,0.0035558436998872353,-24.34727458243791
239.0,0.000414947765043029,143761.28262865805,850.135589846525,0.0002444923495850621,0.0,-0.07178635076371062,0.0,0.8464270833333334,0.0,0.0,0.003402257785099871,-23.936033146533838
240.0,0.00041201759080390844,139184.7487675898,843.877495817662,0.0002367805941584946,0.0,-0.06698755319123528,0.0,0.8556979166666666,0.0,0.0,0.0032604018840896964,-23.560084246138935
241.0,0.0004090391564322339,135011.5019993969,838.0210692154664,0.00022961424014455745,0.0,-0.06197379612395841,0.0,0.86496875,0.0,0.0,0.003130619756202752,-23.225818208217536
242.0,0.00040601277326339876,131259.77757168346,832.6271295103481,0.0002230174812702585,0.0,-0.056729099982908225,0.0,0.8734375,0.0,0.0,0.0030132330605925134,-22.939787645890302
243.0,0.00040293877746439715,127946.99432239245,827.7571071696315,0.00021701229381110624,0.0,-0.05135239169422506,0.0,0.8815624999999999,0.0,0.0,0.002908522797540929,-22.70857018785559
244.0,0.00039981753080675213,125081.50730964197,823.459358613011,0.0002116074104008428,0.0,-0.045937414032118304,0.0,0.8896875,0.0,0.0,0.0028165119059877846,-22.53726264728994
245.0,0.0003966494214252478,122665.6974867487,819.771477491724,0.00020680224892004383,0.0,-0.04057281947955817,0.0,0.8976944444444445,0.0,0.0,0.002737055810484347,-22.429915379859676
246.0,0.0003934348645603448,120695.87914990801,816.7183819393193,0.00020258675965128108,0.0,-0.03535592479510493,0.0,0.9046388888888889,0.0,0.0,0.0026698463719685645,-22.389427953648166
247.0,0.00039017430328211754,119161.02679807048,814.3088722399935,0.00019893987329353119,0.0,-0.030348620991525153,0.0,0.9115833333333333,0.0,0.0,0.002614385013965184,-22.417223063997536
248.0,0.0003868682091935329,118034.28079579337,812.5211200750036,0.00019581891776394145,0.0,-0.025963890630238046,0.0,0.9185277777777778,0.0,0.0,0.002569769851406953,-22.511525580211448
249.0,0.0003835170831108696,117256.631492477,811.2759066490498,0.00019313974434503935,0.0,-0.0224197474240966,0.0,0.9248298611111111,0.0,0.0,0.002534289524070048,-22.664002173921094
250.0,0.0003801214557190641,116756.64248875435,810.4680009881097,0.00019080344516731224,0.0,-0.01979719338327124,0.0,0.9304895833333333,0.0,0.0,0.0025059534611800304,-22.86321760731549
251.0,0.00037668188819977666,116459.34246978261,809.9820065246464,0.00018870864858059062,0.0,-0.01805332536333921,0.0,0.9361493055555555,0.0,0.0,0.00248272728321776,-23.096255533137168
252.0,0.00037319897282997113,116297.20664705712,809.7117330909042,0.0001867658178944626,0.0,-0.01702561482926745,0.0,0.9418090277777778,0.0,0.0,0.002462812474004978,-23.350898837816295
253.0,0.000369673333548826,116218.22052817483,809.5745159704096,0.00018490711375063616,0.0,-0.01650140634478927,0.0,0.94628125,0.0,0.0,0.0024448425847013316,-23.617381533590017
254.0,0.00036610562649081943,116187.3634034258,809.5144079069552,0.00018308755303165442,0.0,-0.016292019984326448,0.0,0.9506215277777778,0.0,0.0,0.0024279078876761765,-23.88890174431515
255.0,0.0003624965404828703,116183.26675644153,809.4971838798692,0.00018128013281572147,0.0,-0.016264108037367338,0.0,0.9549618055555555,0.0,0.0,0.002411459160930112,-24.161145273638066
256.0,0.0003588467975034604,116193.68234156955,809.5032018523783,0.00017946969406429163,0.0,-0.016335358160619037,0.0,0.9588854166666667,0.0,0.0,0.0023951853520771936,-24.431503768766493
257.0,0.00035515715310172774,116211.83145087138,809.5215846810356,0.0001776481060909002,0.0,-0.01645868665913738,0.0,0.9618368055555555,0.0,0.0,0.0023789170860027287,-24.69841087817011
258.0,0.0003514283967745842,116234.02481001237,809.5464109621181,0.0001758111760571701,0.0,-0.016608212754285524,0.0,0.9647881944444444,0.0,0.0,0.0023625645063714406,-24.96089720612991
259.0,0.0003476613522999869,116258.26393995267,809.5744726185335,0.0001739568545386086,0.0,-0.016769968759125224,0.0,0.9677395833333333,0.0,0.0,0.0023460810680794937,-25.218323716052257
260.0,0.0003438568780245862,116283.461122273,809.6040233118073,0.00017208424517014032,0.0,-0.016936453897554733,0.0,0.9696944444444444,0.0,0.0,0.002329443493541746,-25.470230797656857
261.0,0.0003400158671040629,116309.0154852793,809.6340980555555,0.00017019307172247186,0.0,-0.01710361928521525,0.0,0.9712222222222222,0.0,0.0,0.002312640954570014,-25.716255232772166
262.0,0.00033613924769458045,116334.5854477493,809.664147961876,0.00016828339480978814,0.0,-0.017269244078364644,0.0,0.97275,0.0,0.0,0.0022956693041287436,-25.956085201656148
263.0,0.0003322279830938863,116359.9672317563,809.6938452515814,0.00016635546214128488,0.0,-0.017432072116670076,0.0,0.9741354166666667,0.0,0.0,0.0022785280176077665,-26.189436133894098
264.0,0.0003282830718307278,116385.03014252003,809.7229793885979,0.000164409629560801,0.0,-0.01759135551092219,0.0,0.9742395833333334,0.0,0.0,0.0022612185746778354,-26.416037866593022
265.0,0.00032430554770136846,116409.68211842535,809.7514018003964,0.00016244631946363074,0.0,-0.017746613898574123,0.0,0.9743437500000001,0.0,0.0,0.0022437436042132427,-26.635627912163674
266.0,0.0003202964797521405,116433.85140844624,809.7789964802434,0.00016046599892080975,0.0,-0.017897507554561723,0.0,0.9744479166666667,0.0,0.0,0.0022261064329467477,-26.84794802484628
267.0,0.00031625697220710416,116457.47684660845,809.805664383624,0.0001584691681885193,0.0,-0.018043770546631623,0.0,0.9738402777777778,0.0,0.0,0.002208310847728914,-27.05274255027642
268.0,0.00031218816434004106,116480.5027150231,809.8313151854579,0.0001564563546858313,0.0,-0.018185175567179118,0.0,0.9725208333333334,0.0,0.0,0.0021903609708216264,-27.249757741089812
269.0,0.0003080912302901619,116502.87606023462,809.855862971727,0.00015442810984589659,0.0,-0.01832151549206537,0.0,0.971201388888889,0.0,0.0,0.0021722611949911517,-27.438741597752735
270.0,0.0003039673788210675,116524.5453242036,809.8792240386425,0.000152385007469574,0.0,-0.018452593783310343,0.0,0.9698819444444444,0.0,0.0,0.0021540161501904164,-27.619443996308355
271.0,0.00029981785302266473,116545.45968195345,809.901315824124,0.00015032764285616512,0.0,-0.018578219574571557,0.0,0.9672812500000001,0.0,0.0,0.0021356306868613338,-27.79161697379596
272.0,0.00029564392995590796,116565.56876086627,809.9220564503489,0.0001482566323269093,0.0,-0.018698205240601316,0.0,0.9645381944444444,0.0,0.0,0.002117109867902187,-27.95501510088711
273.0,0.00029144692024039636,116584.82256764293,809.9413645983993,0.00014617261293716676,0.0,-0.01881236528757186,0.0,0.9617951388888889,0.0,0.0,0.0020984589650645605,-28.109395902984872
274.0,0.0002872281675850277,116603.17152962137,809.9591595654332,0.0001440762422686232,0.0,-0.018920515948424352,0.0,0.9586354166666666,0.0,0.0,0.002079683457518645,-28.25452030813182
275.0,0.00028298904826207666,116620.5666002589,809.9753614239426,0.00014196819824339134,0.0,-0.019022475156799806,0.0,0.9545034722222222,0.0,0.0,0.002060789031374347,-28.390153109288775
276.0,0.000278730970525228,116636.9594016212,809.9898912395978,0.0001398491789286971,0.0,-0.019118062726264252,0.0,0.9503715277777778,0.0,0.0,0.0020417815795031476,-28.51606343350902
277.0,0.00027445537397225795,116652.30238900716,810.0026713238778,0.0001377199023150895,0.0,-0.019207100642587915,0.0,0.9462395833333334,0.0,0.0,0.00202266720130209,-28.63202521319582
278.0,0.00027016372885321793,116666.54902937617,810.013625508171,0.00013558110605872413,0.0,-0.019289413419688848,0.0,0.9411840277777778,0.0,0.0,0.0020034522021992037,-28.73781765605561
279.0,0.0002658575353251246,116679.65398870397,810.0226794315756,0.00013343354718236875,0.0,-0.0193648284925127,0.0,0.9357326388888888,0.0,0.0,0.001984143092784094,-28.833225711118367
280.0,0.0002615383226543199,116691.57332520015,810.02976083754,0.0001312780017320276,0.0,-0.019433176632025078,0.0,0.9302812499999998,0.0,0.0,0.0019647465874928736,-28.918040528598038
281.0,0.0002572076483677959,116702.26468625628,810.0347998759753,0.0001291152643873589,0.0,-0.019494292373767808,0.0,0.9246979166666665,0.0,0.0,0.001945269602801509,-28.99205991158246
282.0,0.00025286709735493107,116711.6875074529,810.0377294082259,0.00012694614802483099,0.0,-0.01954801445466648,0.0,0.9179270833333332,0.0,0.0,0.001925719254895801,-29.055088757659814
283.0,0.0002485182809212005,116719.80321217782,810.0384853126363,0.00012477148323307598,0.0,-0.019594186254490276,0.0,0.9111562499999999,0.0,0.0,0.0019061028567948406,-29.106939488663176
284.0,0.00024416283579555925,116727.50076651639,810.0384848764871,0.0001225928659384727,0.0,-0.019597482124183378,0.0,0.9043854166666666,0.0,0.0,0.0018864457300288484,-29.14766353455909
285.0,0.0002398024230933001,116744.74350689744,810.0536377909016,0.00012041905897461198,0.0,-0.01953433092204801,0.0,0.8970243055555556,0.0,0.0,0.0018669454588185782,-29.179589026172238
286.0,0.00023543872723630127,116771.37477054859,810.0836842978817,0.00011825037117871519,0.0,-0.01950766801836644,0.0,0.8890729166666668,0.0,0.0,0.0018476009365643604,-29.202526371875706
287.0,0.00023107345483267151,116802.30596361692,810.1204883536709,0.00011608335781235869,0.0,-0.0195004203998439,0.0,0.881121527777778,0.0,0.0,0.0018283193232786405,-29.215054310495525
288.0,0.00022670833351788475,116834.9903912548,810.1599768344158,0.00011391678782922822,0.0,-0.01949797913220782,0.0,0.8731701388888891,0.0,0.0,0.0018090588773477716,-29.216390598350955
289.0,0.00022234511075957923,116869.53124062282,810.2023083623732,0.00011175153909914105,0.0,-0.019476508054049282,0.0,0.8641562500000002,0.0,0.0,0.0017898283539140548,-29.20642223224904
290.0,0.0002179855526282579,116906.13105920368,810.2477996303766,0.0001095885654529462,0.0,-0.019457385328019702,0.0,0.8550243055555556,0.0,0.0,0.001770638312864454,-29.185068042538806
291.0,0.0002136314425361818,116943.5184817436,810.2944161166879,0.00010742777639256803,0.0,-0.019436395885968117,0.0,0.8458923611111111,0.0,0.0,0.001751472950144874,-29.151886417826987
292.0,0.0002092845799468019,116981.21788095616,810.341393935202,0.00010526971528766726,0.0,-0.019404327954507604,0.0,0.8364687499999999,0.0,0.0,0.0017323316072839622,-29.106643445012114
293.0,0.00020494677905710308,117020.66808500093,810.39102116911,0.00010311626009070538,0.0,-0.01935874533803999,0.0,0.8263645833333333,0.0,0.0,0.001713247468731481,-29.049589846229228
294.0,0.0002006198674552652,117061.28934210591,810.4423666303907,0.00010096787348560204,0.0,-0.019312152899041278,0.0,0.8162604166666667,0.0,0.0,0.0016942178476459604,-28.980481479834143
295.0,0.00019630568475606183,117102.27956745753,810.4941457407707,9.882491437461276e-05,0.0,-0.01926066025152915,0.0,0.8061562500000001,0.0,0.0,0.0016752368052628287,-28.899029153783545
296.0,0.00019200608121642263,117144.07921357494,810.5470538255094,9.668858368736868e-05,0.0,-0.019189818355378585,0.0,0.7953715277777779,0.0,0.0,0.0016563200276729492,-28.805260565200612
297.0,0.00018772291633358434,117188.02040958131,810.6032045154419,9.456061704897648e-05,0.0,-0.019114275002993893,0.0,0.7842951388888888,0.0,0.0,0.0016374977445185554,-28.699429166148402
298.0,0.00018345805742824592,117232.9631054192,810.6607741578878,9.244117920946379e-05,0.0,-0.019035632734446764,0.0,0.7732187499999998,0.0,0.0,0.0016187585402432612,-28.581188781728752
299.0,0.00017921337821511998,117278.29499851727,810.7187806654541,9.033081726285107e-05,0.0,-0.018950005626091868,0.0,0.7620945945945943,0.0,0.0,0.0016001005229406347,-28.45033497215486
300.0,0.00017499075736325092,117324.65167981049,810.7782274468419,8.823083918013715e-05,0.0,-0.018850341409282212,0.0,0.7505405405405404,0.0,0.0,0.0015815423500471317,-28.3069766069154
301.0,0.00017079207704842435,117371.9611455852,810.8389912682361,8.614212082193804e-05,0.0,-0.018746768366043356,0.0,0.7389864864864866,0.0,0.0,0.001563090998923612,-28.151058678431138
302.0,0.00016661922149996725,117419.61994738286,810.9001040399658,8.406525185940462e-05,0.0,-0.0186368362147581,0.0,0.7274324324324326,0.0,0.0,0.0015447452102776197,-27.982409068737375
303.0,0.0001624740755441724,117467.67296487032,810.9616285914084,8.200120562345844e-05,0.0,-0.0185102432844225,0.0,0.7154722222222225,0.0,0.0,0.001526514242475088,-27.801022239991706
304.0,0.0001583585231465353,117518.80669209037,811.0278222975935,7.99523376325259e-05,0.0,-0.018371122138570325,0.0,0.7029027777777779,0.0,0.0,0.0015084476958061696,-27.60752249808904
305.0,0.00015427444595493404,117571.9742937583,811.0970090891676,7.791895326455783e-05,0.0,-0.018230611326479122,0.0,0.6903333333333334,0.0,0.0,0.0014905368097372109,-27.40165365858271
306.0,0.0001502237218458074,117626.19441685911,811.167618664356,7.590144809627602e-05,0.0,-0.01808490898138971,0.0,0.6777638888888888,0.0,0.0,0.0014727746111310716,-27.183190726118507
307.0,0.00014620822347533028,117681.85608351484,811.24025630904,7.390093264995398e-05,0.0,-0.01792392525141654,0.0,0.6647777777777777,0.0,0.0,0.0014551750364869781,-26.952239182470134
308.0,0.0001422298168375027,117739.69920226005,811.3160820504527,7.191866071176248e-05,0.0,-0.017757943905111546,0.0,0.6516875,0.0,0.0,0.0014377568321922239,-26.708989814795146
309.0,0.00013829035983100094,117798.85588469412,811.3937050981004,6.995511071523086e-05,0.0,-0.017586573635829664,0.0,0.6385972222222224,0.0,0.0,0.001420515127593648,-26.453274408252668
310.0,0.00013439170083655172,117858.95728198253,811.4725268834586,6.801102608293599e-05,0.0,-0.01740618325870792,0.0,0.6254236111111113,0.0,0.0,0.001403452748300521,-26.185052215739
311.0,0.00013053567730652134,117921.14936443476,811.5543478243917,6.608781979756353e-05,0.0,-0.017212926384130637,0.0,0.6119166666666667,0.0,0.0,0.0013865939612959074,-25.904627735583674
312.0,0.0001267241143683199,117985.30159850916,811.6389439135318,6.418630832629105e-05,0.0,-0.017015201311214364,0.0,0.5984097222222221,0.0,0.0,0.0013699445628741575,-25.612025406823964
313.0,0.00012295882344314657,118050.80432295804,811.7253326471177,6.230711645350663e-05,0.0,-0.016810984074736173,0.0,0.5849027777777775,0.0,0.0,0.0013535038865477428,-25.307176535721307
314.0,0.00011924160088150943,118117.74988430197,811.8136425248823,6.045117143187077e-05,0.0,-0.016594892885853644,0.0,0.5712083333333331,0.0,0.0,0.0013372811162635347,-24.990175967094522
315.0,0.00011557422661687808,118187.26421956604,811.9056343615475,5.861978533738978e-05,0.0,-0.016371252561667556,0.0,0.5573888888888887,0.0,0.0,0.0013212990813652361,-24.661341605532968
316.0,0.00011195846283874186,118258.73065703685,812.0003116787819,5.681356576245829e-05,0.0,-0.01614164698654154,0.0,0.5435694444444444,0.0,0.0,0.0013055569318731516,-24.32062774259559
317.0,0.0001083960526862616,118331.81539130466,812.0971254757472,5.503324540973374e-05,0.0,-0.015904974707786748,0.0,0.52975,0.0,0.0,0.0012900578619907798,-23.968061162400065
318.0,0.00010488871896362415,118406.66904566273,812.1962911610399,5.32797338233823e-05,0.0,-0.015659257190608906,0.0,0.5158611111111112,0.0,0.0,0.0012748114415197086,-23.603777299610872
319.0,0.00010143816287812954,118483.39041254198,812.2979407139158,5.1553908843857376e-05,0.0,-0.015406528936665696,0.0,0.5019722222222224,0.0,0.0,0.0012598264344885388,-23.227907328495178
320.0,9.804606280196238e-05,118561.89637462699,812.401917786258,4.985657713358554e-05,0.0,-0.015146356625435845,0.0,0.4880833333333336,0.0,0.0,0.001245109214501133,-22.840553723578115
321.0,9.471407305852101e-05,118642.2181852669,812.5082451820593,4.818857652813718e-05,0.0,-0.014878576202857922,0.0,0.4741944444444447,0.0,0.0,0.0012306675572814382,-22.441849265976007
322.0,9.144382273410666e-05,118724.45437252626,812.617050128342,4.6550754917512555e-05,0.0,-0.014603153325527867,0.0,0.4603055555555557,0.0,0.0,0.001216509973349394,-22.031946209726406
323.0,8.823691451570465e-05,118808.74944638403,812.728530379186,4.49439600078668e-05,0.0,-0.014320117064628348,0.0,0.4464166666666667,0.0,0.0,0.0012026453981194712,-21.611011017686238
324.0,8.509492355551505e-05,118895.28551811488,812.8429407259457,4.336903427049685e-05,0.0,-0.014029528132474309,0.0,0.4325277777777777,0.0,0.0,0.001189083057226368,-21.179221785902303
325.0,8.201939636283341e-05,118983.7671253324,812.9597831193904,4.18266733965761e-05,0.0,-0.013734234214537807,0.0,0.4187499999999999,0.0,0.0,0.0011758263882198365,-20.73667747664975
326.0,7.901184972380982e-05,119073.81013813293,813.0784197948738,4.0317551403224635e-05,0.0,-0.013430754149127202,0.0,0.405,0.0,0.0,0.0011628778886379348,-20.28347328218798
327.0,7.607376964956374e-05,119166.0821831346,813.1998635222344,3.884261003319603e-05,0.0,-0.0131191046243953,0.0,0.3912500000000001,0.0,0.0,0.0011502522449406008,-19.819892204837757
328.0,7.320661035306476e-05,119260.94490773605,813.3246426171339,3.7402679565139504e-05,0.0,-0.012801918187894515,0.0,0.37756944444444457,0.0,0.0,0.0011379602228577985,-19.346163404731385
329.0,7.041179325514878e-05,119356.19756768133,813.449265962813,3.599797006256032e-05,0.0,-0.012482985967940858,0.0,0.36416666666666664,0.0,0.0,0.0011259835901858187,-18.862111334491274
330.0,6.769070601997477e-05,119452.10303553172,813.5741087760175,3.462930920376503e-05,0.0,-0.012153490146123143,0.0,0.35076388888888876,0.0,0.0,0.0011143324446294684,-18.36798278793905
331.0,6.504470162019002e-05,119550.09426294525,813.70137476752,3.3297751065681114e-05,0.0,-0.01181534860217793,0.0,0.3373611111111109,0.0,0.0,0.0011030294466582323,-17.864201704690178
332.0,6.247509743202495e-05,119649.88333505785,813.8305679739086,3.200393109252276e-05,0.0,-0.011477603152241323,0.0,0.32422916666666646,0.0,0.0,0.0010920777839308485,-17.350923747414562
333.0,5.998317436049306e-05,119747.72704659261,813.9557917517159,3.074779730844553e-05,0.0,-0.011132879041398034,0.0,0.3112777777777776,0.0,0.0,0.0010814436065620285,-16.82782996822058
334.0,5.757017599484268e-05,119845.96176994436,814.0806598283756,2.9530556282355104e-05,0.0,-0.010777959962035906,0.0,0.2983263888888888,0.0,0.0,0.0010711591561448235,-16.295502059015053
335.0,5.523730779436217e-05,119946.36174630444,814.2078968221407,2.8353219222904987e-05,0.0,-0.010414799750303889,0.0,0.285375,0.0,0.0,0.0010612495552834956,-15.754411803420126
336.0,5.2985736304617275e-05,120055.84097365521,814.204204598223,2.7222438826706704e-05,0.0001304428632968449,-0.010072635073282448,0.0006535947712418259,0.27301388888888894,0.0,0.0,0.0010514790057088884,-15.205654666613901
337.0,5.081658840416568e-05,120178.66037578459,813.9168045248537,2.6143934802376823e-05,0.00026059739616118475,-0.009733621051059183,0.0013071895424836518,0.26065277777777796,0.0,0.0,0.0010415594457174728,-14.649876365381441
338.0,4.873095058176784e-05,120313.76071670772,813.3206490221966,2.5117504564552307e-05,0.0003904180519731853,-0.009394797774523718,0.0019607843137254776,0.24829166666666688,0.0,0.0,0.0010314481975780049,-14.087020102966004
339.0,4.672986824409397e-05,120464.02422972873,812.354126282415,2.4144856920374863e-05,0.0006212143991935933,-0.009068123531896285,0.003124183006535911,0.23622222222222244,0.0,0.0,0.0010210511893849424,-13.5174930055463
340.0,4.4814345053900256e-05,120654.7475543244,810.534782594465,2.3243842060782275e-05,0.0010028405161299717,-0.008779544394017735,0.0050522875816993275,0.2245902777777779,0.0,0.0,0.0010095344880070045,-12.944051500243935
341.0,4.298534229863812e-05,120885.51146196979,807.7004038919165,2.2416223339545893e-05,0.0013825903102430742,-0.008506653553184706,0.006980392156862745,0.21295833333333333,0.0,0.0,0.0009965741116911811,-12.36631769196402
342.0,4.1243778289434146e-05,121154.53777913454,803.8010320073712,2.166045985139418e-05,0.0017600341425971985,-0.008242305040097077,0.00890849673202616,0.2013263888888888,0.0,0.0,0.0009820644325174213,-11.783783012486799
343.0,3.959052779037575e-05,121475.86878179712,798.5859619167193,2.0983490707513965e-05,0.00234040320142221,-0.008019895810726072,0.011882352941176491,0.19038888888888883,0.0,0.0,0.000965563323096425,-11.197427368022032
344.0,3.802642147802002e-05,121872.10542960717,791.6184880007302,2.0398204727421356e-05,0.0029662429057249885,-0.007826878818178545,0.015117647058823529,0.179625,0.0,0.0,0.0009462585425039051,-10.608682844168612
345.0,3.655224543103716e-05,122344.42815023044,782.8969741650392,1.990268847064645e-05,0.003584280094400414,-0.007646611727880875,0.018352941176470565,0.16886111111111118,0.0,0.0,0.00092406992717416,-10.016752444742902
346.0,3.516874064989377e-05,122899.40687973205,772.4767099360213,1.949572152869776e-05,0.004240749002636653,-0.007481089987642572,0.0218366013071895,0.1582847222222223,0.0,0.0,0.0008990243200156157,-9.421215766293702
347.0,3.3876602606472614e-05,123566.32032563476,760.0947311513185,1.9188911718988713e-05,0.005074858933491103,-0.007363290736555029,0.026313725490196078,0.14845833333333333,0.0,0.0,0.0008705348259190336,-8.823125421389651
348.0,3.267648082353099e-05,124362.73713278181,745.773251834841,1.8986147496755102e-05,0.005887559755340762,-0.007253855848381777,0.030790849673202655,0.13863194444444435,0.0,0.0,0.0008384620516320241,-8.222130329024793
349.0,3.156897848388724e-05,125298.57893092178,729.8278890164528,1.8884449218633345e-05,0.0066731309829978986,-0.0071415681070469104,0.03526797385620923,0.12880555555555537,0.0,0.0,0.0008031983087917319,-7.617026699206881
350.0,3.055465206923584e-05,126391.08919063982,712.5406079803707,1.8884360497704056e-05,0.0075595271481890885,-0.007054140417409653,0.04047058823529422,0.1196041666666665,0.0,0.0,0.0007650640628808363,-7.006790051985973
351.0,2.9634011028485286e-05,127670.17735273171,693.9455588348968,1.8996456717059123e-05,0.00848504078174802,-0.006980152438783629,0.046156862745098115,0.11081944444444433,0.0,0.0,0.0007238148590920303,-6.390646304042603
352.0,2.880751747552201e-05,129144.6894218049,674.5419130014636,1.9217263696792777e-05,0.00934433457957806,-0.00688210414918886,0.051843137254902,0.10203472222222217,0.0,0.0,0.0006801569761815989,-5.766222694845982
353.0,2.807558591630305e-05,130819.17714737979,654.8596631468909,1.954204929279215e-05,0.010120882577971883,-0.006744802122082616,0.05752941176470587,0.09325,0.0,0.0,0.000634934825137314,-5.130774694686681
354.0,2.743858300518977e-05,132691.87357102078,635.1870094639143,1.9972043420929566e-05,0.010996144795928676,-0.006645528148678953,0.06439215686274505,0.08564583333333338,0.0,0.0,0.0005884643092873304,-4.481237876449175
355.0,2.6896827330435498e-05,134745.77596666955,615.8234402949049,2.0505865400704186e-05,0.011733921406370617,-0.006490467129658933,0.07125490196078423,0.07804166666666676,0.0,0.0,0.000541132979497461,-3.8141526675896014
356.0,2.645058922875628e-05,136948.1844525783,597.2143125018301,2.113389406741045e-05,0.012309334018487115,-0.006264820755867041,0.07811764705882338,0.07043750000000015,0.0,0.0,0.0004938480402728627,-3.1260768927871134
357.0,2.610009062891243e-05,139248.8225917133,579.677032829588,2.184567944317633e-05,0.012765908297376734,-0.006003072486452752,0.08542483660130704,0.06333333333333345,0.0,0.0,0.00044734739438338913,-2.4139914353025484
358.0,2.5845504924240674e-05,141557.74738130916,563.2411436281704,2.2633014193212166e-05,0.01311448949049641,-0.005727705534541268,0.09339869281045743,0.056979166666666727,0.0,0.0,0.0004016158743174721,-1.6755297596305234
359.0,2.5686956874091506e-05,143790.1786571739,548.0441369126504,2.3482506283701354e-05,0.013249037119138066,-0.005365977940316958,0.10137254901960784,0.050625,0.0,0.0,0.00035714893475557996,-0.9103604594833602
360.0,2.5624522534125138e-05,145864.61064857154,534.1658790994669,2.4380784684175046e-05,0.01318561460476118,-0.004916707773459518,0.10934640522875824,0.04427083333333327,0.0,0.0,0.00031443409747609533,-0.12004873330436294
