Kat_obrotu_pompy_deg,Skok_tloczka_mm
0.0,0.0
0.1000277854959711,0.00798709083789927
0.2000555709919422,0.015974126902747018
0.3000833564879133,0.023961053421867336
0.4001111419838844,0.031947815623335554
0.5001389274798556,0.03993435873635384
0.6001667129758266,0.047920627991626795
0.7001944984717977,0.05590656862173709
0.8002222839677688,0.06389212586152093
0.90025006946374,0.0718772449484438
1.000277854959711,0.0798618711229758
1.1003056404556821,0.08784594962896736
1.2003334259516532,0.09582942571402457
1.3003612114476244,0.10381224462988486
1.4003889969435954,0.1117943516327922
1.5004167824395667,0.11977569198387274
1.6004445679355377,0.12775621094951
1.7004723534315087,0.1357358538017204
1.80050013892748,0.14371456581852848
1.900527924423451,0.1516922922843421
2.000555709919422,0.15966897849032777
2.100583495415393,0.1676445697347858
2.2006112809113643,0.17561901132352542
2.3006390664073355,0.18359224857023973
2.4006668519033063,0.19156422679688107
2.5006946373992776,0.19953489133403557
2.600722422895249,0.2075041875212983
2.70075020839122,0.21547206070764804
2.800777993887191,0.22343845625182218
2.900805779383162,0.23140331952269122
3.0008335648791333,0.23936659589963355
3.100861350375104,0.24732823077291002
3.2008891358710754,0.25528816954403843
3.3009169213670466,0.26324635762616794
3.4009447068630174,0.2712027404444533
3.5009724923589887,0.2791572634364294
3.60100027785496,0.287109872052385
3.7010280633509307,0.2950605117557373
3.801055848846902,0.3030091280234057
3.901083634342873,0.31095566634618543
4.001111419838844,0.3189000722291221
4.101139205334816,0.3268422911918845
4.201166990830786,0.3347822687691389
4.301194776326757,0.3427199505109223
4.4012225618227285,0.3506552819830158
4.5012503473187,0.3585882087673179
4.601278132814671,0.3665186764622177
4.701305918310642,0.37444663068296824
4.801333703806613,0.38237201706205876
4.901361489302584,0.39029478124958855
5.001389274798555,0.3982148689136386
5.101417060294526,0.4061322257406449
5.201444845790498,0.41404679743577066
5.301472631286469,0.4219585297232787
5.40150041678244,0.4298673683469037
5.50152820227841,0.4377732590702239
5.601555987774382,0.44567614767703395
5.701583773270353,0.4535759799717154
5.801611558766324,0.46147270177960964
5.901639344262295,0.4693662589473885
6.001667129758267,0.47725659734342607
6.101694915254237,0.48514366285816973
6.201722700750208,0.49302740140451157
6.3017504862461795,0.5009077589181585
6.401778271742151,0.508784681358004
6.501806057238122,0.5166581147064981
6.601833842734093,0.524528004970018
6.7018616282300645,0.532394298179238
6.801889413726035,0.5402569403895003
6.901917199222006,0.5481158776811844
7.001944984717977,0.5559710561600771
7.101972770213949,0.5638224219577417
7.20200055570992,0.5716699212318881
7.302028341205891,0.5795135001667414
7.402056126701861,0.5873531049734111
7.502083912197833,0.5951886818902608
7.602111697693804,0.6030201771832748
7.702139483189775,0.6108475371464294
7.802167268685746,0.6186707081020587
7.902195054181718,0.6264896364012243
8.002222839677689,0.6343042684240825
8.10225062517366,0.6421145505802519
8.202278410669631,0.6499204293091816
8.302306196165603,0.6577218510805177
8.402333981661572,0.6655187623944712
8.502361767157543,0.6733111097821839
8.602389552653515,0.6810988398060961
8.702417338149486,0.6888818990603124
8.802445123645457,0.6966602341709681
8.902472909141428,0.7044337917965954
9.0025006946374,0.7122025186284885
9.10252848013337,0.7199663613910705
9.202556265629342,0.7277252668422575
9.302584051125313,0.7354791817738243
9.402611836621285,0.7432280530117693
9.502639622117256,0.7509718274166787
9.602667407613225,0.7587104518840915
9.702695193109196,0.7664438733448634
9.802722978605168,0.7741720387655305
9.902750764101139,0.7818948951486738
10.00277854959711,0.7896123895332813
10.102806335093081,0.7973244689951124
10.202834120589053,0.8050310806470607
10.302861906085024,0.8127321716395157
10.402889691580995,0.8204276891607264
10.502917477076966,0.8281175804371627
10.602945262572938,0.8358017927338779
10.702973048068909,0.8434802733548697
10.80300083356488,0.8511529696434422
10.90302861906085,0.8588198289825663
11.00305640455682,0.8664807987952415
11.103084190052792,0.8741358265448552
11.203111975548763,0.8817848597355443
11.303139761044735,0.8894278459125542
11.403167546540706,0.8970647326625988
11.503195332036677,0.9046954676142207
11.603223117532648,0.9123199984381488
11.70325090302862,0.9199382728476585
11.80327868852459,0.9275502385989297
11.903306474020562,0.9351558434914051
12.003334259516533,0.9427550353681486
12.103362045012505,0.9503477621162023
12.203389830508474,0.9579339716669438
12.303417616004445,0.9655136119964447
12.403445401500417,0.9730866311258256
12.503473186996388,0.9806529771216131
12.603500972492359,0.9882125980960969
12.70352875798833,0.9957654422076838
12.803556543484301,1.0033114576612556
12.903584328980273,1.0108505927085218
13.003612114476244,1.0183827956483764
13.103639899972215,1.0259080148272515
13.203667685468186,1.0334261986394708
13.303695470964158,1.0409372955276062
13.403723256460129,1.0484412539828283
13.503751041956098,1.0559380225452608
13.60377882745207,1.0634275498043346
13.703806612948041,1.0709097843991382
13.803834398444012,1.0783846750187716
13.903862183939983,1.085852170402697
14.003889969435955,1.093312219341092
14.103917754931926,1.1007647706751977
14.203945540427897,1.108209773297674
14.303973325923868,1.1156471761529454
14.40400111141984,1.1230769282375546
14.50402889691581,1.1304989786005102
14.604056682411782,1.1379132763436377
14.704084467907753,1.1453197706219267
14.804112253403723,1.1527184106438815
14.904140038899694,1.1601091456718684
15.004167824395665,1.1674919250224634
15.104195609891637,1.1748666980667997
15.204223395387608,1.1822334142309165
15.304251180883579,1.189592022996104
15.40427896637955,1.1969424738992498
15.504306751875522,1.2042847165331874
15.604334537371493,1.2116187005470382
15.704362322867464,1.2189443756465603
15.804390108363435,1.2262616915944904
15.904417893859407,1.2335705982108915
16.004445679355378,1.2408710453734928
16.10447346485135,1.2481629830180385
16.20450125034732,1.2554463611386266
16.30452903584329,1.262721129788055
16.404556821339263,1.2699872390781612
16.504584606835234,1.2772446391801677
16.604612392331205,1.2844932803250209
16.704640177827173,1.2917331128037337
16.804667963323144,1.2989640869677266
16.904695748819115,1.3061861532291668
17.004723534315087,1.3133992620613104
17.104751319811058,1.32060336399884
17.20477910530703,1.327798409638205
17.304806890803,1.3349843496379596
17.40483467629897,1.342161134719103
17.504862461794943,1.3493287156654146
17.604890247290914,1.3564870433237943
17.704918032786885,1.3636360686045972
17.804945818282857,1.3707757424819722
17.904973603778828,1.377906015994196
18.0050013892748,1.3850268402440118
18.10502917477077,1.3921381663989614
18.20505696026674,1.399239945691723
18.305084745762713,1.4063321294204438
18.405112531258684,1.4134146689490734
18.505140316754655,1.4204875157077006
18.605168102250627,1.4275506211928823
18.705195887746598,1.4346039369679793
18.80522367324257,1.4416474146634861
18.90525145873854,1.4486810059773656
19.00527924423451,1.4557046626753762
19.105307029730483,1.4627183365914074
19.20533481522645,1.4697219796278047
19.30536260072242,1.4767155437557058
19.405390386218393,1.4836989810153631
19.505418171714364,1.4906722435164783
19.605445957210335,1.497635283438528
19.705473742706307,1.504588053031091
19.805501528202278,1.511530504614179
19.90552931369825,1.5184625905785591
20.00555709919422,1.525384263386085
20.10558488469019,1.5322954755700182
20.205612670186163,1.5391961797353586
20.305640455682134,1.546086328559165
20.405668241178105,1.552965874790883
20.505696026674077,1.559834771252666
20.605723812170048,1.5666929708397008
20.70575159766602,1.573540426520531
20.80577938316199,1.5803770913373785
20.90580716865796,1.587202918406464
21.005834954153933,1.5940178609183322
21.105862739649904,1.60082187213817
21.205890525145875,1.6076149054061275
21.305918310641847,1.614396914137639
21.405946096137818,1.621167851823741
21.50597388163379,1.6279276720313922
21.60600166712976,1.634676328403792
21.70602945262573,1.6414137746606972
21.8060572381217,1.6481399645987405
21.90608502361767,1.6548548520917474
22.00611280911364,1.6615583910910519
22.106140594609613,1.6682505356258126
22.206168380105584,1.6749312398033274
22.306196165601555,1.6816004578093489
22.406223951097527,1.6882581439083995
22.506251736593498,1.694904252444082
22.60627952208947,1.7015387378393962
22.70630730758544,1.7081615545970492
22.80633509308141,1.7147726572997684
22.906362878577383,1.7213720006106121
23.006390664073354,1.7279595392732812
23.106418449569325,1.7345352281124298
23.206446235065297,1.7410990220339742
23.306474020561268,1.7476508760254015
23.40650180605724,1.754190745156081
23.50652959155321,1.7607185845775688
23.60655737704918,1.7672343495239191
23.706585162545153,1.7737379953119865
23.806612948041124,1.7802294773417378
23.906640733537095,1.7867087510965538
24.006668519033067,1.7931757721435355
24.106696304529038,1.7996304961338108
24.20672409002501,1.806072878802836
24.30675187552098,1.8125028759707
24.406779661016948,1.8189204435424289
24.50680744651292,1.8253255375082866
24.60683523200889,1.831718113944078
24.706863017504862,1.8380981290114478
24.806890803000833,1.8444655389581837
24.906918588496804,1.8508203001185164
25.006946373992776,1.857162368913416
25.106974159488747,1.8634917018508952
25.207001944984718,1.8698082555263045
25.30702973048069,1.87611198662263
25.40705751597666,1.8824028519107916
25.50708530147263,1.8886808082499402
25.607113086968603,1.8949458125877505
25.707140872464574,1.9011978219607193
25.807168657960545,1.9074367934944587
25.907196443456517,1.91366268440399
26.007224228952488,1.9198754519940382
26.10725201444846,1.9260750536593232
26.20727979994443,1.932261446884853
26.3073075854404,1.9384345892462156
26.407335370936373,1.9445944384098692
26.507363156432344,1.9507409521334322
26.607390941928315,1.9568740882659743
26.707418727424287,1.9629938047483042
26.807446512920258,1.9691000596132582
26.907474298416226,1.9751928109859886
27.007502083912197,1.9812720170842508
27.107529869408168,1.9873376362186896
27.20755765490414,1.9933896267931241
27.30758544040011,1.9994279473048355
27.407613225896082,2.005452556344849
27.507641011392053,2.011463412598219
27.607668796888024,2.017460474844313
27.707696582383996,2.0234437019570928
27.807724367879967,2.0294130529053986
27.907752153375938,2.0353684867532276
28.00777993887191,2.041309962660017
28.10780772436788,2.047237439880924
28.207835509863852,2.053150877767103
28.307863295359823,2.0590502357659877
28.407891080855794,2.0649354734215657
28.507918866351766,2.0708065503746584
28.607946651847737,2.076663426363198
28.707974437343708,2.0825060612225013
28.80800222283968,2.088334414885546
28.90803000833565,2.0941484473832475
29.00805779383162,2.099948118844731
29.108085579327593,2.105733389497604
29.208113364823564,2.1115042196682317
29.308141150319535,2.1172605697820077
29.408168935815507,2.123002400363625
29.508196721311474,2.1287296720373474
29.608224506807446,2.13444234552728
29.708252292303417,2.140140381657636
29.808280077799388,2.1458237413530084
29.90830786329536,2.1514923856386368
30.00833564879133,2.1571462756406743
30.108363434287302,2.1627853725864545
30.208391219783273,2.168409637804758
30.308419005279244,2.174019032726075
30.408446790775216,2.179613518882874
30.508474576271187,2.1851930579098613
30.608502361767158,2.1907576115442478
30.70853014726313,2.1963071416260083
30.8085579327591,2.2018416100981457
30.908585718255072,2.20736097900695
31.008613503751043,2.21286521050226
31.108641289247014,2.2183542668377214
31.208669074742986,2.223828110371048
31.308696860238957,2.229286703564277
31.408724645734928,2.23473000898403
31.5087524312309,2.2401579893017636
31.60878021672687,2.2455706072940327
31.708808002222842,2.250967825842742
31.808835787718813,2.256349607935399
31.908863573214784,2.261715916665372
32.008891358710756,2.26706671523214
32.10891914420672,2.2724019669415445
32.2089469297027,2.2777216352060465
32.308974715198666,2.283025683544969
32.40900250069464,2.288314075584755
32.50903028619061,2.293586775059212
32.60905807168658,2.2988437458097635
32.70908585718255,2.3040849517856943
32.809113642678525,2.309310357044401
32.90914142817449,2.314519925751635
33.00916921367047,2.319713622181752
33.109196999166436,2.3248914107179526
33.20922478466241,2.3300532558525315
33.30925257015838,2.3351991221871162
33.409280355654346,2.340328974432913
33.50930814115032,2.3454427774109488
33.60933592664629,2.3505404960523086
33.70936371214226,2.355622095398383
33.80939149763823,2.3606875406011
33.909419283134206,2.365736796923171
34.00944706863017,2.370769829738323
34.10947485412615,2.3757866045315414
34.209502639622116,2.3807870868993026
34.30953042511809,2.3857712425498123
34.40955821061406,2.390739037303239
34.50958599611003,2.3956904370919507
34.609613781606,2.4006254079607454
34.709641567101976,2.4055439160670877
34.80966935259794,2.4104459276813364
34.90969713809392,2.41533140918698
35.009724923589886,2.4202003270808654
35.10975270908586,2.4250526479734273
35.20978049458183,2.4298883385889174
35.3098082800778,2.4347073657656333
35.40983606557377,2.439509696456144
35.509863851069746,2.4442952977275216
35.60989163656571,2.4490641367615584
35.70991942206169,2.453816180855002
35.809947207557656,2.4585513974197704
35.90997499305362,2.463269753983182
36.0100027785496,2.4679712181881768
36.110030564045566,2.4726557577935355
36.21005834954154,2.477323340674103
36.31008613503751,2.481973934821008
36.41011392053348,2.4866075083418857
36.51014170602945,2.49122402946109
36.610169491525426,2.4958234665199157
36.71019727702139,2.500405787976816
36.81022506251737,2.504970962407618
36.910252848013336,2.509518958505737
37.01028063350931,2.5140497450823918
37.11030841900528,2.5185632910668185
37.21033620450125,2.523059565506487
37.31036398999722,2.527538537567307
37.410391775493196,2.5320001765338436
37.51041956098916,2.5364444518095266
37.61044734648514,2.540871332916862
37.710475131981106,2.5452807894976397
37.81050291747708,2.5496727913131405
37.91053070297305,2.5540473082443444
38.01055848846902,2.55840431029214
38.11058627396499,2.5627437675775244
38.210614059460966,2.567065650341814
38.31064184495693,2.571369928946844
38.4106696304529,2.5756565738751753
38.510697415948876,2.5799255557302945
38.61072520144484,2.584176845236816
38.71075298694082,2.5884104132406827
38.810780772436786,2.5926262307093664
38.91080855793276,2.596824268732067
39.01083634342873,2.6010044985199112
39.1108641289247,2.605166891406148
39.21089191442067,2.609311418846346
39.310919699916646,2.6134380524185916
39.41094748541261,2.6175467638236793
39.51097527090859,2.6216375248853114
39.611003056404556,2.6257103075502863
39.71103084190053,2.6297650838886923
39.8110586273965,2.633801826094101
39.91108641289247,2.637820506483757
40.01111419838844,2.6418210974987657
40.111141983884416,2.6458035717042843
40.21116976938038,2.649767901789711
40.31119755487636,2.6537140605688703
40.411225340372326,2.6576420209801976
40.5112531258683,2.6615517560869315
40.61128091136427,2.665443239077291
40.71130869686024,2.669316443264664
40.81133648235621,2.673171342087788
40.911364267852186,2.6770079091109342
41.01139205334815,2.680826118024086
41.11141983884412,2.6846259426431236
41.211447624340096,2.6884073569099995
41.31147540983606,2.692170334892919
41.41150319533204,2.695914850786518
41.511530980828006,2.6996408789120396
41.61155876632398,2.703348393717512
41.71158655181995,2.707037369777919
41.81161433731592,2.7107077817953806
41.91164212281189,2.714359604599321
42.011669908307866,2.7179928131466458
42.11169769380383,2.7216073825219103
42.21172547929981,2.725203287937491
42.311753264795776,2.7287805047337574
42.41178105029175,2.732339008379239
42.51180883578772,2.735878774470796
42.61183662128369,2.7393997787337825
42.71186440677966,2.742901997022218
42.811892192275636,2.746385405318949
42.9119199777716,2.7498499797358162
43.01194776326758,2.753295696513816
43.111975548763546,2.756722532023266
43.21200333425952,2.760130462763966
43.31203111975549,2.763519465365358
43.41205890525146,2.766889516586688
43.51208669074743,2.7702405933171645
43.6121144762434,2.7735726725761176
43.71214226173937,2.776885731513157
43.81217004723534,2.7801797474083263
43.912197832731316,2.783454697672262
44.01222561822728,2.786710559846346
44.11225340372326,2.789947311602862
44.212281189219226,2.793164930745145
44.3123089747152,2.796363395207737
44.41233676021117,2.799542683056537
44.51236454570714,2.802702772488951
44.61239233120311,2.8058436418340422
44.712420116699086,2.80896526955268
44.81244790219505,2.8120676342376854
44.91247568769103,2.8151507146139805
45.012503473186996,2.8182144895387333
45.11253125868297,2.821258938001503
45.21255904417894,2.8242840391243837
45.31258682967491,2.827289772162146
45.41261461517088,2.830276116502384
45.512642400666856,2.833243051665652
45.61267018616282,2.8361905573056063
45.7126979716588,2.8391186132091453
45.812725757154766,2.8420271992965476
45.91275354265074,2.8449162956216107
46.01278132814671,2.8477858823717854
46.112809113642676,2.8506359398683156
46.21283689913865,2.8534664485663694
46.31286468463462,2.8562773890551743
46.41289247013059,2.8590687420581515
46.51292025562656,2.861840488433047
46.612948041122536,2.8645926091720626
46.712975826618504,2.867325085401988
46.81300361211448,2.870037898384328
46.913031397610446,2.872731029515432
47.01305918310642,2.875404460326622
47.11308696860239,2.878058172484318
47.21311475409836,2.880692147790167
47.31314253959433,2.8833063681811613
47.413170325090306,2.8859008157297708
47.51319811058627,2.8884754726440582
47.61322589608225,2.8910303212678055
47.713253681578216,2.8935653440806353
47.81328146707419,2.896080523698127
47.91330925257016,2.8985758428719413
48.01333703806613,2.901051284489934
48.1133648235621,2.903506831576275
48.213392609058076,2.9059424672915672
48.31342039455404,2.9083581749329563
48.41344818005002,2.910753937934252
48.513475965545986,2.913129739866036
48.61350375104196,2.915485564435778
48.71353153653793,2.9178213954879455
48.813559322033896,2.920137217004117
48.91358710752987,2.9224330131030887
49.01361489302584,2.9247087680409862
49.11364267852181,2.926964466211371
49.21367046401778,2.929200092145348
49.313698249513756,2.9314156305116703
49.413726035009724,2.933611066116848
49.5137538205057,2.9357863839052465
49.613781606001666,2.9379415689591952
49.71380939149764,2.9400766064990878
49.81383717699361,2.942191481883483
49.91386496248958,2.9442861806092053
50.01389274798555,2.9463606883114446
50.113920533481526,2.9484149907638555
50.213948318977494,2.9504490738786533
50.31397610447347,2.952462923706712
50.414003889969436,2.954456526437658
50.51403167546541,2.9564298683999684
50.61405946096138,2.9583829360610605
50.71408724645735,2.9603157160273876
50.81411503195332,2.96222819504453
50.914142817449296,2.9641203599972847
51.01417060294526,2.9659921979097583
51.11419838844124,2.967843695945452
51.214226173937206,2.9696748414073526
51.314253959433174,2.9714856217380197
51.41428174492915,2.9732760245196688
51.514309530425116,2.97504603747426
51.61433731592109,2.9767956484635807
51.71436510141706,2.978524845489327
51.81439288691303,2.980233616693191
51.914420672409,2.9819219503569347
52.014448457904976,2.9835898349024785
52.114476243400944,2.9852372588919738
52.21450402889692,2.986864211027887
52.314531814392886,2.988470680153071
52.41455959988886,2.9900566552508483
52.51458738538483,2.9916221254450814
52.6146151708808,2.993167080000249
52.71464295637677,2.9946915083215204
52.814670741872746,2.9961953999548276
52.914698527368714,2.9976787445869375
53.01472631286469,2.9991415320455213
53.114754098360656,3.0005837522992245
53.21478188385663,3.0020053954577386
53.3148096693526,3.0034064517718644
53.41483745484857,3.0047869116335817
53.51486524034454,3.0061467655761143
53.614893025840516,3.007486004273996
53.71492081133648,3.0088046185431327
53.81494859683245,3.010102599340867
53.914976382328426,3.0113799377660397
54.015004167824394,3.0126366250590504
54.11503195332037,3.013872652601918
54.215059738816336,3.0150880119183396
54.31508752431231,3.0162826946737487
54.41511530980828,3.0174566926753728
54.51514309530425,3.0186099978722893
54.61517088080022,3.019742602355479
54.715198666296196,3.020854498357885
54.815226451792164,3.021945678254459
54.91525423728814,3.023016134562221
55.015282022784106,3.0240658599403054
55.11530980828008,3.025094847190013
55.21533759377605,3.0261030892548613
55.31536537927202,3.0270905792206295
55.41539316476799,3.028057310315413
55.515420950263966,3.0290032759096603
55.615448735759934,3.0299284695162267
55.71547652125591,3.0308328847904145
55.815504306751876,3.031716515530017
55.91553209224785,3.032579355675363
56.01555987774382,3.033421399309355
56.11558766323979,3.0342426406575127
56.21561544873576,3.0350430740880117
56.315643234231736,3.0358226941117223
56.415671019727704,3.0365814953822454
56.51569880522367,3.0373194726959523
56.615726590719646,3.0380366209920178
56.715754376215614,3.0387329353524555
56.81578216171159,3.039408411002152
56.915809947207556,3.040063043308901
57.01583773270353,3.0406968277834316
57.1158655181995,3.0413097600794416
57.21589330369547,3.041901835993627
57.31592108919144,3.0424730514657106
57.415948874687416,3.0430234025784686
57.515976660183384,3.0435528855577605
57.61600444567936,3.044061496772552
57.716032231175326,3.044549232734942
57.8160600166713,3.0450160901001837
57.91608780216727,3.0454620656667117
58.01611558766324,3.0458871563761596
58.11614337315921,3.0462913593133845
58.216171158655186,3.046674671706486
58.316198944151154,3.047037090926821
58.41622672964713,3.047378614489031
58.516254515143096,3.0476992400510494
58.61628230063907,3.047998965414123
58.71631008613504,3.0482777885228263
58.81633787163101,3.0485357074650756
58.91636565712698,3.0487727204721398
59.01639344262295,3.0489888259186553
59.116421228118924,3.049184022322637
59.21644901361489,3.0493583083454876
59.316476799110866,3.0495116827920046
59.416504584606834,3.0496441446103937
59.51653237010281,3.0497556928922713
59.616560155598776,3.049846326872673
59.71658794109475,3.04991604593006
59.81661572659072,3.0499648495863174
59.916643512086694,3.049992737506766
60.01667129758266,3.0474576271186438
60.116699083078636,3.032203389830508
60.216726868574604,3.016949152542373
60.31675465407058,3.0016949152542365
60.416782439566546,2.9864406779661015
60.51681022506252,2.9711864406779656
60.61683801055849,2.95593220338983
60.71686579605446,2.940677966101694
60.81689358155043,2.925423728813559
60.916921367046406,2.910169491525423
61.016949152542374,2.894915254237288
61.11697693803835,2.879661016949152
61.217004723534316,2.8644067796610164
61.31703250903029,2.8491525423728805
61.41706029452626,2.8338983050847455
61.517088080022226,2.8186440677966105
61.6171158655182,2.803389830508474
61.71714365101417,2.788135593220339
61.817171436510144,2.772881355932203
61.91719922200611,2.7576271186440677
62.017227007502086,2.7423728813559314
62.117254792998054,2.727118644067797
62.21728257849403,2.7118644067796605
62.317310363989996,2.6966101694915254
62.41733814948597,2.6813559322033895
62.51736593498194,2.666101694915254
62.617393720477914,2.650847457627118
62.71742150597388,2.635593220338983
62.817449291469856,2.620338983050847
62.917477076965824,2.6050847457627118
63.0175048624618,2.5898305084745754
63.117532647957766,2.5745762711864404
63.21756043345374,2.5593220338983045
63.31758821894971,2.544067796610169
63.417616004445684,2.528813559322033
63.51764378994165,2.513559322033898
63.617671575437626,2.4983050847457617
63.717699360933594,2.4830508474576267
63.81772714642957,2.467796610169491
63.917754931925536,2.4525423728813553
64.01778271742151,2.4372881355932194
64.11781050291748,2.4220338983050844
64.21783828841345,2.4067796610169494
64.31786607390941,2.3915254237288144
64.4178938594054,2.376271186440677
64.51792164490136,2.3610169491525417
64.61794943039733,2.3457627118644067
64.7179772158933,2.3305084745762716
64.81800500138928,2.3152542372881344
64.91803278688525,2.2999999999999994
65.01806057238122,2.2847457627118644
65.11808835787718,2.2694915254237293
65.21811614337317,2.254237288135592
65.31814392886913,2.2389830508474566
65.4181717143651,2.223728813559322
65.51819949986107,2.2084745762711866
65.61822728535705,2.1932203389830494
65.71825507085302,2.177966101694915
65.81828285634899,2.1627118644067793
65.91831064184495,2.1474576271186443
66.01833842734094,2.132203389830507
66.1183662128369,2.116949152542372
66.21839399833287,2.101694915254237
66.31842178382884,2.086440677966102
66.41844956932482,2.0711864406779648
66.51847735482079,2.0559322033898297
66.61850514031676,2.0406779661016943
66.71853292581272,2.0254237288135597
66.81856071130869,2.0101694915254242
66.91858849680467,1.994915254237287
67.01861628230064,1.9796610169491522
67.11864406779661,1.964406779661017
67.21867185329258,1.9491525423728817
67.31869963878856,1.9338983050847445
67.41872742428453,1.9186440677966097
67.5187552097805,1.9033898305084744
67.61878299527646,1.8881355932203396
67.71881078077244,1.8728813559322024
67.81883856626841,1.8576271186440672
67.91886635176438,1.842372881355932
68.01889413726035,1.8271186440677971
68.11892192275633,1.8118644067796599
68.2189497082523,1.7966101694915246
68.31897749374826,1.7813559322033898
68.41900527924423,1.7661016949152546
68.51903306474021,1.7508474576271174
68.61906085023618,1.7355932203389821
68.71908863573215,1.7203389830508473
68.81911642122812,1.705084745762712
68.9191442067241,1.6898305084745748
69.01917199222007,1.67457627118644
69.11919977771603,1.6593220338983048
69.219227563212,1.6440677966101696
69.31925534870797,1.6288135593220348
69.41928313420395,1.6135593220338975
69.51931091969992,1.5983050847457623
69.61933870519589,1.5830508474576273
69.71936649069185,1.5677966101694922
69.81939427618784,1.552542372881355
69.9194220616838,1.5372881355932198
70.01944984717977,1.5220338983050847
70.11947763267574,1.5067796610169497
70.21950541817172,1.4915254237288125
70.31953320366769,1.4762711864406775
70.41956098916366,1.4610169491525422
70.51958877465962,1.4457627118644072
70.6196165601556,1.43050847457627
70.71964434565157,1.415254237288135
70.81967213114754,1.3999999999999997
70.91969991664351,1.384745762711865
71.01972770213949,1.3694915254237277
71.11975548763546,1.3542372881355924
71.21978327313143,1.3389830508474572
71.3198110586274,1.3237288135593224
71.41983884412338,1.3084745762711851
71.51986662961934,1.2932203389830499
71.61989441511531,1.277966101694915
71.71992220061128,1.2627118644067798
71.81994998610725,1.2474576271186446
71.91997777160323,1.2322033898305074
72.0200055570992,1.2169491525423726
72.12003334259516,1.2016949152542373
72.22006112809113,1.1864406779661025
72.32008891358711,1.1711864406779653
72.42011669908308,1.15593220338983
72.52014448457905,1.1406779661016948
72.62017227007502,1.12542372881356
72.720200055571,1.1101694915254228
72.82022784106697,1.0949152542372875
72.92025562656293,1.0796610169491527
73.0202834120589,1.0644067796610175
73.12031119755488,1.0491525423728802
73.22033898305085,1.033898305084745
73.32036676854682,1.0186440677966102
73.42039455404279,1.003389830508475
73.52042233953877,0.9881355932203376
73.62045012503474,0.9728813559322028
73.7204779105307,0.9576271186440676
73.82050569602667,0.9423728813559323
73.92053348152265,0.9271186440677951
74.02056126701862,0.9118644067796603
74.12058905251459,0.896610169491525
74.22061683801056,0.8813559322033901
74.32064462350652,0.866101694915255
74.4206724090025,0.8508474576271178
74.52070019449847,0.8355932203389825
74.62072797999444,0.8203389830508476
74.72075576549041,0.8050847457627125
74.82078355098639,0.7898305084745753
74.92081133648236,0.7745762711864403
75.02083912197833,0.7593220338983051
75.1208669074743,0.74406779661017
75.22089469297028,0.7288135593220327
75.32092247846624,0.7135593220338978
75.42095026396221,0.6983050847457626
75.52097804945818,0.6830508474576278
75.62100583495416,0.6677966101694905
75.72103362045013,0.6525423728813553
75.8210614059461,0.6372881355932201
75.92108919144206,0.6220338983050853
76.02111697693805,0.606779661016948
76.12114476243401,0.5915254237288128
76.22117254792998,0.5762711864406779
76.32120033342595,0.5610169491525427
76.42122811892193,0.5457627118644055
76.5212559044179,0.5305084745762703
76.62128368991387,0.5152542372881354
76.72131147540983,0.5000000000000002
76.8213392609058,0.4847457627118653
76.92136704640178,0.4694915254237281
77.02139483189775,0.4542372881355929
77.12142261739372,0.43898305084745765
77.22145040288969,0.4237288135593228
77.32147818838567,0.40847457627118555
77.42150597388164,0.39322033898305037
77.5215337593776,0.37796610169491546
77.62156154487357,0.36271186440678027
77.72158933036955,0.34745762711864303
77.82161711586552,0.33220338983050784
77.92164490136149,0.31694915254237294
78.02167268685746,0.30169491525423775
78.12170047235344,0.2864406779661005
78.2217282578494,0.27118644067796566
78.32175604334537,0.2559322033898304
78.42178382884134,0.24067796610169523
78.52181161433732,0.225423728813558
78.62183939983329,0.2101694915254231
78.72186718532926,0.19491525423728792
78.82189497082523,0.17966101694915304
78.92192275632121,0.1644067796610158
79.02195054181718,0.1491525423728806
79.12197832731314,0.1338983050847454
79.22200611280911,0.11864406779661052
79.3220338983051,0.10338983050847328
79.42206168380106,0.08813559322033807
79.52208946929703,0.0728813559322032
79.622117254793,0.057627118644068
79.72214504028896,0.042372881355932784
79.82217282578495,0.027118644067795548
79.92220061128091,0.011864406779660679
80.02222839677688,0.0
80.12225618227285,0.0
80.22228396776883,0.0
80.3223117532648,0.0
80.42233953876077,0.0
80.52236732425673,0.0
80.62239510975272,0.0
80.72242289524868,0.0
80.82245068074465,0.0
80.92247846624062,0.0
81.0225062517366,0.0
81.12253403723257,0.0
81.22256182272854,0.0
81.3225896082245,0.0
81.42261739372049,0.0
81.52264517921645,0.0
81.62267296471242,0.0
81.72270075020839,0.0
81.82272853570437,0.0
81.92275632120034,0.0
82.0227841066963,0.0
82.12281189219227,0.0
82.22283967768824,0.0
82.32286746318422,0.0
82.42289524868019,0.0
82.52292303417616,0.0
82.62295081967213,0.0
82.72297860516811,0.0
82.82300639066408,0.0
82.92303417616004,0.0
83.02306196165601,0.0
83.123089747152,0.0
83.22311753264796,0.0
83.32314531814393,0.0
83.4231731036399,0.0
83.52320088913588,0.0
83.62322867463185,0.0
83.72325646012781,0.0
83.82328424562378,0.0
83.92331203111976,0.0
84.02333981661573,0.0
84.1233676021117,0.0
84.22339538760767,0.0
84.32342317310365,0.0
84.42345095859962,0.0
84.52347874409558,0.0
84.62350652959155,0.0
84.72353431508752,0.0
84.8235621005835,0.0
84.92358988607947,0.0
85.02361767157544,0.0
85.1236454570714,0.0
85.22367324256739,0.0
85.32370102806335,0.0
85.42372881355932,0.0
85.52375659905529,0.0
85.62378438455127,0.0
85.72381217004724,0.0
85.8238399555432,0.0
85.92386774103917,0.0
86.02389552653516,0.0
86.12392331203112,0.0
86.22395109752709,0.0
86.32397888302306,0.0
86.42400666851904,0.0
86.52403445401501,0.0
86.62406223951098,0.0
86.72409002500694,0.0
86.82411781050293,0.0
86.9241455959989,0.0
87.02417338149486,0.0
87.12420116699083,0.0
87.2242289524868,0.0
87.32425673798278,0.0
87.42428452347875,0.0
87.52431230897471,0.0
87.62434009447068,0.0
87.72436787996666,0.0
87.82439566546263,0.0
87.9244234509586,0.0
88.02445123645457,0.0
88.12447902195055,0.0
88.22450680744652,0.0
88.32453459294248,0.0
88.42456237843845,0.0
88.52459016393443,0.0
88.6246179494304,0.0
88.72464573492637,0.0
88.82467352042234,0.0
88.92470130591832,0.0
89.02472909141429,0.0
89.12475687691025,0.0
89.22478466240622,0.0
89.3248124479022,0.0
89.42484023339817,0.0
89.52486801889414,0.0
89.6248958043901,0.0
89.72492358988607,0.0
89.82495137538206,0.0
89.92497916087802,0.0
90.02500694637399,0.001996774849049963
90.12503473186996,0.009983857128651406
90.22506251736594,0.0179708709419836
90.32509030286191,0.025957761516520957
90.42511808835788,0.033944474080586456
90.52514587385384,0.04193095386372264
90.62517365934983,0.049917146097069556
90.7252014448458,0.057902996013735775
90.82522923034176,0.06588844884918077
90.92525701583773,0.07387344984158593
91.02528480133371,0.0818579442322324
91.12531258682968,0.08984187726587209
91.22534037232565,0.0978251941911098
91.32536815782161,0.10580784026077442
91.4253959433176,0.11378976073229637
91.52542372881356,0.12177090086807875
91.62545151430953,0.12975120593587922
91.7254792998055,0.13773062120918103
91.82550708530148,0.1457090919675705
91.92553487079745,0.15368656349710777
92.02556265629342,0.16166298109070867
92.12559044178938,0.1696382900485157
92.22561822728535,0.17761243567827376
92.32564601278133,0.1855853632957068
92.4256737982773,0.19355701822488816
92.52570158377327,0.20152734579862228
92.62572936926924,0.20949629135881492
92.72575715476522,0.2174638002568506
92.82578494026119,0.22542981785396252
92.92581272575715,0.2333942895216142
93.02584051125312,0.24135716064186952
93.1258682967491,0.24931837660776962
93.22589608224507,0.2572778828237027
93.32592386774104,0.2652356247057854
93.42595165323701,0.2731915476822325
93.52597943873299,0.2811455971937333
93.62600722422896,0.2890977186938214
93.72603500972492,0.2970478576492557
93.82606279522089,0.30499595954038927
93.92609058071687,0.3129419698615462
94.02611836621284,0.32088583412139066
94.12614615170881,0.32882749784330684
94.22617393720478,0.33676690656576863
94.32620172270076,0.3447040058427152
94.42622950819673,0.3526387412439198
94.5262572936927,0.3605710583553697
94.62628507918866,0.36850090277963504
94.72631286468464,0.376428220136244
94.82634065018061,0.38435295606205133
94.92636843567658,0.39227505621161773
95.02639622117255,0.400194466257578
95.12642400666851,0.408111131891015
95.2264517921645,0.41602499882183336
95.32647957766046,0.4239360127791264
95.42650736315643,0.4318441195115562
95.5265351486524,0.43974926478772003
95.62656293414838,0.4476513943965255
95.72659071964435,0.45555045414755735
95.82661850514032,0.4634463898714555
95.92664629063628,0.4713391474202828
96.02667407613227,0.4792286726678979
96.12670186162823,0.48711491151032243
96.2267296471242,0.4949978098661183
96.32675743262017,0.5028773136767545
96.42678521811615,0.5107533689069801
96.52681300361212,0.5186259215451896
96.62684078910809,0.5264949176038013
96.72686857460405,0.5343603031196216
96.82689636010004,0.5422220241542185
96.926924145596,0.5500800267942864
97.02695193109197,0.5579342571520227
97.12697971658794,0.5657846613654927
97.22700750208392,0.5736311855990017
97.32703528757989,0.581473776043459
97.42706307307586,0.5893123789167543
97.52709085857182,0.5971469404641215
97.62711864406779,0.604977406958509
97.72714642956377,0.6128037247009482
97.82717421505974,0.6206258400209191
97.92720200055571,0.6284436992767233
98.02722978605168,0.6362572488558481
98.12725757154766,0.6440664351753369
98.22728535704363,0.6518712046821509
98.3273131425396,0.6596715038535443
98.42734092803556,0.6674672791974265
98.52736871353154,0.6752584772527306
98.62739649902751,0.6830450445897763
98.72742428452348,0.6908269278106427
98.82745207001945,0.69860407354953
98.92747985551543,0.706376428473128
99.0275076410114,0.7141439392809763
99.12753542650736,0.7219065527058384
99.22756321200333,0.7296642155140607
99.32759099749931,0.7374168745059406
99.42761878299528,0.7451644765160872
99.52764656849125,0.7529069684137921
99.62767435398722,0.7606442971033891
99.7277021394832,0.768376409524621
99.82772992497917,0.7761032526529991
99.92775771047513,0.7838247735001729
100.0277854959711,0.7915409191142893
100.12781328146707,0.7992516365803572
100.22784106696305,0.8069568730206114
100.32786885245902,0.8146565755948697
100.42789663795499,0.822350691500904
100.52792442345095,0.8300391679747962
100.62795220894694,0.8377219522913022
100.7279799944429,0.8453989917642107
100.82800777993887,0.8530702337467099
100.92803556543484,0.8607356256317438
101.02806335093082,0.8683951148523764
101.12809113642679,0.8760486488821462
101.22811892192276,0.8836961752354346
101.32814670741872,0.8913376414678208
101.4281744929147,0.898972995176443
101.52820227841067,0.9066021840003544
101.62823006390664,0.9142251556208881
101.72825784940261,0.9218418577620122
101.82828563489859,0.9294522381906898
101.92831342039456,0.9370562447172329
102.02834120589053,0.944653825195668
102.1283689913865,0.9522449275240867
102.22839677688248,0.9598294996450087
102.32842456237844,0.9674074895457317
102.42845234787441,0.9749788452586955
102.52848013337038,0.9825435148618343
102.62850791886635,0.9901014464789336
102.72853570436233,0.9976525882799869
102.8285634898583,1.0051968884815472
102.92859127535426,1.012734295347088
103.02861906085023,1.0202647571873547
103.12864684634621,1.02778822236072
103.22867463184218,1.035304639273535
103.32870241733815,1.0428139563804881
103.42873020283412,1.0503161221849557
103.5287579883301,1.0578110852393567
103.62878577382607,1.0652987941455005
103.72881355932203,1.072779197554947
103.828841344818,1.0802522441693534
103.92886913031398,1.0877178827408294
104.02889691580995,1.0951760620722826
104.12892470130592,1.102626731017778
104.22895248680189,1.110069838482883
104.32898027229787,1.11750533342502
104.42900805779384,1.1249331648538141
104.5290358432898,1.1323532818314455
104.62906362878577,1.1397656334729982
104.72909141428175,1.1471701689468095
104.82911919977772,1.1545668374748137
104.92914698527369,1.161955588332898
105.02917477076966,1.1693363708512454
105.12920255626562,1.1767091344146834
105.2292303417616,1.1840738284630314
105.32925812725757,1.1914304024914457
105.42928591275354,1.1987788060507685
105.52931369824951,1.206118988747872
105.62934148374549,1.2134509002460072
105.72936926924146,1.2207744902651412
105.82939705473743,1.228089708582311
105.9294248402334,1.2353965050319642
106.02945262572938,1.242694829506303
106.12948041122534,1.2499846319556251
106.22950819672131,1.257265862388673
106.32953598221728,1.2645384708729714
106.42956376771326,1.2718024075351746
106.52959155320923,1.2790576225614008
106.6296193387052,1.2863040661975824
106.72964712420116,1.2935416887498024
106.82967490969715,1.3007704405846365
106.92970269519311,1.3079902721294911
107.02973048068908,1.3152011338729477
107.12975826618505,1.3224029763650982
107.22978605168103,1.3295957502178886
107.329813837177,1.3367794061054497
107.42984162267297,1.3439538947644458
107.52986940816893,1.3511191669944045
107.6298971936649,1.3582751736580576
107.72992497916088,1.3654218656816786
107.82995276465685,1.3725591940554143
107.92998055015282,1.3796871098336287
108.03000833564879,1.3868055641352317
108.13003612114477,1.39391450814402
108.23006390664074,1.4010138931090053
108.3300916921367,1.408103670344755
108.43011947763267,1.4151837912317222
108.53014726312865,1.4222542072165827
108.63017504862462,1.429314869812561
108.73020283412059,1.4363657305997712
108.83023061961656,1.4434067412255447
108.93025840511254,1.4504378534047617
109.0302861906085,1.457459018920182
109.13031397610447,1.4644701896227776
109.23034176160044,1.4714713174320628
109.33036954709642,1.4784623543364226
109.43039733259239,1.48544325239344
109.53042511808836,1.4924139637302298
109.63045290358433,1.499374440543764
109.73048068908031,1.5063246351011994
109.83050847457628,1.5132644997402045
109.93053626007224,1.5201939868692882
110.03056404556821,1.5271130489681253
110.13059183106418,1.5340216385878824
110.23061961656016,1.540919708351544
110.33064740205613,1.5478072109542331
110.4306751875521,1.5546840991635424
110.53070297304807,1.5615503258198544
110.63073075854405,1.568405843836665
110.73075854404001,1.5752506062009064
110.83078632953598,1.5820845659732692
110.93081411503195,1.5889076762885266
111.03084190052793,1.5957198903558536
111.1308696860239,1.6025211614591468
111.23089747151987,1.609311442957348
111.33092525701583,1.6160906882847619
111.43095304251182,1.6228588509513768
111.53098082800778,1.6296158845431798
111.63100861350375,1.636361742722481
111.73103639899972,1.6430963792282265
111.8310641844957,1.6498197478763181
111.93109196999167,1.656531802559927
112.03111975548764,1.663232497249815
112.1311475409836,1.6699217859946447
112.23117532647959,1.6765996229213014
112.33120311197555,1.6832659622351975
112.43123089747152,1.6899207582205968
112.53125868296749,1.6965639652409226
112.63128646846347,1.703195537739073
112.73131425395944,1.709815430237729
112.83134203945541,1.7164235973396724
112.93136982495137,1.7230199937280934
113.03139761044734,1.729604574166902
113.13142539594332,1.7361772935010393
113.23145318143929,1.7427381066567842
113.33148096693526,1.7492869686420658
113.43150875243123,1.7558238345467714
113.53153653792721,1.762348659543054
113.63156432342318,1.7688613988856363
113.73159210891914,1.7753620079121253
113.83161989441511,1.7818504420433101
113.9316476799111,1.7883266567834752
114.03167546540706,1.7947906077206983
114.13170325090303,1.8012422505271608
114.231731036399,1.8076815409594493
114.33175882189498,1.8141084348588599
114.43178660739095,1.8205228881516973
114.53181439288691,1.8269248568495833
114.63184217838288,1.833314297049755
114.73186996387886,1.8396911649353656
114.83189774937483,1.8460554167757832
114.9319255348708,1.8524070089268962
115.03195332036677,1.8587458978314082
115.13198110586275,1.865072040019138
115.23200889135872,1.8713853921073165
115.33203667685468,1.8776859108008852
115.43206446235065,1.8839735528927952
115.53209224784662,1.8902482752642997
115.6321200333426,1.896510034885253
115.73214781883857,1.9027587888144009
115.83217560433454,1.9089944941996806
115.9322033898305,1.9152171082785128
116.03223117532649,1.9214265883780932
116.13225896082245,1.9276228919156864
116.23228674631842,1.9338059763989186
116.33231453181439,1.9399757994260673
116.43234231731037,1.9461323186863544
116.53237010280634,1.9522754919602334
116.63239788830231,1.9584052771196816
116.73242567379828,1.9645216321284875
116.83245345929426,1.9706245150425408
116.93248124479022,1.9767138840101162
117.03250903028619,1.9827896972721646
117.13253681578216,1.988851913162598
117.23256460127814,1.9949004901085754
117.33259238677411,2.000935386630785
117.43262017227008,2.0069565613437343
117.53264795776605,2.012963972956029
117.63267574326203,2.0189575802706603
117.732703528758,2.02493734218528
117.83273131425396,2.0309032176924933
117.93275909974993,2.0368551658801306
118.0327868852459,2.042793145931533
118.13281467074188,2.048717117125832
118.23284245623785,2.0546270388382237
118.33287024173381,2.0605228705402543
118.43289802722978,2.066404571800095
118.53292581272576,2.0722721022828203
118.63295359822173,2.0781254217506793
118.7329813837177,2.0839644900633796
118.83300916921367,2.0897892671783587
118.93303695470965,2.095599713151058
119.03306474020562,2.1013957881351972
119.13309252570158,2.107177452383049
119.23312031119755,2.1129446662457085
119.33314809669353,2.1186973901733706
119.4331758821895,2.1244355847155942
119.53320366768547,2.1301592105215783
119.63323145318144,2.1358682283404296
119.73325923867742,2.141562599021433
119.83328702417339,2.1472422835143155
119.93331480966935,2.152907242869521
120.03334259516532,2.1585574382384736
120.1333703806613,2.164192830873844
120.23339816615727,2.1698133821298127
120.33342595165324,2.175419053462342
120.43345373714921,2.181009806429434
120.53348152264518,2.186585602691398
120.63350930814116,2.192146404011111
120.73353709363712,2.197692172254279
120.83356487913309,2.2032228693897022
120.93359266462906,2.208738457489535
121.03362045012504,2.2142388987295436
121.13364823562101,2.219724155389365
121.23367602111698,2.22519418985277
121.33370380661295,2.2306489646079184
121.43373159210893,2.2360884422476164
121.5337593776049,2.241512585469571
121.63378716310086,2.246921357076651
121.73381494859683,2.252314719977137
121.83384273409281,2.2576926371849804
121.93387051958878,2.26305507182005
122.03389830508475,2.2684019871083936
122.13392609058072,2.2737333463824845
122.2339538760767,2.2790491130814754
122.33398166157266,2.284349250751445
122.43400944706863,2.2896337230456543
122.5340372325646,2.294902493724792
122.63406501806058,2.3001555266572247
122.73409280355655,2.30539278581924
122.83412058905252,2.3106142352953007
122.93414837454849,2.3158198392782867
123.03417616004445,2.321009562069742
123.13420394554043,2.326183368080119
123.2342317310364,2.33134122182902
123.33425951653237,2.336483087945447
123.43428730202834,2.3416089311680364
123.53431508752432,2.34671871634531
123.63434287302029,2.3518124084359044
123.73437065851626,2.356889972508822
123.83439844401222,2.361951373743666
123.9344262295082,2.366996577430879
124.03445401500417,2.3720255489719793
124.13448180050014,2.3770382538798027
124.23450958599611,2.3820346577787372
124.33453737149209,2.387014726404957
124.43456515698806,2.391978425606658
124.53459294248403,2.3969257213442927
124.63462072797999,2.401856579690806
124.73464851347597,2.4067709668318638
124.83467629897194,2.4116688490660856
124.93470408446791,2.4165501928052766
125.03473186996388,2.421414964574661
125.13475965545986,2.4262631310131053
125.23478744095583,2.4310946588733517
125.3348152264518,2.4359095150222436
125.43484301194776,2.4407076664409555
125.53487079744373,2.445489080225218
125.63489858293971,2.450253723585542
125.73492636843568,2.455001563847445
125.83495415393165,2.4597325684516758
125.93498193942762,2.4644467049544363
126.0350097249236,2.469143941027607
126.13503751041956,2.473824244458962
126.23506529591553,2.4784875831523983
126.3350930814115,2.48313392512815
126.43512086690748,2.4877632385230126
126.53514865240345,2.4923754915905523
126.63517643789942,2.496970652701336
126.73520422339539,2.5015486903431383
126.83523200889137,2.5061095731211642
126.93525979438733,2.510653269758258
127.0352875798833,2.515179749095125
127.13531536537927,2.5196889800905393
127.23534315087525,2.5241809318215602
127.33537093637122,2.5286555734837415
127.43539872186719,2.533112874391345
127.53542650736316,2.5375528039775506
127.63545429285914,2.5419753317946654
127.7354820783551,2.546380427514331
127.83550986385107,2.5507680609277354
127.93553764934704,2.5551382019458155
128.03556543484302,2.5594908205994686
128.135593220339,2.563825887039752
128.23562100583496,2.568143371538092
128.33564879133093,2.5724432444864873
128.4356765768269,2.5767254763977103
128.53570436232286,2.580990037905511
128.63573214781883,2.585236899764817
128.73575993331482,2.5894660328519374
128.8357877188108,2.5936774081647536
128.93581550430676,2.5978709968229303
129.03584328980273,2.602046770068105
129.1358710752987,2.60620469926409
129.23589886079466,2.610344755897064
129.33592664629063,2.6144669115757724
129.4359544317866,2.6185711380317196
129.5359822172826,2.622657407119363
129.63601000277856,2.626725690816304
129.73603778827453,2.630775961223486
129.8360655737705,2.63480819056538
129.93609335926647,2.638822351190177
130.03612114476243,2.6428184155699803
130.1361489302584,2.6467963563009875
130.23617671575437,2.6507561461036864
130.33620450125036,2.6546977578230377
130.43623228674633,2.65862116442866
130.5362600722423,2.6625263390150185
130.63628785773827,2.6664132548016077
130.73631564323424,2.6702818851331362
130.8363434287302,2.6741322034797075
130.93637121422617,2.677964183437004
131.03639899972214,2.681777798726467
131.1364267852181,2.6855730231954773
131.2364545707141,2.6893498308175348
131.33648235621007,2.6931081956924348
131.43651014170604,2.696848092046448
131.536537927202,2.7005694942324983
131.63656571269797,2.7042723767303363
131.73659349819394,2.7079567141467127
131.8366212836899,2.711622481215559
131.93664906918588,2.715269652798152
132.03667685468187,2.7188982038832954
132.13670464017784,2.7225081095874817
132.2367324256738,2.726099345155071
132.33676021116977,2.729671885958456
132.43678799666574,2.7332257074982342
132.5368157821617,2.7367607854033733
132.63684356765768,2.7402770954313787
132.73687135315365,2.7437746134684597
132.83689913864964,2.747253315529698
132.9369269241456,2.7507131777592058
133.03695470964158,2.754154176430296
133.13698249513754,2.757576287945641
133.2370102806335,2.7609794888374353
133.33703806612948,2.7643637557675587
133.43706585162545,2.7677290655277313
133.53709363712142,2.771075395039679
133.63712142261738,2.774402721355285
133.73714920811338,2.777711021656755
133.83717699360935,2.7810002732567645
133.93720477910531,2.784270453598622
134.03723256460128,2.7875215402564204
134.13726035009725,2.7907535109351924
134.23728813559322,2.7939663434710607
134.33731592108919,2.797160015831392
134.43734370658515,2.8003345061149485
134.53737149208115,2.803489792552037
134.63739927757712,2.806625853504656
134.73742706307308,2.8097426674666512
134.83745484856905,2.812840213063854
134.93748263406502,2.815918469054235
135.037510419561,2.818977414328046
135.13753820505696,2.8220170279079664
135.23756599055292,2.8250372889492468
135.33759377604892,2.8280381767398506
135.4376215615449,2.8310196707005972
135.53764934704085,2.833981750385304
135.63767713253682,2.8369243954809247
135.7377049180328,2.83984758580769
135.83773270352876,2.8427513013192454
135.93776048902473,2.845635522102789
136.0377882745207,2.8485002283792067
136.13781606001666,2.8513454005032117
136.23784384551266,2.854171018963474
136.33787163100862,2.856977064382756
136.4378994165046,2.8597635175180494
136.53792720200056,2.8625303592607008
136.63795498749653,2.8652775706365476
136.7379827729925,2.8680051328060445
136.83801055848846,2.8707130270643972
136.93803834398443,2.8734012348416864
137.03806612948043,2.8760697377029967
137.1380939149764,2.8787185173485415
137.23812170047236,2.8813475556137935
137.33814948596833,2.8839568344696036
137.4381772714643,2.886546336022327
137.53820505696027,2.8891160425139453
137.63823284245623,2.8916659363221897
137.7382606279522,2.894195999960661
137.8382884134482,2.8967062160789476
137.93831619894416,2.8991965674627465
138.03834398444013,2.901667037033983
138.1383717699361,2.9041176078509237
138.23839955543207,2.9065482631082964
138.33842734092804,2.9089589861374017
138.438455126424,2.9113497604062317
138.53848291191997,2.91372056951958
138.63851069741594,2.916071397219156
138.73853848291193,2.9184022273836936
138.8385662684079,2.9207130440290654
138.93859405390387,2.92300383130839
139.03862183939984,2.925274573512142
139.1386496248958,2.9275252550682587
139.23867741039177,2.929755860542247
139.33870519588774,2.9319663746372897
139.4387329813837,2.9341567821943504
139.5387607668797,2.936327068192277
139.63878855237567,2.9384772177479044
139.73881633787164,2.9406072161161583
139.8388441233676,2.9427170486901546
139.93887190886358,2.9448067010013004
140.03889969435954,2.9468761587193915
140.1389274798555,2.9489254076527143
140.23895526535148,2.9509544337481395
140.33898305084747,2.95296322309122
140.43901083634344,2.9549517619062873
140.5390386218394,2.956920036556543
140.63906640733538,2.9588680335441557
140.73909419283135,2.9607957395103517
140.8391219783273,2.9627031412355076
140.93914976382328,2.9645902256392382
141.03917754931925,2.9664569797804914
141.13920533481522,2.968303390857631
141.2392331203112,2.97012944620853
141.33926090580718,2.971935133310652
141.43928869130315,2.9737204397811428
141.53931647679912,2.9754853533769103
141.63934426229508,2.977229861994711
141.73937204779105,2.978953953671233
141.83939983328702,2.9806576165831773
141.939427618783,2.9823408390473394
142.03945540427898,2.9840036095206908
142.13948318977495,2.985645916600452
142.23951097527092,2.987267749024179
142.33953876076689,2.9888690956698363
142.43956654626285,2.990449945555874
142.53959433175882,2.992010287841301
142.6396221172548,2.9935501118257624
142.73964990275076,2.9950694069496118
142.83967768824675,2.9965681627939826
142.93970547374272,2.9980463690808614
143.0397332592387,2.9995040156731556
143.13976104473466,3.0009410925747675
143.23978883023062,3.002357589930658
143.3398166157266,3.003753498026917
143.43984440122256,3.0051288072908293
143.53987218671853,3.0064835082909407
143.6398999722145,3.0078175917371213
143.7399277577105,3.0091310484806306
143.83995554320646,3.01042386951418
143.93998332870243,3.011696045971994
144.0400111141984,3.012947569129871
144.14003889969436,3.0141784304052446
144.24006668519033,3.015388621357241
144.3400944706863,3.016578133686736
144.44012225618226,3.0177469592364146
144.54015004167826,3.0188950899908256
144.64017782717423,3.020022518076435
144.7402056126702,3.0211292357616824
144.84023339816616,3.022215235457033
144.94026118366213,3.023280509715029
145.0402889691581,3.024325051230343
145.14031675465407,3.0253488528398242
145.24034454015003,3.0263519075225513
145.34037232564603,3.02733420839988
145.440400111142,3.0282957487354882
145.54042789663796,3.0292365219354216
145.64045568213393,3.030156521548143
145.7404834676299,3.031055741264575
145.84051125312587,3.031934174918139
145.94053903862184,3.0327918164848033
146.0405668241178,3.0336286600831226
146.14059460961377,3.034444699974276
146.24062239510977,3.0352399305621094
146.34065018060573,3.0360143463931717
146.4406779661017,3.036767942156753
146.54070575159767,3.0375007126849227
146.64073353709364,3.0382126529525615
146.7407613225896,3.0389037580773994
146.84078910808557,3.039574023320046
146.94081689358154,3.0402234440840252
147.04084467907754,3.0408520159158066
147.1408724645735,3.0414597345048335
147.24090025006947,3.0420465956835563
147.34092803556544,3.0426125954274594
147.4409558210614,3.043157729855087
147.54098360655738,3.043681995228073
147.64101139205334,3.044185387951163
147.7410391775493,3.044667904572243
147.8410669630453,3.04512954178236
147.94109474854127,3.0455702964157454
148.04112253403724,3.045990165449837
148.1411503195332,3.046389146005301
148.24117810502918,3.0467672353460493
148.34120589052515,3.0471244308792587
148.4412336760211,3.0474607301553913
148.54126146151708,3.0477761308682085
148.64128924701305,3.0480706308547867
148.74131703250904,3.048344228095535
148.841344818005,3.048596920714206
148.94137260350098,3.0488287069779103
149.04140038899695,3.049039585297128
149.14142817449292,3.049229554225719
149.24145595998888,3.0493986124609345
149.34148374548485,3.049546758843423
149.44151153098082,3.049673992357243
149.54153931647681,3.049780312129865
149.64156710197278,3.04986571743218
149.74159488746875,3.049930207678504
149.84162267296472,3.049973782426583
149.94165045846069,3.049996441377595
150.04167824395665,3.04364406779661
150.14170602945262,3.028389830508475
150.2417338149486,3.01313559322034
150.34176160044458,2.9978813559322006
150.44178938594055,2.9826271186440656
150.54181717143652,2.9673728813559306
150.6418449569325,2.9521186440677956
150.74187274242846,2.9368644067796605
150.84190052792442,2.921610169491525
150.9419283134204,2.9063559322033905
151.04195609891636,2.891101694915255
151.14198388441233,2.87584745762712
151.24201166990832,2.8605932203389806
151.3420394554043,2.8453389830508455
151.44206724090026,2.8300847457627105
151.54209502639623,2.8148305084745755
151.6421228118922,2.7995762711864405
151.74215059738816,2.7843220338983055
151.84217838288413,2.7690677966101704
151.9422061683801,2.753813559322035
152.0422339538761,2.738559322033896
152.14226173937206,2.7233050847457605
152.24228952486803,2.7080508474576255
152.342317310364,2.6927966101694905
152.44234509585996,2.6775423728813554
152.54237288135593,2.6622881355932204
152.6424006668519,2.6470338983050854
152.74242845234787,2.63177966101695
152.84245623784386,2.616525423728811
152.94248402333983,2.6012711864406755
153.0425118088358,2.586016949152541
153.14253959433177,2.5707627118644054
153.24256737982773,2.555508474576271
153.3425951653237,2.5402542372881354
153.44262295081967,2.5250000000000004
153.54265073631564,2.5097457627118653
153.6426785218116,2.4944915254237303
153.7427063073076,2.479237288135591
153.84273409280357,2.463983050847456
153.94276187829954,2.448728813559321
154.0427896637955,2.433474576271186
154.14281744929147,2.4182203389830503
154.24284523478744,2.4029661016949158
154.3428730202834,2.3877118644067803
154.44290080577937,2.3724576271186457
154.54292859127537,2.357203389830506
154.64295637677134,2.3419491525423712
154.7429841622673,2.3266949152542358
154.84301194776327,2.3114406779661008
154.94303973325924,2.2961864406779657
155.0430675187552,2.2809322033898307
155.14309530425118,2.2656779661016957
155.24312308974714,2.2504237288135607
155.34315087524314,2.235169491525421
155.4431786607391,2.219915254237286
155.54320644623508,2.2046610169491507
155.64323423173104,2.1894067796610157
155.743262017227,2.1741525423728807
155.84328980272298,2.1588983050847457
155.94331758821895,2.1436440677966107
156.0433453737149,2.128389830508475
156.1433731592109,2.113135593220336
156.24340094470688,2.0978813559322007
156.34342873020285,2.082627118644066
156.4434565156988,2.0673728813559307
156.54348430119478,2.052118644067796
156.64351208669075,2.0368644067796606
156.74353987218672,2.0216101694915256
156.84356765768268,2.0063559322033906
156.94359544317865,1.9911016949152556
157.04362322867465,1.9758474576271163
157.14365101417062,1.960593220338981
157.24367879966658,1.945338983050846
157.34370658516255,1.9300847457627108
157.44373437065852,1.9148305084745758
157.5437621561545,1.8995762711864408
157.64378994165045,1.8843220338983055
157.74381772714642,1.8690677966101708
157.84384551264242,1.853813559322031
157.94387329813839,1.8385593220338963
158.04390108363435,1.823305084745761
158.14392886913032,1.8080508474576258
158.2439566546263,1.792796610169491
158.34398444012226,1.7775423728813557
158.44401222561822,1.762288135593221
158.5440400111142,1.7470338983050857
158.6440677966102,1.7317796610169465
158.74409558210616,1.7165254237288112
158.84412336760212,1.701271186440676
158.9441511530981,1.6860169491525412
159.04417893859406,1.670762711864406
159.14420672409003,1.6555084745762711
159.244234509586,1.640254237288136
159.34426229508196,1.6250000000000007
159.44429008057793,1.6097457627118659
159.54431786607392,1.5944915254237262
159.6443456515699,1.5792372881355914
159.74437343706586,1.5639830508474561
159.84440122256183,1.5487288135593213
159.9444290080578,1.533474576271186
160.04445679355376,1.5182203389830509
160.14448457904973,1.502966101694916
160.2445123645457,1.4877118644067808
160.3445401500417,1.4724576271186416
160.44456793553766,1.4572033898305063
160.54459572103363,1.4419491525423713
160.6446235065296,1.4266949152542363
160.74465129202557,1.411440677966101
160.84467907752153,1.396186440677966
160.9447068630175,1.380932203389831
161.04473464851347,1.365677966101696
161.14476243400946,1.3504237288135565
161.24479021950543,1.3351694915254215
161.3448180050014,1.3199152542372863
161.44484579049737,1.3046610169491513
161.54487357599334,1.2894067796610162
161.6449013614893,1.274152542372881
161.74492914698527,1.2588983050847462
161.84495693248124,1.243644067796611
161.9449847179772,1.2283898305084757
162.0450125034732,1.2131355932203365
162.14504028896917,1.1978813559322012
162.24506807446514,1.1826271186440664
162.3450958599611,1.1673728813559312
162.44512364545707,1.1521186440677964
162.54515143095304,1.1368644067796612
162.645179216449,1.121610169491526
162.74520700194498,1.1063559322033911
162.84523478744097,1.0911016949152514
162.94526257293694,1.0758474576271166
163.0452903584329,1.0605932203389814
163.14531814392888,1.0453389830508466
163.24534592942484,1.0300847457627114
163.3453737149208,1.0148305084745761
163.44540150041678,0.9995762711864413
163.54542928591275,0.9843220338983061
163.64545707140874,0.9690677966101668
163.7454848569047,0.9538135593220316
163.84551264240068,0.9385593220338967
163.94554042789665,0.9233050847457616
164.0455682133926,0.9080508474576263
164.14559599888858,0.8927966101694914
164.24562378438455,0.8775423728813562
164.34565156988052,0.8622881355932214
164.44567935537648,0.8470338983050861
164.54570714087248,0.8317796610169469
164.64573492636845,0.8165254237288117
164.74576271186442,0.8012711864406764
164.84579049736038,0.7860169491525416
164.94581828285635,0.7707627118644064
165.04584606835232,0.7555084745762716
165.1458738538483,0.7402542372881363
165.24590163934425,0.7250000000000011
165.34592942484025,0.7097457627118618
165.44595721033622,0.6944915254237266
165.54598499583219,0.6792372881355917
165.64601278132815,0.6639830508474566
165.74604056682412,0.6487288135593217
165.8460683523201,0.6334745762711864
165.94609613781606,0.6182203389830513
166.04612392331202,0.6029661016949164
166.14615170880802,0.5877118644067768
166.246179494304,0.5724576271186419
166.34620727979996,0.5572033898305067
166.44623506529592,0.5419491525423719
166.5462628507919,0.5266949152542366
166.64629063628786,0.5114406779661014
166.74631842178383,0.4961864406779666
166.8463462072798,0.48093220338983134
166.94637399277576,0.4656779661016965
167.04640177827176,0.45042372881355686
167.14642956376773,0.435169491525422
167.2464573492637,0.4199152542372868
167.34648513475966,0.4046610169491516
167.44651292025563,0.3894067796610167
167.5465407057516,0.37415254237288154
167.64656849124756,0.3588983050847466
167.74659627674353,0.34364406779661144
167.84662406223953,0.32838983050847215
167.9466518477355,0.31313559322033696
168.04667963323146,0.2978813559322017
168.14670741872743,0.28262711864406687
168.2467352042234,0.2673728813559317
168.34676298971937,0.2521186440677968
168.44679077521533,0.23686440677966158
168.5468185607113,0.2216101694915264
168.6468463462073,0.2063559322033871
168.74687413170327,0.19110169491525192
168.84690191719923,0.17584745762711704
168.9469297026952,0.16059322033898182
169.04695748819117,0.14533898305084697
169.14698527368714,0.13008474576271176
169.2470130591831,0.11483050847457654
169.34704084467907,0.09957627118644168
169.44706863017504,0.08432203389830648
169.54709641567104,0.0690677966101672
169.647124201167,0.053813559322031995
169.74715198666297,0.03855932203389712
169.84717977215894,0.023305084745761914
169.9472075576549,0.008050847457626709
170.04723534315087,0.0
170.14726312864684,0.0
170.2472909141428,0.0
170.3473186996388,0.0
170.44734648513477,0.0
170.54737427063074,0.0
170.6474020561267,0.0
170.74742984162268,0.0
170.84745762711864,0.0
170.9474854126146,0.0
171.04751319811058,0.0
171.14754098360658,0.0
171.24756876910254,0.0
171.3475965545985,0.0
171.44762434009448,0.0
171.54765212559045,0.0
171.6476799110864,0.0
171.74770769658238,0.0
171.84773548207835,0.0
171.94776326757432,0.0
172.0477910530703,0.0
172.14781883856628,0.0
172.24784662406225,0.0
172.34787440955822,0.0
172.44790219505418,0.0
172.54792998055015,0.0
172.64795776604612,0.0
172.7479855515421,0.0
172.84801333703808,0.0
172.94804112253405,0.0
173.04806890803002,0.0
173.14809669352599,0.0
173.24812447902195,0.0
173.34815226451792,0.0
173.4481800500139,0.0
173.54820783550986,0.0
173.64823562100585,0.0
173.74826340650182,0.0
173.8482911919978,0.0
173.94831897749376,0.0
174.04834676298972,0.0
174.1483745484857,0.0
174.24840233398166,0.0
174.34843011947763,0.0
174.4484579049736,0.0
174.5484856904696,0.0
174.64851347596556,0.0
174.74854126146153,0.0
174.8485690469575,0.0
174.94859683245346,0.0
175.04862461794943,0.0
175.1486524034454,0.0
175.24868018894136,0.0
175.34870797443736,0.0
175.44873575993333,0.0
175.5487635454293,0.0
175.64879133092526,0.0
175.74881911642123,0.0
175.8488469019172,0.0
175.94887468741317,0.0
176.04890247290913,0.0
176.14893025840513,0.0
176.2489580439011,0.0
176.34898582939707,0.0
176.44901361489303,0.0
176.549041400389,0.0
176.64906918588497,0.0
176.74909697138094,0.0
176.8491247568769,0.0
176.94915254237287,0.0
177.04918032786887,0.0
177.14920811336484,0.0
177.2492358988608,0.0
177.34926368435677,0.0
177.44929146985274,0.0
177.5493192553487,0.0
177.64934704084467,0.0
177.74937482634064,0.0
177.84940261183664,0.0
177.9494303973326,0.0
178.04945818282857,0.0
178.14948596832454,0.0
178.2495137538205,0.0
178.34954153931648,0.0
178.44956932481244,0.0
178.5495971103084,0.0
178.6496248958044,0.0
178.74965268130038,0.0
178.84968046679634,0.0
178.9497082522923,0.0
179.04973603778828,0.0
179.14976382328425,0.0
179.2497916087802,0.0
179.34981939427618,0.0
179.44984717977215,0.0
179.54987496526815,0.0
179.6499027507641,0.0
179.74993053626008,0.0
179.84995832175605,0.0
179.94998610725202,0.0
180.05001389274798,0.003993548842269621
180.15004167824395,0.011980619140259626
180.25006946373992,0.019967607278789726
180.35009724923592,0.027954458485514956
180.45012503473188,0.03594111798902256
180.55015282022785,0.043927531019221255
180.65018060572382,0.05191364280770772
180.7502083912198,0.05989939858814447
180.85023617671575,0.06788474359663538
180.95026396221172,0.0758696230721013
181.0502917477077,0.08385398225665558
181.15031953320369,0.0918377663959818
181.25034731869965,0.09982092073970025
181.35037510419562,0.10780339054175693
181.4504028896916,0.11578512106079006
181.55043067518756,0.12376605756050747
181.65045846068352,0.1317461453100623
181.7504862461795,0.13972532958442804
181.85051403167546,0.147703555664774
181.95054181717143,0.15568076883884047
182.05056960266742,0.16365691440131627
182.1505973881634,0.17163193765420473
182.25062517365936,0.17960578390721238
182.35065295915533,0.18757839847811505
182.4506807446513,0.19554972669313514
182.55070853014726,0.20351971388731632
182.65073631564323,0.21148830540489894
182.7507641011392,0.21945544659969385
182.8507918866352,0.22742108283546064
182.95081967213116,0.2353851594862724
183.05084745762713,0.24334762193690418
183.1508752431231,0.2513084155831984
183.25090302861906,0.25926748583244186
183.35093081411503,0.2672247781037397
183.450958599611,0.2751802378283899
183.55098638510697,0.28313381045025765
183.65101417060296,0.29108544142615134
183.75104195609893,0.29903507622618797
183.8510697415949,0.3069826603341805
183.95109752709087,0.31492813924800256
184.05112531258683,0.32287145847996457
184.1511530980828,0.3308125635571875
184.25118088357877,0.33875140002197635
184.35120866907474,0.34668791343219324
184.4512364545707,0.35462204936163155
184.5512642400667,0.3625537534003906
184.65129202556267,0.3704829711552403
184.75131981105864,0.37840964825000756
184.8513475965546,0.38633373032594
184.95137538205057,0.39425516304208097
185.05140316754654,0.4021738920756427
185.1514309530425,0.41008986312237805
185.25145873853847,0.4180030218969535
185.35148652403447,0.4259133141333237
185.45151430953044,0.43382068558509396
185.5515420950264,0.4417250820259065
185.65156988052237,0.44962644924980294
185.75159766601834,0.45752473307159847
185.8516254515143,0.46541987932725304
185.95165323701028,0.4733118338742433
186.05168102250624,0.4812005425919337
186.15170880800224,0.48908595138194955
186.2517365934982,0.49696800616853987
186.35176437899418,0.5048466528989607
186.45179216449014,0.5127218375438372
186.5518199499861,0.5205935060975369
186.65184773548208,0.5284616045785391
186.75187552097805,0.5363260790298061
186.85190330647401,0.5441868755191522
186.95193109196998,0.5520439401396147
187.05195887746598,0.5598972190098244
187.15198666296195,0.5677466582743673
187.2520144484579,0.5755922041041671
187.35204223395388,0.583433802696845
187.45207001944985,0.5912714002770912
187.55209780494582,0.599104943097034
187.65212559044178,0.6069343774366074
187.75215337593775,0.6147596496039205
187.85218116143375,0.6225807059356272
187.95220894692972,0.6303974927972865
188.05223673242568,0.6382099565837419
188.15226451792165,0.6460180437194813
188.25229230341762,0.6538217006590066
188.3523200889136,0.6616208738872
188.45234787440955,0.6694155099196926
188.55237565990552,0.6772055553032295
188.65240344540152,0.6849909566160393
188.75243123089749,0.6927716604681918
188.85245901639345,0.7005476135019774
188.95248680188942,0.7083187623922633
189.0525145873854,0.7160850538468632
189.15254237288136,0.7238464346069002
189.25257015837732,0.7316028514471747
189.3525979438733,0.7393542511765274
189.4526257293693,0.7471005806382071
189.55265351486526,0.7548417867102268
189.65268130036122,0.7625778163057404
189.7527090858572,0.7703086163733985
189.85273687135316,0.7780341338977138
189.95276465684913,0.7857543158994255
190.0527924423451,0.7934691094358626
190.15282022784106,0.8011784616013052
190.25284801333703,0.8088823195273502
190.35287579883303,0.8165806303832734
190.452903584329,0.8242733413763851
190.55293136982496,0.8319603997524033
190.65295915532093,0.8396417527958088
190.7529869408169,0.847317347830207
190.85301472631286,0.8549871322186903
190.95304251180883,0.8626510533641988
191.0530702973048,0.8703090587098812
191.1530980828008,0.8779610957394565
191.25312586829676,0.8856071119775667
191.35315365379273,0.8932470549901487
191.4531814392887,0.9008808723847855
191.55320922478467,0.9085085118110684
191.65323701028063,0.9161299209609545
191.7532647957766,0.9237450475691267
191.85329258127257,0.9313538394133515
191.95332036676857,0.9389562443148398
192.05334815226453,0.946552210138595
192.1533759377605,0.954141684793785
192.25340372325647,0.9617246162340901
192.35343150875244,0.969300952458061
192.4534592942484,0.9768706415094772
192.55348707974437,0.9844336314777024
192.65351486524034,0.9919898704980403
192.7535426507363,0.9995393067520909
192.8535704362323,1.0070818884681074
192.95359822172827,1.014617563921343
193.05362600722424,1.0221462814344182
193.1536537927202,1.0296679893776675
193.25368157821617,1.0371826361694942
193.35370936371214,1.044690170276725
193.4537371492081,1.0521905402149632
193.55376493470408,1.0596836945489418
193.65379272020007,1.067169581892879
193.75382050569604,1.0746481509108203
193.853848291192,1.0821193503170052
193.95387607668798,1.0895831288762097
194.05390386218394,1.0970394354040993
194.1539316476799,1.1044882187675804
194.25395943317588,1.1119294278851517
194.35398721867185,1.1193630117272528
194.45401500416784,1.1267889193166183
194.5540427896638,1.1342070997286167
194.65407057515978,1.1416175020916144
194.75409836065575,1.1490200755873152
194.8541261461517,1.15641476945111
194.95415393164768,1.163801532972427
195.05418171714365,1.171180315495077
195.15420950263962,1.1785510664176035
195.25423728813558,1.1859137351936275
195.35426507363158,1.1932682713321965
195.45429285912755,1.2006146243981237
195.55432064462352,1.2079527440123456
195.65434843011948,1.215282579852259
195.75437621561545,1.2226040816520682
195.85440400111142,1.2299171992031297
195.9544317866074,1.2372218823542964
196.05445957210335,1.2445180810122627
196.15448735759935,1.2518057451419082
196.25451514309532,1.2590848247666346
196.3545429285913,1.2663552699687182
196.45457071408725,1.2736170308896468
196.55459849958322,1.2808700577304621
196.6546262850792,1.2881143007521008
196.75465407057516,1.2953497102757372
196.85468185607112,1.3025762366831226
196.95470964156712,1.3097938304169283
197.0547374270631,1.3170024419810769
197.15476521255906,1.324202021941094
197.25479299805502,1.331392520924439
197.354820783551,1.3385738896208472
197.45484856904696,1.345746078782665
197.55487635454293,1.3529090392251897
197.6549041400389,1.3600627218270072
197.75493192553486,1.367207077530327
197.85495971103086,1.3743420573413225
197.95498749652683,1.3814676123304572
198.0550152820228,1.3885836936328335
198.15504306751876,1.3956902524485204
198.25507085301473,1.402787240042888
198.3550986385107,1.4098746077469433
198.45512642400666,1.4169523069576642
198.55515420950263,1.4240202891383311
198.65518199499863,1.431078505818864
198.7552097804946,1.4381269085961448
198.85523756599056,1.4451654491343628
198.95526535148653,1.4521940791653376
199.0552931369825,1.459212750488851
199.15532092247847,1.4662214149729802
199.25534870797443,1.4732200245544251
199.3553764934704,1.4802085312388398
199.4554042789664,1.4871868871011618
199.55543206446237,1.4941550442859357
199.65545984995833,1.50111295500765
199.7554876354543,1.5080605715510593
199.85551542095027,1.5149978462715117
199.95554320644624,1.5219247315952773
200.0555709919422,1.5288411800198731
200.15559877743817,1.5357471441143888
200.25562656293414,1.542642576519813
200.35565434843014,1.5495274299493595
200.4556821339261,1.5564016571887835
200.55570991942207,1.5632652110967167
200.65573770491804,1.5701180446049836
200.755765490414,1.5769601107189268
200.85579327590997,1.583791362517728
200.95582106140594,1.5906117531547288
201.0558488469019,1.597421235857756
201.1558766323979,1.6042197639294382
201.25590441789387,1.6110072907475257
201.35593220338984,1.6177837697652149
201.4559599888858,1.624549154511464
201.55598777438178,1.6313033985913121
201.65601555987774,1.6380464556861971
201.7560433453737,1.644778279554275
201.85607113086968,1.651498824030735
201.95609891636568,1.6582080430281192
202.05612670186164,1.6649058905366303
202.1561544873576,1.6715923206244592
202.25618227285358,1.6782672874380922
202.35621005834955,1.6849307452026276
202.4562378438455,1.6915826482220888
202.55626562934148,1.698222950879738
202.65629341483745,1.7048516076383888
202.75632120033342,1.7114685730407202
202.8563489858294,1.7180738017095882
202.95637677132538,1.7246672483483296
203.05640455682135,1.7312488677410847
203.15643234231732,1.7378186147531005
203.25646012781328,1.7443764443310394
203.35648791330925,1.7509223115032921
203.45651569880522,1.757456171380282
203.5565434843012,1.7639779791547765
203.65657126979718,1.7704876901021926
203.75659905529315,1.7769852595808997
203.85662684078912,1.7834706430325353
203.9566546262851,1.789943795982302
204.05668241178105,1.796404674039276
204.15671019727702,1.802853232896711
204.256737982773,1.8092894283323426
204.35676576826896,1.8157132162086906
204.45679355376495,1.8221245524733636
204.55682133926092,1.8285233931593543
204.6568491247569,1.834909694385352
204.75687691025286,1.8412834123560353
204.85690469574882,1.8476445033623767
204.9569324812448,1.8539929237819381
205.05696026674076,1.8603286300791742
205.15698805223673,1.8666515788057292
205.2570158377327,1.8729617266007337
205.3570436232287,1.8792590301911067
205.45707140872466,1.885543446391842
205.55709919422063,1.8918149321063173
205.6571269797166,1.8980734443265819
205.75715476521256,1.904318940133653
205.85718255070853,1.910551376697811
205.9572103362045,1.916770711278892
206.05723812170046,1.922976901226582
206.15726590719646,1.9291699039807106
206.25729369269243,1.9353496770715355
206.3573214781884,1.9415161781200454
206.45734926368436,1.9476693648382424
206.55737704918033,1.953809195029434
206.6574048346763,1.959935626588524
206.75743262017227,1.966048617502298
206.85746040566823,1.972148125849715
206.95748819116423,1.9782341098021945
207.0575159766602,1.9843065276238976
207.15754376215617,1.9903653376720216
207.25757154765213,1.9964104983970823
207.3575993331481,2.002441968343196
207.45762711864407,2.0084597061483676
207.55765490414004,2.014463670544773
207.657682689636,2.0204538203590414
207.75771047513197,2.026430114512538
207.85773826062797,2.032392512021649
207.95776604612394,2.0383409719980525
208.0577938316199,2.0442754536490124
208.15782161711587,2.0501959162776497
208.25784940261184,2.056102319283224
208.3578771881078,2.061994622161411
208.45790497360377,2.0678727845045812
208.55793275909974,2.073736766002076
208.65796054459574,2.079586526440486
208.7579883300917,2.085422025703923
208.85801611558767,2.0912432237743004
208.95804390108364,2.0970500807316026
209.0580716865796,2.1028425567541635
209.15809947207558,2.1086206121189353
209.25812725757154,2.1143842072017627
209.3581550430675,2.1201333024776563
209.4581828285635,2.125867858521061
209.55821061405948,2.1315878360061244
209.65823839955544,2.1372931957069743
209.7582661850514,2.1429838984979797
209.85829397054738,2.1486599053540245
209.95832175604335,2.1543211773507704
210.05834954153931,2.1599676756649284
210.15837732703528,2.1655993615745217
210.25840511253125,2.1712161964591528
210.35843289802725,2.17681814180027
210.4584606835232,2.182405159181424
210.55848846901918,2.187977210288543
210.65851625451515,2.1935342569101866
210.75854404001112,2.1990762609378107
210.85857182550708,2.2046031843660296
210.95859961100305,2.2101149892928746
211.05862739649902,2.215611637920056
211.15865518199502,2.2210930925532235
211.25868296749098,2.226559315602216
211.35871075298695,2.2320102695813326
211.45873853848292,2.237445917109581
211.5587663239789,2.2428662209109347
211.65879410947485,2.248271143814591
211.75882189497082,2.253660648755225
211.8588496804668,2.259034698773243
211.9588774659628,2.2643932570150387
212.05890525145875,2.2697362867332367
212.15893303695472,2.275063751286959
212.2589608224507,2.2803756141420664
212.35898860794666,2.285671838871411
212.45901639344262,2.290952389155086
212.5590441789386,2.296217228780676
212.65907196443456,2.301466321643505
212.75909974993053,2.306699631746883
212.85912753542652,2.311917123202354
212.9591553209225,2.3171187602299375
213.05918310641846,2.322304507158383
213.15921089191443,2.3274743284254087
213.2592386774104,2.332628188577944
213.35926646290636,2.3377660522723755
213.45929424840233,2.34288788427479
213.5593220338983,2.3479936494612135
213.6593498193943,2.353083312817856
213.75937760489026,2.358156839441342
213.85940539038623,2.3632141945389633
213.9594331758822,2.368255343428911
214.05946096137816,2.3732802515405105
214.15948874687413,2.378288884414463
214.2595165323701,2.3832812077030803
214.35954431786607,2.3882571871705203
214.45957210336206,2.393216788693023
214.55959988885803,2.3981599782591405
214.659627674354,2.403086721969975
214.75965545984997,2.40799698603941
214.85968324534593,2.4128907367943406
214.9597110308419,2.4177679406749055
215.05973881633787,2.4226285642347163
215.15976660183384,2.427472574141088
215.2597943873298,2.4322999371752667
215.3598221728258,2.437110620232659
215.45984995832177,2.4419045903230545
215.55987774381774,2.4466818145708578
215.6599055293137,2.4514422602153116
215.75993331480967,2.45618589461072
215.85996110030564,2.460912685226675
215.9599888858016,2.4656225996482752
216.06001667129757,2.470315605576355
216.16004445679357,2.474991670827701
216.26007224228954,2.47965076333527
216.3601000277855,2.484292851148417
216.46012781328147,2.48891790243311
216.56015559877744,2.493525885472145
216.6601833842734,2.498116768665371
216.76021116976938,2.5026905205298995
216.86023895526534,2.5072471097003253
216.96026674076134,2.511786504928939
217.0602945262573,2.516308675085941
217.16032231175328,2.5208135891596575
217.26035009724924,2.5253012162567514
217.3603778827452,2.5297715256024342
217.46040566824118,2.534224486540678
217.56043345373715,2.538660068534424
217.66046123923311,2.5430782411657935
217.76048902472908,2.547478974136296
217.86051681022508,2.551862237267037
217.96054459572105,2.5562280004989244
218.060572381217,2.560576233892874
218.16060016671298,2.564906907630019
218.26062795220895,2.569219992011908
218.36065573770492,2.5735154574607155
218.46068352320088,2.5777932745194394
218.56071130869685,2.5820534138521043
218.66073909419285,2.5862958462439654
218.76076687968882,2.5905205426017033
218.86079466518478,2.5947274739536295
218.96082245068075,2.598916611449883
219.06085023617672,2.6030879263626265
219.1608780216727,2.6072413900862452
219.26090580716865,2.611376974137541
219.36093359266462,2.615494650155931
219.46096137816062,2.6195943899036407
219.5609891636566,2.6236761652658926
219.66101694915255,2.6277399482511092
219.76104473464852,2.6317857109910947
219.8610725201445,2.6358134257412345
219.96110030564046,2.6398230648806793
220.06112809113642,2.643814600912538
220.1611558766324,2.6477880064640638
220.26118366212836,2.651743254286844
220.36121144762436,2.6556803172569885
220.46123923312032,2.659599168375307
220.5612670186163,2.6634997807675083
220.66129480411226,2.66738212768437
220.76132258960823,2.671246182501935
220.8613503751042,2.675091918721683
220.96137816060016,2.6789193099707194
221.06140594609613,2.682728330001954
221.16143373159213,2.6865189526942808
221.2614615170881,2.6902911520527546
221.36148930258406,2.6940449022087756
221.46151708808003,2.697780177420261
221.561544873576,2.7014969520718233
221.66157265907196,2.705195200674948
221.76160044456793,2.7088748978681645
221.8616282300639,2.712536018417224
221.9616560155599,2.7161785372152703
222.06168380105586,2.71980242928301
222.16171158655183,2.7234076697688896
222.2617393720478,2.726994233949261
222.36176715754377,2.7305620972285523
222.46179494303973,2.734111235139437
222.5618227285357,2.7376416233430017
222.66185051403167,2.7411532376289123
222.76187829952767,2.7446460539155826
222.86190608502363,2.7481200482503327
222.9619338705196,2.7515751968095623
223.06196165601557,2.755011475898909
223.16198944151154,2.7584288619534103
223.2620172270075,2.7618273315376665
223.36204501250347,2.765206861346003
223.46207279799944,2.7685674282026262
223.5621005834954,2.771909009061786
223.6621283689914,2.7752315810079335
223.76215615448737,2.7785351212558735
223.86218393998334,2.7818196071509282
223.9622117254793,2.785085016169088
224.06223951097527,2.7883313259171656
224.16226729647124,2.79155851413295
224.2622950819672,2.794766558685364
224.36232286746318,2.7979554375746067
224.46235065295917,2.8011251289323136
224.56237843845514,2.804275611021699
224.6624062239511,2.807406862237711
224.76243400944708,2.8105188611071767
224.86246179494304,2.81361158628895
224.962489580439,2.816685016574057
225.06251736593498,2.819739130885843
225.16254515143095,2.822773908280117
225.26257293692694,2.825789327945295
225.3626007224229,2.82878536920254
225.46262850791888,2.8317620115059077
225.56265629341485,2.834719234442487
225.66268407891081,2.8376570177325378
225.76271186440678,2.840575341229632
225.86273964990275,2.84347418492079
225.96276743539872,2.8463535289266186
226.06279522089469,2.8492133535014488
226.16282300639068,2.8520536390334694
226.26285079188665,2.8548743660448612
226.36287857738262,2.8576755151919326
226.46290636287858,2.8604570672652496
226.56293414837455,2.8632190031897715
226.66296193387052,2.8659613040249767
226.7629897193665,2.8686839509649964
226.86301750486246,2.8713869253387414
226.96304529035845,2.874070208610033
227.06307307585442,2.876733782377725
227.1631008613504,2.879377628375835
227.26312864684635,2.8820017284736683
227.36315643234232,2.88460606467594
227.4631842178383,2.8871906191229004
227.56321200333426,2.8897553740904582
227.66323978883023,2.892300311990299
227.76326757432622,2.894825415370011
227.8632953598222,2.897330666913197
227.96332314531816,2.899816049439601
228.06335093081412,2.9022815459052222
228.1633787163101,2.904727139402432
228.26340650180606,2.9071528131600908
228.36343428730203,2.9095585505436614
228.463462072798,2.911944335055326
228.56348985829396,2.914310150334095
228.66351764378996,2.9166559801559253
228.76354542928593,2.9189818084338235
228.8635732147819,2.9212876192179653
228.96360100027786,2.923573396695797
229.06362878577383,2.925839125192149
229.1636565712698,2.928084789169341
229.26368435676576,2.930310373227289
229.36371214226173,2.9325158621036116
229.46373992775773,2.9347012406737334
229.5637677132537,2.9368664939509896
229.66379549874966,2.9390116070867283
229.76382328424563,2.941136565370413
229.8638510697416,2.943241354229723
229.96387885523757,2.945325959230653
230.06390664073353,2.947390366077614
230.1639344262295,2.9494345606135273
230.2639622117255,2.9514585288199267
230.36398999722147,2.95346225681705
230.46401778271743,2.955445730863937
230.5640455682134,2.9574089373585233
230.66407335370937,2.9593518628377327
230.76410113920534,2.961274493977571
230.8641289247013,2.963176817593215
230.96415671019727,2.965058820639106
231.06418449569324,2.9669204902090356
231.16421228118924,2.968761813536239
231.2642400666852,2.9705827779934766
231.36426785218117,2.9723833710931253
231.46429563767714,2.9741635804872635
231.5643234231731,2.975923393967754
231.66435120866907,2.9776627994663274
231.76437899416504,2.9793817850546684
231.864406779661,2.9810803389444933
231.964434565157,2.982758449487635
232.06446235065297,2.984416105176118
232.16449013614894,2.986053294642242
232.2645179216449,2.9876700066586555
232.36454570714088,2.989266230138439
232.46457349263684,2.9908419541351745
232.5646012781328,2.992397167843023
232.66462906362878,2.993931860596801
232.76465684912478,2.9954460218720484
232.86468463462074,2.9969396412851066
232.9647124201167,2.9984127085931847
233.06474020561268,2.999865213694434
233.16476799110865,3.001297146628014
233.26479577660461,3.0027084975741607
233.36482356210058,3.004099256854259
233.46485134759655,3.0054694149309
233.56487913309252,3.0068189624079564
233.6649069185885,3.008147890030639
233.76493470408448,3.009456188685565
233.86496248958045,3.0107438494008174
233.96499027507642,3.0120108633460094
234.06501806057238,3.013257221832342
234.16504584606835,3.0144829163126676
234.26507363156432,3.015687938381543
234.3651014170603,3.016872279775292
234.46512920255628,3.01803593237206
234.56515698805225,3.019178888191869
234.66518477354822,3.0203011393966746
234.7652125590442,3.0214026782904178
234.86524034454015,3.0224834973190773
234.96526813003612,3.0235435890707247
235.0652959155321,3.0245829462755704
235.16532370102806,3.025601561806018
235.26535148652405,3.02659942867671
235.36537927202002,3.0275765400445787
235.465407057516,3.028532889208888
235.56543484301196,3.0294684696112864
235.66546262850792,3.030383274835846
235.7654904140039,3.03127729860911
235.86551819949986,3.032150534800133
235.96554598499583,3.033002977420526
236.0655737704918,3.033834620624496
236.1656015559878,3.0346454587088854
236.26562934148376,3.0354354861132116
236.36565712697973,3.0362046974197057
236.4656849124757,3.03695308735335
236.56571269797166,3.0376806507819123
236.66574048346763,3.038387382715983
236.7657682689636,3.039073278309009
236.86579605445957,3.039738332857325
236.96582383995556,3.040382541800189
237.06585162545153,3.0410059007198105
237.1658794109475,3.0416084053413828
237.26590719644346,3.0421900515331113
237.36593498193943,3.0427508353062427
237.4659627674354,3.043290752815092
237.56599055293137,3.0438098003570677
237.66601833842734,3.0443079743726993
237.76604612392333,3.04478527144566
237.8660739094193,3.0452416883027915
237.96610169491527,3.045677221814124
238.06612948041123,3.0460918689929017
238.1661572659072,3.0464856269955987
238.26618505140317,3.0468584931219427
238.36621283689914,3.04721046481493
238.4662406223951,3.047541539660845
238.56626840789107,3.047851715389278
238.66629619338707,3.048140989873136
238.76632397888304,3.048409361128664
238.866351764379,3.0486568273154506
238.96637954987497,3.0488833867364504
239.06640733537094,3.0490890378379865
239.1664351208669,3.0492737792097646
239.26646290636288,3.0494376095848854
239.36649069185884,3.0495805278398502
239.46651847735484,3.0497025329945675
239.5665462628508,3.0498036242123647
239.66657404834677,3.049883800799987
239.76660183384274,3.0499430622076082
239.8666296193387,3.0499814080288323
239.96665740483468,3.0499988380006946
240.06668519033065,3.0398305084745765
240.1667129758266,3.0245762711864415
240.2667407613226,3.009322033898302
240.36676854681858,2.994067796610167
240.46679633231454,2.9788135593220315
240.5668241178105,2.963559322033897
240.66685190330648,2.9483050847457615
240.76687968880245,2.933050847457627
240.86690747429842,2.9177966101694914
240.96693525979438,2.9025423728813564
241.06696304529035,2.8872881355932214
241.16699083078635,2.872033898305082
241.26701861628231,2.856779661016947
241.36704640177828,2.841525423728812
241.46707418727425,2.826271186440677
241.56710197277022,2.811016949152542
241.66712975826619,2.7957627118644064
241.76715754376215,2.780508474576272
241.86718532925812,2.7652542372881364
241.96721311475412,2.7499999999999973
242.06724090025008,2.734745762711862
242.16726868574605,2.719491525423727
242.26729647124202,2.704237288135592
242.367324256738,2.688983050847457
242.46735204223395,2.673728813559322
242.56737982772992,2.6584745762711868
242.6674076132259,2.6432203389830518
242.7674353987219,2.6279661016949123
242.86746318421785,2.6127118644067773
242.96749096971382,2.597457627118642
243.0675187552098,2.582203389830507
243.16754654070576,2.5669491525423718
243.26757432620172,2.5516949152542368
243.3676021116977,2.5364406779661017
243.46762989719366,2.5211864406779667
243.56765768268963,2.5059322033898312
243.66768546818562,2.4906779661016922
243.7677132536816,2.4754237288135568
243.86774103917756,2.460169491525422
243.96776882467353,2.4449152542372867
244.0677966101695,2.429661016949152
244.16782439566546,2.4144067796610167
244.26785218116143,2.3991525423728817
244.3678799666574,2.3838983050847466
244.4679077521534,2.368644067796607
244.56793553764936,2.353389830508472
244.66796332314533,2.338135593220337
244.7679911086413,2.322881355932202
244.86801889413726,2.307627118644067
244.96804667963323,2.2923728813559316
245.0680744651292,2.277118644067797
245.16810225062517,2.2618644067796616
245.26813003612116,2.2466101694915226
245.36815782161713,2.231355932203387
245.4681856071131,2.2161016949152526
245.56821339260907,2.200847457627117
245.66824117810503,2.185593220338982
245.768268963601,2.170338983050847
245.86829674909697,2.155084745762712
245.96832453459294,2.139830508474577
246.0683523200889,2.124576271186442
246.1683801055849,2.1093220338983025
246.26840789108087,2.0940677966101675
246.36843567657684,2.078813559322032
246.4684634620728,2.063559322033897
246.56849124756877,2.048305084745762
246.66851903306474,2.033050847457627
246.7685468185607,2.017796610169492
246.86857460405668,2.002542372881357
246.96860238955267,1.9872881355932175
247.06863017504864,1.9720338983050822
247.1686579605446,1.9567796610169474
247.26868574604057,1.9415254237288122
247.36871353153654,1.9262711864406774
247.4687413170325,1.9110169491525422
247.56876910252848,1.895762711864407
247.66879688802445,1.8805084745762721
247.76882467352044,1.8652542372881324
247.8688524590164,1.8499999999999976
247.96888024451238,1.8347457627118624
248.06890803000834,1.8194915254237274
248.1689358155043,1.8042372881355924
248.26896360100028,1.7889830508474571
248.36899138649625,1.773728813559322
248.46901917199222,1.758474576271187
248.56904695748818,1.743220338983052
248.66907474298418,1.7279661016949126
248.76910252848015,1.7127118644067776
248.86913031397611,1.6974576271186423
248.96915809947208,1.6822033898305073
249.06918588496805,1.6669491525423723
249.16921367046402,1.651694915254237
249.26924145595999,1.6364406779661023
249.36926924145595,1.621186440677967
249.46929702695195,1.6059322033898278
249.56932481244792,1.5906779661016925
249.66935259794388,1.5754237288135573
249.76938038343985,1.5601694915254225
249.86940816893582,1.5449152542372873
249.9694359544318,1.5296610169491525
250.06946373992776,1.5144067796610172
250.16949152542372,1.499152542372882
250.26951931091972,1.4838983050847427
250.3695470964157,1.4686440677966075
250.46957488191165,1.4533898305084727
250.56960266740762,1.4381355932203375
250.6696304529036,1.4228813559322027
250.76965823839956,1.4076271186440674
250.86968602389553,1.3923728813559322
250.9697138093915,1.3771186440677974
251.06974159488746,1.3618644067796621
251.16976938038346,1.346610169491523
251.26979716587942,1.3313559322033877
251.3698249513754,1.3161016949152529
251.46985273687136,1.3008474576271176
251.56988052236733,1.2855932203389824
251.6699083078633,1.2703389830508474
251.76993609335926,1.2550847457627123
251.86996387885523,1.2398305084745773
251.96999166435123,1.2245762711864379
252.0700194498472,1.2093220338983028
252.17004723534316,1.1940677966101676
252.27007502083913,1.1788135593220326
252.3701028063351,1.1635593220338976
252.47013059183107,1.1483050847457623
252.57015837732703,1.1330508474576275
252.670186162823,1.1177966101694923
252.770213948319,1.102542372881353
252.87024173381496,1.0872881355932178
252.97026951931093,1.0720338983050826
253.0702973048069,1.0567796610169478
253.17032509030287,1.0415254237288125
253.27035287579884,1.0262711864406777
253.3703806612948,1.0110169491525425
253.47040844679077,0.9957627118644073
253.57043623228674,0.9805084745762724
253.67046401778273,0.9652542372881329
253.7704918032787,0.949999999999998
253.87051958877467,0.9347457627118627
253.97054737427064,0.9194915254237279
254.0705751597666,0.9042372881355927
254.17060294526257,0.8889830508474574
254.27063073075854,0.8737288135593226
254.3706585162545,0.8584745762711874
254.4706863017505,0.8432203389830482
254.57071408724647,0.8279661016949129
254.67074187274244,0.812711864406778
254.7707696582384,0.7974576271186429
254.87079744373438,0.7822033898305076
254.97082522923034,0.7669491525423727
255.0708530147263,0.7516949152542376
255.17088080022228,0.7364406779661027
255.27090858571827,0.7211864406779631
255.37093637121424,0.7059322033898282
255.4709641567102,0.690677966101693
255.57099194220618,0.6754237288135578
255.67101972770215,0.6601694915254229
255.7710475131981,0.6449152542372877
255.87107529869408,0.6296610169491529
255.97110308419005,0.6144067796610176
256.07113086968604,0.5991525423728784
256.171158655182,0.5838983050847432
256.271186440678,0.5686440677966079
256.37121422617395,0.5533898305084731
256.4712420116699,0.5381355932203379
256.5712697971659,0.522881355932203
256.67129758266185,0.5076271186440678
256.7713253681578,0.4923728813559326
256.8713531536538,0.4771186440677977
256.97138093914975,0.4618644067796625
257.0714087246457,0.44661016949152765
257.1714365101417,0.4313559322033924
257.27146429563766,0.4161016949152572
257.3714920811337,0.40084745762711355
257.47151986662965,0.3855932203389787
257.5715476521256,0.37033898305084345
257.6715754376216,0.35508474576270826
257.77160322311755,0.3398305084745734
257.8716310086135,0.32457627118643817
257.9716587941095,0.3093220338983033
258.07168657960545,0.29406779661016813
258.1717143651014,0.2788135593220329
258.2717421505974,0.26355932203389804
258.37176993609336,0.24830508474576282
258.4717977215893,0.23305084745762797
258.5718255070853,0.21779661016949275
258.67185329258126,0.20254237288135754
258.77188107807723,0.1872881355932227
258.8719088635732,0.17203389830508747
258.97193664906916,0.1567796610169526
259.0719644345652,0.14152542372880858
259.17199222006116,0.12627118644067373
259.2720200055571,0.11101694915253851
259.3720477910531,0.09576271186440365
259.47207557654906,0.08050847457626843
259.572103362045,0.06525423728813323
259.672131147541,0.04999999999999836
259.77215893303696,0.03474576271186315
259.87218671853293,0.019491525423728284
259.9722145040289,0.0042372881355930755
260.07224228952487,0.0
260.17227007502083,0.0
260.2722978605168,0.0
260.37232564601277,0.0
260.47235343150874,0.0
260.5723812170047,0.0
260.67240900250073,0.0
260.7724367879967,0.0
260.87246457349266,0.0
260.97249235898863,0.0
261.0725201444846,0.0
261.17254792998057,0.0
261.27257571547653,0.0
261.3726035009725,0.0
261.47263128646847,0.0
261.57265907196444,0.0
261.6726868574604,0.0
261.7727146429564,0.0
261.87274242845234,0.0
261.9727702139483,0.0
262.0727979994443,0.0
262.17282578494024,0.0
262.2728535704362,0.0
262.37288135593224,0.0
262.4729091414282,0.0
262.57293692692417,0.0
262.67296471242014,0.0
262.7729924979161,0.0
262.8730202834121,0.0
262.97304806890804,0.0
263.073075854404,0.0
263.1731036399,0.0
263.27313142539595,0.0
263.3731592108919,0.0
263.4731869963879,0.0
263.57321478188385,0.0
263.6732425673798,0.0
263.7732703528758,0.0
263.87329813837175,0.0
263.9733259238677,0.0
264.07335370936374,0.0
264.1733814948597,0.0
264.2734092803557,0.0
264.37343706585165,0.0
264.4734648513476,0.0
264.5734926368436,0.0
264.67352042233955,0.0
264.7735482078355,0.0
264.8735759933315,0.0
264.97360377882745,0.0
265.0736315643234,0.0
265.1736593498194,0.0
265.27368713531536,0.0
265.3737149208113,0.0
265.4737427063073,0.0
265.57377049180326,0.0
265.6737982772993,0.0
265.77382606279525,0.0
265.8738538482912,0.0
265.9738816337872,0.0
266.07390941928315,0.0
266.1739372047791,0.0
266.2739649902751,0.0
266.37399277577106,0.0
266.474020561267,0.0
266.574048346763,0.0
266.67407613225896,0.0
266.7741039177549,0.0
266.8741317032509,0.0
266.97415948874686,0.0
267.07418727424283,0.0
267.1742150597388,0.0
267.27424284523477,0.0
267.3742706307308,0.0
267.47429841622676,0.0
267.5743262017227,0.0
267.6743539872187,0.0
267.77438177271466,0.0
267.87440955821063,0.0
267.9744373437066,0.0
268.07446512920257,0.0
268.17449291469853,0.0
268.2745207001945,0.0
268.37454848569047,0.0
268.47457627118644,0.0
268.5746040566824,0.0
268.67463184217837,0.0
268.77465962767434,0.0
268.8746874131703,0.0
268.9747151986663,0.0
269.0747429841623,0.0
269.17477076965827,0.0
269.27479855515423,0.0
269.3748263406502,0.0
269.47485412614617,0.0
269.57488191164214,0.0
269.6749096971381,0.0
269.7749374826341,0.0
269.87496526813004,0.0
269.974993053626,0.0
270.075020839122,0.005990321123829034
270.17504862461794,0.013977376016898848
270.2750764101139,0.021964335057354453
270.3751041956099,0.02995114347304816
270.47513198110585,0.03793774649286521
270.5751597666018,0.045924089347099385
270.67518755209784,0.05391011726783315
270.7752153375938,0.06189577548929507
270.8752431230898,0.06988100924826261
270.97527090858574,0.07786576378441955
271.0752986940817,0.085849984340736
271.1753264795777,0.09383361616384395
271.27535426507364,0.10181660450441278
271.3753820505696,0.10979889461752464
271.4754098360656,0.1177804317630499
271.57543762156155,0.12576116120602263
271.6754654070575,0.13374102821701578
271.7754931925535,0.1417199780725167
271.87552097804945,0.14969795605530226
271.9755487635454,0.15767490745481405
272.0755765490414,0.16565077756753382
272.17560433453735,0.17362551169735838
272.2756321200333,0.18159905515597474
272.37565990552935,0.18957135326323982
272.4756876910253,0.197542351347537
272.5757154765213,0.2055119947461786
272.67574326201725,0.21348022880576228
272.7757710475132,0.22144699888255073
272.8757988330092,0.22941225034284587
272.97582661850515,0.23737592856336415
273.0758544040011,0.24533797893161063
273.1758821894971,0.2532983468462539
273.27590997499306,0.2612569777174999
273.375937760489,0.26921381696746716
273.475965545985,0.27716881003056026
273.57599333148096,0.2851219023538446
273.6760211169769,0.2930730393974201
273.7760489024729,0.30102216663479553
273.87607668796886,0.3089692295532622
273.9761044734649,0.31691417365427244
274.07613225896085,0.3248569444537955
274.1761600444568,0.3327974874827175
274.2761878299528,0.34073574828719777
274.37621561544876,0.3486716724290464
274.4762434009447,0.35660520548609764
274.5762711864407,0.36453629305258295
274.67629897193666,0.3724648807395043
274.7763267574326,0.38039091417500703
274.8763545429286,0.38831433900475304
274.97638232842456,0.3962351008922926
275.07641011392053,0.4041531455194384
275.1764378994165,0.4120684185866369
275.27646568491247,0.41998086581334093
275.37649347040843,0.4278904329383823
275.4765212559044,0.4357970657203438
275.57654904140037,0.4437007099379309
275.6765768268964,0.4516013113903481
275.77660461239236,0.45949881589765296
275.87663239788833,0.4673931693011543
275.9766601833843,0.4752843174637661
276.07668796888026,0.4831722062703825
276.17671575437623,0.49105678162824945
276.2767435398722,0.4989379894673356
276.37677132536817,0.5068157757407031
276.47679911086414,0.514690086424878
276.5768268963601,0.5225608675202207
276.67685468185607,0.530428065051297
276.77688246735204,0.5382916250672473
276.876910252848,0.546151493642157
276.976938038344,0.5540076168754264
277.07696582383994,0.5618599408921401
277.1769936093359,0.5697084118434368
277.2770213948319,0.5775529759068779
277.3770491803279,0.5853935792868222
277.47707696582387,0.5932301682147757
277.57710475131984,0.6010626889497879
277.6771325368158,0.6088910877788023
277.7771603223118,0.6167153110170291
277.87718810780774,0.6245353050083136
277.9772158933037,0.6323510161255035
278.0772436787997,0.6401623907708182
278.17727146429564,0.647969375376214
278.2772992497916,0.6557719164037537
278.3773270352876,0.6635699603459726
278.47735482078355,0.6713634537262453
278.5773826062795,0.6791523430991532
278.6774103917755,0.6869365750508505
278.77743817727145,0.6947160961994304
278.8774659627674,0.7024908531952916
278.97749374826344,0.7102607927215081
279.0775215337594,0.7180258614941776
279.1775493192554,0.7257860062628131
279.27757710475134,0.7335411738106904
279.3776048902473,0.7412913109552179
279.4776326757433,0.7490363645483008
279.57766046123925,0.7567762814767054
279.6776882467352,0.7645110086624245
279.7777160322312,0.77224049306304
279.87774381772715,0.7799646816720871
279.9777716032231,0.7876835215194183
280.0777993887191,0.7953969596715664
280.17782717421505,0.8031049432321069
280.277854959711,0.8108074193420218
280.377882745207,0.8185043351800608
280.47791053070296,0.8261956379631051
280.5779383161989,0.8338812749465281
280.67796610169495,0.8415611934245617
280.7779938871909,0.8492353407306408
280.8780216726869,0.8569036642377904
280.97804945818285,0.8645661113589687
281.0780772436788,0.8722226295474327
281.1781050291748,0.8798731662970979
281.27813281467076,0.8875176691428986
281.3781606001667,0.8951560856611487
281.4781883856627,0.9027883634698992
281.57821617115866,0.910414450229299
281.6782439566546,0.9180342936419531
281.7782717421506,0.925647841453282
281.87829952764656,0.9332550414518791
281.97832731314253,0.9408558414698691
282.0783550986385,0.9484501893832664
282.17838288413446,0.9560380331123308
282.27841066963043,0.9636193206219276
282.37843845512646,0.9711939999218854
282.4784662406224,0.9787620190673374
282.5784940261184,0.9863233261591037
282.67852181161436,0.9938778693440284
282.7785495971103,1.0014255968153412
282.8785773826063,1.0089664568130114
282.97860516810226,1.016500397624104
283.07863295359823,1.0240273675831322
283.1786607390942,1.031547315072415
283.27868852459017,1.0390601885224282
283.37871631008613,1.04656593641216
283.4787440955821,1.054064507269463
283.57877188107807,1.0615558496714073
283.67879966657404,1.0690399122446346
283.77882745207,1.076516643665709
283.878855237566,1.0839859926614692
283.978883023062,1.0914479080093848
284.07891080855796,1.0989023385378904
284.17893859405393,1.106349233126762
284.2789663795499,1.1137885407074501
284.37899416504587,1.1212202102634357
284.47902195054183,1.1286441908305773
284.5790497360378,1.136060431497464
284.67907752153377,1.1434688814057616
284.77910530702974,1.150869489750563
284.8791330925257,1.158262205780736
284.9791608780217,1.1656469787992718
285.07918866351764,1.173023758163632
285.1792164490136,1.180392493286097
285.2792442345096,1.1877531336341107
285.37927202000554,1.1951056287306303
285.4792998055015,1.202449928154469
285.5793275909975,1.2097859815406444
285.6793553764935,1.2171137385807278
285.7793831619895,1.22443314902317
285.87941094748544,1.2317441626736745
285.9794387329814,1.2390467293955214
286.0794665184774,1.2463407991099194
286.17949430397334,1.253626321796346
286.2795220894693,1.2609032474928907
286.3795498749653,1.2681715262966011
286.47957766046125,1.2754311083638197
286.5796054459572,1.2826819439105306
286.6796332314532,1.2899239832126985
286.77966101694915,1.297157176606609
286.8796888024451,1.3043814744892117
286.9797165879411,1.3115968273184582
287.07974437343705,1.318803185613642
287.179772158933,1.3260004999557402
287.279799944429,1.3331887209877484
287.379827729925,1.3403677994150274
287.479855515421,1.3475376860056212
287.57988330091695,1.3546983315906225
287.6799110864129,1.3618496870644907
287.7799388719089,1.3689917033853942
287.87996665740485,1.3761243315755478
287.9799944429008,1.383247522721545
288.0800222283968,1.3903612279746975
288.18005001389275,1.3974653985513679
288.2800777993887,1.404559985733304
288.3801055848847,1.411644940867975
288.48013337038066,1.4187202153689022
288.5801611558766,1.4257857607159954
288.6801889413726,1.4328415284558824
288.78021672686856,1.4398874702022435
288.8802445123645,1.4469235376361436
288.98027229786055,1.4539496825063651
289.0803000833565,1.460965856629726
289.1803278688525,1.4679720118914303
289.28035565434845,1.4749681002453867
289.3803834398444,1.481954073714539
289.4804112253404,1.4889298843911944
289.58043901083636,1.4958954844373564
289.6804667963323,1.5028508260850464
289.7804945818283,1.5097958616366378
289.88052236732426,1.5167305434651785
289.98055015282023,1.523654824014719
290.0805779383162,1.5305686558006397
290.18060572381216,1.5374719914099741
290.28063350930813,1.5443647835017364
290.3806612948041,1.5512469848072452
290.48068908030007,1.558118548130446
290.58071686579603,1.564979426348238
290.68074465129206,1.5718295724107982
290.780772436788,1.5786689393418911
290.880800222284,1.5854974802392123
290.98082800777996,1.5923151482746944
291.08085579327593,1.5991218966948342
291.1808835787719,1.6059176788210112
291.28091136426787,1.6127024480498076
291.38093914976383,1.6194761578533308
291.4809669352598,1.6262387617795278
291.58099472075577,1.632990213452509
291.68102250625174,1.6397304665728616
291.7810502917477,1.64645947491797
291.88107807724367,1.6531771923423315
291.98110586273964,1.659883572777873
292.0811336482356,1.6665785702342677
292.1811614337316,1.6732621387992495
292.28118921922754,1.6799342326389275
292.38121700472357,1.6865948059981062
292.48124479021953,1.6932438132005807
292.5812725757155,1.6998812086494772
292.68130036121147,1.706506946827546
292.78132814670744,1.7131209822974798
292.8813559322034,1.7197232697022253
292.9813837176994,1.7263137637652943
293.08141150319534,1.7328924192910728
293.1814392886913,1.7394591911651325
293.2814670741873,1.7460140343545394
293.38149485968324,1.752556903908163
293.4815226451792,1.7590877549569837
293.5815504306752,1.7656065427144023
293.68157821617115,1.7721132224765452
293.7816060016671,1.7786077496225725
293.8816337871631,1.7850900796149813
293.9816615726591,1.7915601679999196
294.0816893581551,1.7980179704074712
294.18171714365104,1.8044634425519865
294.281744929147,1.8108965402323678
294.381772714643,1.8173172193323777
294.48180050013895,1.823725435820943
294.5818282856349,1.8301211457524547
294.6818560711309,1.8365043052670695
294.78188385662685,1.8428748705910118
294.8819116421228,1.8492327980368721
294.9819394276188,1.8555780440039087
295.08196721311475,1.8619105649783456
295.1819949986107,1.8682303175336703
295.2820227841067,1.874537258330933
295.38205056960265,1.8808313441190416
295.4820783550986,1.8871125317350617
295.5821061405946,1.8933807781045093
295.6821339260906,1.899636040241652
295.7821617115866,1.905878275249788
295.88218949708255,1.912107440321562
295.9822172825785,1.918323492739246
296.0822450680745,1.924526389875034
296.18227285357045,1.9307160891913344
296.2823006390664,1.9368925482410628
296.3823284245624,1.9430557246679323
296.48235621005836,1.9492055762067448
296.5823839955543,1.9553420606836798
296.6824117810503,1.9614651360165838
296.78243956654626,1.9675747602152596
296.8824673520422,1.9736708913817533
296.9824951375382,1.9797534877106429
297.08252292303416,1.9858225074893237
297.18255070853013,1.991877909098295
297.2825784940261,1.997919651011445
297.3826062795221,2.00394769179634
297.4826340650181,2.0099619901144936
297.58266185051406,2.015962504721673
297.68268963601,2.021949194468163
297.782717421506,2.0279220182990594
297.88274520700196,2.0338809352545426
297.9827729924979,2.039825904470165
298.0828007779939,2.045756885177126
298.18282856348986,2.0516738367025558
298.28285634898583,2.0575767184697913
298.3828841344818,2.0634654899986558
298.48291191997777,2.069340110905737
298.58293970547373,2.0752005409046625
298.6829674909697,2.0810467398063777
298.78299527646567,2.0868786675194184
298.88302306196164,2.0926962840501915
298.98305084745766,2.0984995495032455
299.08307863295363,2.1042884240815365
299.1831064184496,2.1100628680867177
299.28313420394556,2.1158228419194005
299.38316198944153,2.121568306079426
299.4831897749375,2.1272992211661426
299.58321756043347,2.133015547878667
299.68324534592944,2.138717247016162
299.7832731314254,2.1444042794781
299.88330091692137,2.1500766062645336
299.98332870241734,2.1557341884763632
300.0833564879133,2.161376987315602
300.1833842734093,2.1670049640856432
300.28341205890524,2.172618080191526
300.3834398444012,2.178216297140199
300.4834676298972,2.1837995765407836
300.58349541539314,2.1893678801048413
300.68352320088917,2.194921169646634
300.78355098638514,2.2004594070833763
300.8835787718811,2.2059825544355154
300.9836065573771,2.211490573826979
301.08363434287304,2.2169834274854363
301.183662128369,2.22246107774256
301.283689913865,2.2279234870342823
301.38371769936094,2.233370617901054
301.4837454848569,2.2388024329880998
301.5837732703529,2.2442188950456767
301.68380105584885,2.2496199669293264
301.7838288413448,2.2550056116001325
301.8838566268408,2.2603757921249743
301.98388441233675,2.2657304716767794
302.0839121978327,2.271069613534776
302.1839399833287,2.2763931810847455
302.28396776882465,2.2817011378192724
302.3839955543207,2.286993447337999
302.48402333981664,2.2922700733478623
302.5840511253126,2.297530979663362
302.6840789108086,2.302776130206794
302.78410669630455,2.308005489008504
302.8841344818005,2.313219020207132
302.9841622672965,2.318416688049859
303.08419005279245,2.3235984568926518
303.1842178382884,2.328764291200508
303.2842456237844,2.3339141555477
303.38427340928035,2.339048014618017
303.4843011947763,2.344165833205006
303.5843289802723,2.3492675762122177
303.68435676576826,2.354353208653442
303.7843845512642,2.3594226956529507
303.8844123367602,2.3644760024457367
303.9844401222562,2.3695130943777536
304.0844679077522,2.374533936906145
304.18449569324815,2.379538495599495
304.2845234787441,2.3845267361380533
304.3845512642401,2.389498624313978
304.48457904973606,2.3944541260315644
304.584606835232,2.3993932073074813
304.684634620728,2.404315834271004
304.78466240622396,2.4092219731642466
304.8846901917199,2.414111590342394
304.9847179772159,2.418984652273932
305.08474576271186,2.4238411255408754
305.18477354820783,2.4286809768390016
305.2848013337038,2.4335041729780746
305.38482911919976,2.438310680882076
305.48485690469573,2.4431004675894283
305.5848846901917,2.4478735002532246
305.6849124756877,2.452629746141454
305.7849402611837,2.4573691726372164
305.88496804667966,2.4620917472389623
305.9849958321756,2.4667974375607042
306.0850236176716,2.471486211332242
306.18505140316756,2.476158036399385
306.28507918866353,2.4808128807241703
306.3851069741595,2.4854507123850844
306.48513475965547,2.4900714995772817
306.58516254515143,2.4946752106128023
306.6851903306474,2.4992618139207887
306.78521811614337,2.503831278047705
306.88524590163934,2.5083835716575478
306.9852736871353,2.5129186635320657
307.0853014726313,2.517436522570972
307.18532925812724,2.521937117792156
307.2853570436232,2.526420418331898
307.38538482911923,2.5308863934450825
307.4854126146152,2.5353350125053993
307.58544040011117,2.539766245005567
307.68546818560714,2.5441800605575353
307.7854959711031,2.5485764288926918
307.88552375659907,2.552955319862075
307.98555154209504,2.5573167034365736
308.085579327591,2.5616605497071405
308.185607113087,2.565986828884993
308.28563489858294,2.570295511301817
308.3856626840789,2.5745865674099737
308.4856904695749,2.578859967782698
308.58571825507084,2.583115683114304
308.6857460405668,2.5873536842203846
308.7857738260628,2.5915739420380097
308.88580161155875,2.5957764276259288
308.9858293970548,2.599961112164771
309.08585718255074,2.6041279669572317
309.1858849680467,2.608276963428283
309.2859127535427,2.6124080731253634
309.38594053903864,2.616521267718573
309.4859683245346,2.620616519000868
309.5859961100306,2.6246937988882553
309.68602389552655,2.6287530794199827
309.7860516810225,2.632794332758734
309.8860794665185,2.636817531190816
309.98610725201445,2.640822647126351
310.0861350375104,2.6448096530994674
310.1861628230064,2.6487785217684854
310.28619060850235,2.652729225916103
310.3862183939983,2.6566617384495887
310.4862461794943,2.6605760324009604
310.58627396499026,2.6644720809271756
310.6863017504863,2.668349857310315
310.78632953598225,2.6722093349577576
310.8863573214782,2.6760504874023754
310.9863851069742,2.6798732883027085
311.08641289247015,2.6836777114431443
311.1864406779661,2.687463730734101
311.2864684634621,2.6912313202122036
311.38649624895805,2.694980454040465
311.486524034454,2.6987111065084592
311.58655181995,2.7024232520325007
311.68657960544596,2.7061168651558196
311.7866073909419,2.7097919205487337
311.8866351764379,2.713448393008828
311.98666296193386,2.7170862574611188
312.0866907474298,2.7207054889582336
312.1867185329258,2.7243060626805775
312.2867463184218,2.7278879539365093
312.3867741039178,2.7314511381624977
312.48680188941375,2.734995590923305
312.5868296749097,2.738521287912149
312.6868574604057,2.7420282049508655
312.78688524590166,2.745516317990079
312.8869130313976,2.7489856031093662
312.9869408168936,2.7524360365174196
313.08696860238956,2.755867594552212
313.18699638788553,2.759280253681156
313.2870241733815,2.762673990501269
313.38705195887746,2.76604878173933
313.48707974437343,2.7694046042520433
313.5871075298694,2.772741435026193
313.68713531536537,2.7760592511788045
313.78716310086133,2.779358029957298
313.8871908863573,2.7826377487396474
313.9872186718533,2.7858983850345354
314.0872464573493,2.7891399164815023
314.18727424284526,2.792362320851108
314.28730202834123,2.7955655760450777
314.3873298138372,2.7987496600964583
314.48735759933317,2.801914551169765
314.58738538482913,2.805060227561132
314.6874131703251,2.8081866676984624
314.78744095582107,2.8112938501415763
314.88746874131704,2.814381753582358
314.987496526813,2.8174503568448994
315.087524312309,2.8204996388856483
315.18755209780494,2.823529578793551
315.2875798833009,2.8265401557901972
315.3876076687969,2.8295313492299603
315.48763545429284,2.8325031386001425
315.5876632397888,2.83545550352111
315.68769102528483,2.8383884237464407
315.7877188107808,2.8413018791630513
315.88774659627677,2.8441958497913484
315.98777438177274,2.847070315785358
316.0878021672687,2.8499252574328615
316.1878299527647,2.852760655155533
316.28785773826064,2.8555764895090734
316.3878855237566,2.858372741183343
316.4879133092526,2.861149391002494
316.58794109474854,2.8639064199251023
316.6879688802445,2.866643809044299
316.7879966657405,2.8693615395878966
316.88802445123645,2.8720595929185224
316.9880522367324,2.8747379505337434
317.0880800222284,2.8773965940661936
317.18810780772435,2.8800355052836997
317.2881355932204,2.8826546660894095
317.38816337871634,2.885254058521908
317.4881911642123,2.8878336647553495
317.5882189497083,2.890393467099576
317.68824673520425,2.892933448000237
317.7882745207002,2.8954535900389127
317.8883023061962,2.897953875933232
317.98833009169215,2.9004342885369905
318.0883578771881,2.90289481084027
318.1883856626841,2.9053354259695525
318.28841344818005,2.9077561171878377
318.388441233676,2.910156867894759
318.488469019172,2.912537661626695
318.58849680466795,2.9148984820568815
318.6885245901639,2.9172393129955276
318.7885523756599,2.9195601383899223
318.88858016115586,2.9218609423245487
318.9886079466519,2.9241417090211903
319.08863573214785,2.926402422839037
319.1886635176438,2.928643068274799
319.2886913031398,2.9308636299628077
319.38871908863575,2.9330640926751235
319.4887468741317,2.9352444413216388
319.5887746596277,2.937404660950183
319.68880244512366,2.939544736746624
319.7888302306196,2.9416646540349682
319.8888580161156,2.9437643982774664
319.98888580161156,2.9458439550747064
320.0889135871075,2.9479033101657186
320.1889413726035,2.949942449428068
320.28896915809946,2.9519613588779556
320.38899694359543,2.9539600246703106
320.4890247290914,2.9559384330988885
320.58905251458737,2.9578965705963625
320.6890803000834,2.9598344237344203
320.78910808557936,2.9617519792238487
320.8891358710753,2.963649223914634
320.9891636565713,2.965526144796046
321.08919144206726,2.96738272899673
321.1892192275632,2.969218963784792
321.2892470130592,2.971034836567892
321.38927479855516,2.9728303348933216
321.48930258405113,2.9746054464480984
321.5893303695471,2.976360159059044
321.68935815504307,2.9780944606928705
321.78938594053903,2.9798083394562616
321.889413726035,2.9815017835959567
321.98944151153097,2.983174781498828
322.08946929702694,2.984827321691962
322.1894970825229,2.986459392842738
322.28952486801893,2.9880709837589072
322.3895526535149,2.9896620833886653
322.48958043901087,2.9912326808207332
322.58960822450683,2.9927827652844297
322.6896360100028,2.9943123261497435
322.78966379549877,2.9958213529274103
322.88969158099474,2.99730983526898
322.9897193664907,2.998777762966893
323.08974715198667,3.0002251259545436
323.18977493748264,3.001651914306356
323.2898027229786,3.0030581182378464
323.3898305084746,3.004443728105694
323.48985829397054,3.005808734407806
323.5898860794665,3.007153127783383
323.6899138649625,3.0084768990129813
323.78994165045845,3.0097800390185783
323.8899694359544,3.0110625388636345
323.98999722145044,3.012324389753155
324.0900250069464,3.0135655830337473
324.1900527924424,3.014786110193683
324.29008057793834,3.015985962862958
324.3901083634343,3.017165132813344
324.4901361489303,3.018323611958452
324.59016393442624,3.019461392353781
324.6901917199222,3.0205784661967794
324.7902195054182,3.0216748258268913
324.89024729091415,3.0227504637256146
324.9902750764101,3.0238053725165503
325.0903028619061,3.0248395449654537
325.19033064740205,3.0258529739802826
325.290358432898,3.026845652611247
325.390386218394,3.0278175740508586
325.49041400388995,3.0287687316339733
325.5904417893859,3.029699118837841
325.69046957488194,3.030608729282147
325.7904973603779,3.0314975567290587
325.8905251458739,3.0323655950832666
325.99055293136985,3.0332128383920263
326.0905807168658,3.0340392808451995
326.1906085023618,3.0348449167752936
326.29063628785775,3.0356297406575017
326.3906640733537,3.0363937471097397
326.4906918588497,3.037136930892682
326.59071964434565,3.0378592869097987
326.6907474298416,3.0385608102073918
326.7907752153376,3.0392414959746263
326.89080300083356,3.0399013395435652
326.9908307863295,3.0405403363892014
327.0908585718255,3.0411584821294877
327.19088635732146,3.0417557725253674
327.2909141428175,3.0423322034808047
327.39094192831345,3.042887771042809
327.4909697138094,3.0434224714014686
327.5909974993054,3.043936300889967
327.69102528480136,3.0444292559846198
327.7910530702973,3.044901333304889
327.8910808557933,3.0453525296134107
327.99110864128926,3.0457828418160187
328.0911364267852,3.046192266961761
328.1911642122812,3.0465808022429246
328.29119199777716,3.046948444995051
328.39121978327313,3.047295192696959
328.4912475687691,3.047621042970756
328.59127535426506,3.047925993581861
328.69130313976103,3.0482100424390146
328.791330925257,3.0484731875942956
328.89135871075297,3.0487154272431343
328.991386496249,3.048936759724324
329.09141428174496,3.0491371835200343
329.1914420672409,3.049316697255819
329.2914698527369,3.049475299700627
329.39149763823286,3.049612989766811
329.49152542372883,3.0497297665101346
329.5915532092248,3.049825629129778
329.69158099472077,3.0499005769683434
329.79160878021673,3.049954609511863
329.8916365657127,3.049987726389796
329.99166435120867,3.0499999273750387
330.09169213670464,3.0360169491525424
330.1917199222006,3.020762711864408
330.2917477076966,3.0055084745762723
330.39177549319254,2.9902542372881373
330.4918032786885,2.9750000000000023
330.5918310641845,2.9597457627118673
330.6918588496805,2.9444915254237234
330.79188663517647,2.9292372881355884
330.89191442067244,2.9139830508474533
330.9919422061684,2.8987288135593183
331.09196999166437,2.8834745762711833
331.19199777716034,2.8682203389830483
331.2920255626563,2.852966101694913
331.3920533481523,2.8377118644067783
331.49208113364824,2.822457627118643
331.5921089191442,2.807203389830508
331.6921367046402,2.7919491525423727
331.79216449013614,2.7766949152542377
331.8921922756321,2.7614406779661027
331.9922200611281,2.7461864406779677
332.09224784662405,2.7309322033898327
332.19227563212,2.7156779661016976
332.29230341761604,2.7004237288135537
332.392331203112,2.6851694915254187
332.492358988608,2.6699152542372837
332.59238677410394,2.6546610169491487
332.6924145595999,2.6394067796610132
332.7924423450959,2.6241525423728786
332.89247013059185,2.608898305084743
332.9924979160878,2.593644067796608
333.0925257015838,2.578389830508473
333.19255348707975,2.563135593220338
333.2925812725757,2.547881355932203
333.3926090580717,2.532627118644068
333.49263684356765,2.517372881355933
333.5926646290636,2.5021186440677976
333.6926924145596,2.4868644067796626
333.79272020005556,2.4716101694915276
333.8927479855515,2.4563559322033925
333.99277577104755,2.4411016949152486
334.0928035565435,2.4258474576271136
334.1928313420395,2.4105932203389786
334.29285912753545,2.3953389830508436
334.3928869130314,2.3800847457627086
334.4929146985274,2.3648305084745735
334.59294248402335,2.349576271186438
334.6929702695193,2.3343220338983035
334.7929980550153,2.319067796610168
334.89302584051126,2.3038135593220335
334.9930536260072,2.288559322033898
335.0930814115032,2.273305084745763
335.19310919699916,2.258050847457628
335.2931369824951,2.242796610169493
335.3931647679911,2.227542372881358
335.49319255348706,2.212288135593223
335.59322033898303,2.1970338983050874
335.69324812447906,2.181779661016944
335.793275909975,2.166525423728809
335.893303695471,2.151271186440674
335.99333148096696,2.1360169491525385
336.0933592664629,2.120762711864404
336.1933870519589,2.1055084745762684
336.29341483745486,2.090254237288134
336.39344262295083,2.0749999999999984
336.4934704084468,2.0597457627118634
336.59349819394276,2.0444915254237284
336.69352597943873,2.0292372881355933
336.7935537649347,2.0139830508474583
336.89358155043067,1.998728813559323
336.99360933592664,1.9834745762711878
337.0936371214226,1.968220338983053
337.19366490691857,1.9529661016949178
337.2936926924146,1.9377118644067741
337.39372047791056,1.9224576271186389
337.49374826340653,1.907203389830504
337.5937760489025,1.8919491525423688
337.69380383439847,1.876694915254234
337.79383161989443,1.8614406779660988
337.8938594053904,1.8461864406779636
337.99388719088637,1.8309322033898288
338.09391497638234,1.8156779661016935
338.1939427618783,1.8004237288135587
338.2939705473743,1.7851694915254235
338.39399833287024,1.7699152542372882
338.4940261183662,1.7546610169491534
338.5940539038622,1.7394067796610182
338.69408168935814,1.7241525423728832
338.7941094748541,1.7088983050847482
338.8941372603501,1.693644067796613
338.9941650458461,1.6783898305084692
339.09419283134207,1.6631355932203342
339.19422061683804,1.6478813559321992
339.294248402334,1.632627118644064
339.39427618783,1.617372881355929
339.49430397332594,1.602118644067794
339.5943317588219,1.586864406779659
339.6943595443179,1.5716101694915237
339.79438732981384,1.5563559322033886
339.8944151153098,1.5411016949152536
339.9944429008058,1.5258474576271184
340.09447068630175,1.5105932203389836
340.1944984717977,1.4953389830508483
340.2945262572937,1.480084745762713
340.39455404278965,1.4648305084745783
340.4945818282856,1.449576271186443
340.5946096137816,1.4343220338983083
340.6946373992776,1.4190677966101641
340.7946651847736,1.4038135593220293
340.89469297026955,1.388559322033894
340.9947207557655,1.3733050847457593
341.0947485412615,1.358050847457624
341.19477632675745,1.3427966101694888
341.2948041122534,1.327542372881354
341.3948318977494,1.3122881355932188
341.49485968324535,1.297033898305084
341.5948874687413,1.2817796610169487
341.6949152542373,1.2665254237288135
341.79494303973325,1.2512711864406787
341.8949708252292,1.2360169491525435
341.9949986107252,1.2207627118644087
342.09502639622116,1.2055084745762734
342.1950541817171,1.1902542372881382
342.29508196721315,1.1749999999999945
342.3951097527091,1.1597457627118597
342.4951375382051,1.1444915254237245
342.59516532370105,1.1292372881355892
342.695193109197,1.1139830508474544
342.795220894693,1.0987288135593192
342.89524868018896,1.0834745762711842
342.9952764656849,1.0682203389830491
343.0953042511809,1.052966101694914
343.19533203667686,1.0377118644067789
343.2953598221728,1.0224576271186439
343.3953876076688,1.0072033898305088
343.49541539316476,0.9919491525423737
343.59544317866073,0.9766949152542385
343.6954709641567,0.9614406779661036
343.79549874965267,0.9461864406779684
343.89552653514863,0.9309322033898335
343.99555432064466,0.9156779661016895
344.0955821061406,0.9004237288135546
344.1956098916366,0.8851694915254195
344.29563767713256,0.8699152542372846
344.39566546262853,0.8546610169491493
344.4956932481245,0.8394067796610142
344.59572103362046,0.8241525423728793
344.69574881911643,0.808898305084744
344.7957766046124,0.7936440677966092
344.89580439010837,0.778389830508474
344.99583217560433,0.7631355932203387
345.0958599611003,0.747881355932204
345.19588774659627,0.7326271186440687
345.29591553209224,0.7173728813559338
345.3959433175882,0.7021186440677987
345.4959711030842,0.6868644067796634
345.5959988885802,0.6716101694915197
345.69602667407617,0.6563559322033848
345.79605445957213,0.6411016949152497
345.8960822450681,0.6258474576271145
345.99611003056407,0.6105932203389796
346.09613781606004,0.5953389830508444
346.196165601556,0.5800847457627095
346.29619338705197,0.5648305084745743
346.39622117254794,0.5495762711864391
346.4962489580439,0.5343220338983042
346.5962767435399,0.519067796610169
346.69630452903584,0.5038135593220342
346.7963323145318,0.48855932203389896
346.8963601000278,0.47330508474576377
346.99638788552375,0.45805084745762886
347.0964156710197,0.4427966101694937
347.1964434565157,0.4275423728813588
347.2964712420117,0.4122881355932148
347.3964990275077,0.3970338983050799
347.49652681300364,0.3817796610169447
347.5965545984996,0.36652542372880986
347.6965823839956,0.3512711864406746
347.79661016949154,0.33601694915253943
347.8966379549875,0.3207627118644046
347.9966657404835,0.30550847457626934
348.09669352597945,0.2902542372881345
348.1967213114754,0.2749999999999993
348.2967490969714,0.25974576271186406
348.39677688246735,0.2444915254237292
348.4968046679633,0.229237288135594
348.5968324534593,0.2139830508474591
348.69686023895525,0.19872881355932392
348.7968880244512,0.1834745762711887
348.8969158099472,0.16822033898305383
348.9969435954432,0.15296610169491015
349.0969713809392,0.13771186440677496
349.19699916643515,0.12245762711863975
349.2970269519311,0.10720338983050488
349.3970547374271,0.09194915254236967
349.49708252292305,0.0766949152542348
349.597110308419,0.061440677966099595
349.697138093915,0.04618644067796439
349.79716587941095,0.030932203389829518
349.8971936649069,0.01567796610169431
349.9972214504029,0.000423728813559443
350.09724923589886,0.0
350.1972770213948,0.0
350.2973048068908,0.0
350.39733259238676,0.0
350.4973603778827,0.0
350.59738816337875,0.0
350.6974159488747,0.0
350.7974437343707,0.0
350.89747151986666,0.0
350.9974993053626,0.0
351.0975270908586,0.0
351.19755487635456,0.0
351.2975826618505,0.0
351.3976104473465,0.0
351.49763823284246,0.0
351.59766601833843,0.0
351.6976938038344,0.0
351.79772158933037,0.0
351.89774937482633,0.0
351.9977771603223,0.0
352.09780494581827,0.0
352.19783273131424,0.0
352.29786051681026,0.0
352.3978883023062,0.0
352.4979160878022,0.0
352.59794387329816,0.0
352.69797165879413,0.0
352.7979994442901,0.0
352.89802722978607,0.0
352.99805501528203,0.0
353.098082800778,0.0
353.19811058627397,0.0
353.29813837176994,0.0
353.3981661572659,0.0
353.4981939427619,0.0
353.59822172825784,0.0
353.6982495137538,0.0
353.7982772992498,0.0
353.89830508474574,0.0
353.99833287024177,0.0
354.09836065573774,0.0
354.1983884412337,0.0
354.29841622672967,0.0
354.39844401222564,0.0
354.4984717977216,0.0
354.5984995832176,0.0
354.69852736871354,0.0
354.7985551542095,0.0
354.8985829397055,0.0
354.99861072520144,0.0
355.0986385106974,0.0
355.1986662961934,0.0
355.29869408168935,0.0
355.3987218671853,0.0
355.4987496526813,0.0
355.5987774381773,0.0
355.6988052236733,0.0
355.79883300916924,0.0
355.8988607946652,0.0
355.9988885801612,0.0
356.09891636565715,0.0
356.1989441511531,0.0
356.2989719366491,0.0
356.39899972214505,0.0
356.499027507641,0.0
356.599055293137,0.0
356.69908307863295,0.0
356.7991108641289,0.0
356.8991386496249,0.0
356.99916643512086,0.0
357.0991942206168,0.0
357.1992220061128,0.0
357.2992497916088,0.0
357.3992775771048,0.0
357.49930536260075,0.0
357.5993331480967,0.0
357.6993609335927,0.0
357.79938871908865,0.0
357.8994165045846,0.0
357.9994442900806,0.0
358.09947207557656,0.0
358.1994998610725,0.0
358.2995276465685,0.0
358.39955543206446,0.0
358.4995832175604,0.0
358.5996110030564,0.0
358.69963878855236,0.0
358.79966657404833,0.0
358.8996943595443,0.0
358.9997221450403,0.0
359.0997499305363,0.0
359.19977771603226,0.0
359.2998055015282,0.0
359.3998332870242,0.0
359.49986107252016,0.0
359.59988885801613,0.0
359.6999166435121,0.0
359.79994442900806,0.0
359.89997221450403,0.0
360.0,0.0
