theta_deg,volume_m3,pressure_pa,temperature_k,mass_kg,mdot_intake_kg_s,mdot_exhaust_kg_s,intake_lift_frac,exhaust_lift_frac,dm_fuel_main_mg_per_deg,dq_comb_j_per_deg,dq_wall_j_per_deg,torque_indicated_nm_per_cyl
-360.0,2.5624522534125138e-05,237907.05357142858,300.0,7.084356075815418e-05,-0.0,-0.01291061846290462,0.10934640522875824,0.04427083333333327,0.0,0.0,-0.0011382978719756487,-0.19580102602287752
-359.0,2.5658229215438538e-05,234843.65750669723,298.9099236974,7.027964390870898e-05,0.009701062501565614,-0.011231509351066402,0.11813071895424843,0.03894444444444441,0.0,0.0,-0.0011372121951609743,1.100315608249148
-358.0,2.5788055472503243e-05,233585.96767749463,298.4938537179085,7.035523211465081e-05,0.012362606691880284,-0.009723947309987263,0.12711764705882353,0.033875,0.0,0.0,-0.001137073334067124,2.3804773481287604
-357.0,2.601393111990201e-05,233002.93569807406,298.33812253837493,7.083137857426323e-05,0.014082519316239214,-0.008250255724035281,0.13610457516339863,0.028805555555555588,0.0,0.0,-0.0011375944859490423,3.6561179193929654
-356.0,2.63357372778669e-05,232746.2136010468,298.3110753835559,7.163507031269122e-05,0.015412026175510029,-0.006870593617037135,0.14528758169934627,0.024013888888888925,0.0,0.0,-0.001138701504841375,4.930350143105814
-355.0,2.675330644662554e-05,232580.58816382065,298.32372610309017,7.271596262505257e-05,0.01672516905906293,-0.005813284622879644,0.1552549019607843,0.020333333333333335,0.0,0.0,-0.001140331252435101,6.201636926641707
-354.0,2.726642260958275e-05,232441.32094079183,298.3512265668323,7.405934295972292e-05,0.018024329124289407,-0.004757941664408579,0.1652222222222223,0.016652777777777742,0.0,0.0,-0.001142466986054107,7.468755987538454
-353.0,2.787482136536183e-05,232324.20907256947,298.39107926763245,7.566349391118087e-05,0.019310134271474287,-0.0037042344291994254,0.1751895424836603,0.012972222222222152,0.0,0.0,-0.001145113494416481,8.731344385158694
-352.0,2.8578190088749296e-05,232204.20058920953,298.43319646517796,7.752161040769637e-05,0.02067803693861654,-0.0028895058804639722,0.18566666666666684,0.010124999999999957,0.0,0.0,-0.0011482662942219658,9.9880521775303
-351.0,2.937616812059284e-05,232027.16987587052,298.4576535130579,7.961885566176369e-05,0.022210730456866817,-0.0022337041408852067,0.19648366013071908,0.007833333333333303,0.0,0.0,-0.001151900574719197,11.235580826275328
-350.0,3.0268346986707978e-05,231835.72287205295,298.4801136612398,8.196300275567228e-05,0.023801416761921438,-0.0015788617890961241,0.20730065359477132,0.005541666666666651,0.0,0.0,-0.0011560288047214888,12.474675768194507
-349.0,3.125427064586234e-05,231652.21165124385,298.50824632897405,8.4557705005692e-05,0.025408271281576328,-0.0009251713704333223,0.21811764705882353,0.00325,0.0,0.0,-0.001160660897848538,13.70581131035014
-348.0,3.233343576690752e-05,231436.40266467753,298.5267199216661,8.739036623230866e-05,0.027199976728041822,-0.0006675353884941271,0.22968627450980383,0.002347222222222228,0.0,0.0,-0.001165781164842232,14.92591014237631
-347.0,3.350529203513877e-05,231187.69942535265,298.5355424796551,9.045756946043724e-05,0.02909708518245974,-0.00041034301471603674,0.24125490196078417,0.0014444444444444559,0.0,0.0,-0.0011713817256406376,16.133813837768226
-346.0,3.476924248796839e-05,230942.11624343548,298.54773487163584,9.376634241753038e-05,0.03102691471509094,-0.00015371184205140138,0.25282352941176445,0.0005416666666666838,0.0,0.0,-0.001177474165674327,17.33111238432567
-345.0,3.6124643879996834e-05,230708.19007712987,298.5658179631471,9.731693216290261e-05,0.033003355765039155,-0.0,0.26466666666666644,0.0,0.0,0.0,-0.0011840628723755245,18.517957178606103
-344.0,3.757080707757773e-05,230462.2888233109,298.58067581882284,0.0001010997639414418,0.03509628977973501,-0.0,0.2769215686274508,0.0,0.0,0.0,-0.0011911363698279903,19.691935062026136
-343.0,3.91069974829643e-05,230221.1455533182,298.59824370440316,0.00010511710597360423,0.03721740188043909,-0.0,0.2891764705882353,0.0,0.0,0.0,-0.0011986981156884592,20.853809022744834
-342.0,4.073243548813441e-05,229996.0966911805,298.62217551504494,0.00010937025693878667,0.03933788812991289,-0.0,0.30143137254901975,0.0,0.0,0.0,-0.0012067524160131135,22.004178351655092
-341.0,4.244629695838192e-05,229796.73845045076,298.6554167064859,0.00011386051694548356,0.04148926010849036,-0.0,0.31413071895424843,0.0,0.0,0.0,-0.0012153036872498506,23.1437034026792
-340.0,4.424771374576418e-05,229629.12647032418,298.6994789324678,0.00011858850818166164,0.04360809765549835,-0.0,0.3269411764705882,0.0,0.0,0.0,-0.0012243562533535775,24.272866318393657
-339.0,4.613577423248889e-05,229485.46890964682,298.7507575932815,0.00012354995785778802,0.0456929961572183,-0.0,0.33975163398692804,0.0,0.0,0.0,-0.0012339083667810519,25.39073807549022
-338.0,4.810952390431432e-05,229361.7674088956,298.8072344144892,0.00012874160626045905,0.047760551805688445,-0.0,0.3526470588235293,0.0,0.0,0.0,-0.0012439579287313238,26.49667479584078
-337.0,5.0167965954033614e-05,229262.89984782733,298.87030509323233,0.0001341636181927147,0.04982739521296548,-0.0,0.36588235294117644,0.0,0.0,0.0,-0.0012545054128526717,27.591025063780222
-336.0,5.2310061915097045e-05,229185.17144070388,298.9381477807897,0.0001398128086371244,0.051852023938017584,-0.0,0.3791176470588236,0.0,0.0,0.0,-0.001265547947601646,28.673160498068654
-335.0,5.453473232541654e-05,229123.51745582704,299.00856360375536,0.00014568507880978454,0.053843791109565574,-0.0,0.39235294117647085,0.0,0.0,0.0,-0.0012770805917896651,29.74220612300103
-334.0,5.684085742137937e-05,229076.8993510876,299.08097449718395,0.00015177780745787405,0.05582851661365853,-0.0,0.40578431372549045,0.0,0.0,0.0,-0.0012890987621555264,30.797736313549134
-333.0,5.9227277862082695e-05,229047.90796790711,299.1561832526196,0.0001580900592826143,0.057785129751899554,-0.0,0.41934640522875827,0.0,0.0,0.0,-0.0013015991030510994,31.839814888392226
-332.0,6.169279548377566e-05,229032.27179572804,299.2324542661933,0.00016461757058555928,0.05970439741602636,-0.0,0.4329084967320262,0.0,0.0,0.0,-0.0013145750086431115,32.86757183424405
-331.0,6.423617408447668e-05,229027.2927414406,299.3087312657364,0.00017135650456567757,0.06159136085739006,-0.0,0.4464705882352941,0.0,0.0,0.0,-0.0013280194312784545,33.88029758584128
-330.0,6.685614023870637e-05,229034.03956030004,299.38541966653014,0.00017830482570412699,0.06347070718104912,-0.0,0.4602614379084966,0.0,0.0,0.0,-0.0013419262442898236,34.87781444937997
-329.0,6.955138414224592e-05,229051.9394368506,299.46230374552,0.00018545961273803358,0.06530924618539194,-0.0,0.47405228758169915,0.0,0.0,0.0,-0.0013562886024481705,35.85971255400941
-328.0,7.232056048680309e-05,229078.51569439925,299.5384955326985,0.00019281669113950428,0.06711242369119658,-0.0,0.4878431372549016,0.0,0.0,0.0,-0.001371098264055195,36.825272579791914
-327.0,7.51622893644285e-05,229112.47841119408,299.6135927301852,0.00020037232794990276,0.0688858203209179,-0.0,0.5016601307189539,0.0,0.0,0.0,-0.0013863468821928404,37.77393673798441
-326.0,7.807515720149345e-05,229153.85589326642,299.6877025026662,0.0002081234580677655,0.07062860428163267,-0.0,0.5155163398692809,0.0,0.0,0.0,-0.0014020263547782146,38.70535712488593
-325.0,8.105771772199214e-05,229201.68024631523,299.7605658361453,0.00021606628908843857,0.07233666423132781,-0.0,0.5293725490196078,0.0,0.0,0.0,-0.0014181279183591222,39.619023008364906
-324.0,8.410849293989588e-05,229255.20424390814,299.8320207543373,0.00022419701846956895,0.07401076607151273,-0.0,0.5432287581699348,0.0,0.0,0.0,-0.001434642577986529,40.514456851980235
-323.0,8.72259741802329e-05,229313.7305891568,299.90193211808565,0.00023251173685742588,0.07564821247292969,-0.0,0.5570588235294119,0.0,0.0,0.0,-0.0014515611004370628,41.39118876687111
-322.0,9.040862312852315e-05,229376.71745700174,299.9702302293958,0.0002410065101204563,0.07725215704683555,-0.0,0.5708823529411764,0.0,0.0,0.0,-0.0014688740670786705,42.24877781194832
-321.0,9.36548729081379e-05,229444.0616181296,300.0370096215831,0.0002496776220109125,0.07882221395633479,-0.0,0.584705882352941,0.0,0.0,0.0,-0.0014865720887869407,43.08686887729634
-320.0,9.696312918510599e-05,229515.54998741616,300.10231968232904,0.00025852119540567374,0.08035322898820976,-0.0,0.5984967320261436,0.0,0.0,0.0,-0.0015046456135763932,43.90509625421578
-319.0,0.00010033177129982498,229589.54746740434,300.1656827140619,0.0002675320804961157,0.08183817163552652,-0.0,0.612156862745098,0.0,0.0,0.0,-0.0015230842085181544,44.702826673299846
-318.0,0.0001037591534250684,229666.13281090956,300.2272714672988,0.00027670634312240363,0.08329317566974057,-0.0,0.6258169934640523,0.0,0.0,0.0,-0.0015418779318899876,45.4797571980113
-317.0,0.00010724360574962936,229745.8522777305,300.28741994112175,0.00028604041843449977,0.08471434761318845,-0.0,0.6394771241830067,0.0,0.0,0.0,-0.0015610170722202734,46.23569388335332
-316.0,0.0001107834356868597,229828.11075391155,300.3460244856873,0.000295529705605166,0.08608005406026349,-0.0,0.6529607843137257,0.0,0.0,0.0,-0.0015804913732945258,46.97023050797859
-315.0,0.00011437692910729824,229910.9273752096,300.40247883180615,0.00030516814729916443,0.08740757047844142,-0.0,0.6663267973856211,0.0,0.0,0.0,-0.0016002895548227374,47.68268039385045
-314.0,0.00011802235159451732,229995.51561116337,300.45736740455624,0.0003149525098784947,0.08870551628015981,-0.0,0.6796928104575164,0.0,0.0,0.0,-0.0016204017264006716,48.37302031485281
-313.0,0.00012171794972322655,230082.63594845787,300.5110839438712,0.00032487921087565,0.08996874684227675,-0.0,0.6930588235294117,0.0,0.0,0.0,-0.0016408179358007905,49.04116048417917
-312.0,0.0001254619523586128,230170.3120631834,300.562996234756,0.00033494187088050275,0.09115657622921122,-0.0,0.706032679738562,0.0,0.0,0.0,-0.001661526822043447,49.68644444334157
-311.0,0.00012925257197580483,230258.07623796095,300.6130535777574,0.00034513540537897534,0.09232245217535014,-0.0,0.7190065359477122,0.0,0.0,0.0,-0.00168251734962442,50.3085402792625
-310.0,0.00013308800599828142,230347.41640264087,300.6619162349429,0.0003554567904073863,0.09345723587931913,-0.0,0.7319803921568625,0.0,0.0,0.0,-0.0017037795802024801,50.90756070061489
-309.0,0.00013696643815395328,230438.55740333995,300.70975367363235,0.00036590173442367755,0.0945320825184795,-0.0,0.7447450980392154,0.0,0.0,0.0,-0.0017253031217245869,51.48336824711554
-308.0,0.00014088603984757436,230528.4708328687,300.7555378715794,0.00037646212441860307,0.0955521641382713,-0.0,0.7571960784313725,0.0,0.0,0.0,-0.0017470755977870805,52.03511017797207
-307.0,0.0001448449715480537,230618.53066900594,300.7998855094724,0.00038713467928316885,0.09654902361606817,-0.0,0.7696470588235294,0.0,0.0,0.0,-0.0017690866786980195,52.562927536734094
-306.0,0.00014884138418915757,230710.09556176074,300.84338330706487,0.0003979162671853941,0.09751344187629095,-0.0,0.7820980392156862,0.0,0.0,0.0,-0.0017913263008821948,53.06698851730466
-305.0,0.00015287342058201684,230801.75418770083,300.88557709852915,0.00040880041399871,0.0983891357945726,-0.0,0.7940261437908497,0.0,0.0,0.0,-0.0018137830249327956,53.546847946063835
-304.0,0.0001569392168377643,230891.6824132327,300.9258831209766,0.0004197798603877446,0.09923776870048674,-0.0,0.8058235294117646,0.0,0.0,0.0,-0.0018364447232250348,54.00197124243907
-303.0,0.00016103690379855925,230981.98317689635,300.96516444744077,0.00043085231802313757,0.1000614317865462,-0.0,0.8176209150326796,0.0,0.0,0.0,-0.001859301479148905,54.43275513137534
-302.0,0.00016516460847517647,231073.66738856302,301.0038562795659,0.00044201429686039343,0.10083497182402776,-0.0,0.8292745098039215,0.0,0.0,0.0,-0.0018823430892646205,54.83937127634527
-301.0,0.0001693204554892618,231163.68339975443,301.04089012997315,0.0004532567329101924,0.1015279572765384,-0.0,0.8403529411764705,0.0,0.0,0.0,-0.0019055569923955014,55.221045987946695
-300.0,0.00017350256851829052,231252.7384607061,301.0766076008752,0.00046457549764977355,0.10220597629486992,-0.0,0.8514313725490197,0.0,0.0,0.0,-0.001928932390854724,55.57790948172121
-299.0,0.00017770907174119107,231342.58122669358,301.11171479715614,0.000475968107904786,0.10285589914419578,-0.0,0.8625098039215688,0.0,0.0,0.0,-0.0019524593941435066,55.91036768729188
-298.0,0.000181938091282546,231432.93642965393,301.1461535275839,0.0004874292929855758,0.10342113792207903,-0.0,0.8730980392156864,0.0,0.0,0.0,-0.001976127184607475,56.218363318243696
-297.0,0.00018618775665320893,231520.9213140829,301.1789188598925,0.0004989496974481547,0.1039443292182329,-0.0,0.8833594771241831,0.0,0.0,0.0,-0.001999923090653072,56.501220128765794
-296.0,0.0001904562021851402,231608.58343495228,301.2108292841373,0.0005105273279400209,0.10444874537890807,-0.0,0.8936209150326798,0.0,0.0,0.0,-0.002023837306481914,56.75947708261884
-295.0,0.00019474156845820278,231697.27269843008,301.2424246403412,0.0005221593918924277,0.10492316850328624,-0.0,0.9038823529411764,0.0,0.0,0.0,-0.002047859987111337,56.9935295442621
-294.0,0.0001990420037166299,231784.5778288828,301.2728521003667,0.0005338371102982114,0.10527772421810648,-0.0,0.9131960784313724,0.0,0.0,0.0,-0.002071979089478575,57.20286809788139
-293.0,0.00020335566527283742,231869.8400640363,301.3019272811227,0.0005455542861664065,0.10562911731376894,-0.0,0.9225098039215684,0.0,0.0,0.0,-0.0020961832512223647,57.38742834495684
-292.0,0.00020768072089623303,231955.18891218814,301.3304805391401,0.0005573094580093413,0.10595955385516719,-0.0,0.9318235294117645,0.0,0.0,0.0,-0.002120463101733876,57.547855487044444
-291.0,0.00021201535018464617,232041.16131211384,301.35873856152006,0.0005690987239094649,0.10621969564336553,-0.0,0.9407450980392156,0.0,0.0,0.0,-0.0021448086271588524,57.68442265465812
-290.0,0.00021635774591600613,232124.67546515318,301.38560342948836,0.0005809117904843986,0.10641553244616346,-0.0,0.949078431372549,0.0,0.0,0.0,-0.0021692073946642273,57.796520823081565
-289.0,0.00022070611537788507,232207.1972322779,301.411661461897,0.0005927462377548118,0.10660142057351778,-0.0,0.9574117647058822,0.0,0.0,0.0,-0.0021936497372277526,57.88468843960523
-288.0,0.00022505868167253188,232290.27422425107,301.4375119017474,0.0006046000712204627,0.10676320375890828,-0.0,0.9657450980392158,0.0,0.0,0.0,-0.002218126436762147,57.94950444852813
-287.0,0.00022941368499504423,232372.72968509255,301.4627430435408,0.0006164664006886657,0.1068138566048132,-0.0,0.9731895424836602,0.0,0.0,0.0,-0.002242626732276727,57.99088619707565
-286.0,0.00023376938388234902,232452.53223278717,301.4866475901685,0.0006283365171113643,0.10684753381992676,-0.0,0.9804117647058823,0.0,0.0,0.0,-0.0022671389945514145,58.00855424070243
-285.0,0.0002381240564306961,232531.8826260386,301.51006932804154,0.0006402098094295259,0.10686835912227821,-0.0,0.9876339869281046,0.0,0.0,0.0,-0.0022916545822384317,58.003302413726324
-284.0,0.00024247600147942112,232611.90984855694,301.53344275205717,0.0006520839099724849,0.10684128456816884,-0.0,0.9946339869281046,0.0,0.0,0.0,-0.0023161645480810236,57.97567308794587
-283.0,0.00024682353975878863,232689.48152949347,301.55563827601276,0.0006639479600152954,0.10664699695168083,-0.0,1.0007450980392159,0.0,0.0,0.0,-0.0023406571117596158,57.92516217183867
-282.0,0.0002511650149997841,232748.0755866455,301.57066338066403,0.00067576277024069,0.10606076194345607,-0.0,1.0068562091503268,0.0,0.0,0.0,-0.0023651101711398693,57.84795715704356
-281.0,0.0002554987950038119,232788.61665669305,301.5790149200209,0.0006875235255478073,0.10565305296767513,-0.0,1.012967320261438,0.0,0.0,0.0,-0.00238951187653658,57.74462129077498
-280.0,0.0002598232726703317,232820.6648923121,301.58429544848235,0.0006992442940680899,0.10532952622061499,-0.0,1.0183529411764707,0.0,0.0,0.0,-0.002413857805953401,57.61787703956893
-279.0,0.0002641368669805616,232849.45517902606,301.58846535768674,0.0007109312427692374,0.10503795518202773,-0.0,1.0232549019607844,0.0,0.0,0.0,-0.002438141855353793,57.46937669612275
-278.0,0.00026843802393548594,232877.85450678153,301.59258767964775,0.0007225861609192925,0.10474947070102585,-0.0,1.028156862745098,0.0,0.0,0.0,-0.0024623570476296915,57.30019103216215
-277.0,0.0002727252174465062,232907.42908292438,301.5972336752628,0.0007342084178836226,0.1044481186710188,-0.0,1.0330588235294118,0.0,0.0,0.0,-0.00248649597877171,57.111075643366384
-276.0,0.00027699695017720444,232939.02479302688,301.60270322945047,0.0007457960473504185,0.10412511554506614,-0.0,1.036686274509804,0.0,0.0,0.0,-0.002510551065720662,56.90261563752364
-275.0,0.0002812517543348096,232973.08477477665,301.60914533095826,0.0007573463510582265,0.10377568613158043,-0.0,1.040313725490196,0.0,0.0,0.0,-0.002534514685427185,56.675304549557765
-274.0,0.0002854881924100948,233009.82448058634,301.61662442680375,0.0007688562375288469,0.10339731480603634,-0.0,1.0439411764705882,0.0,0.0,0.0,-0.0025583792540940795,56.42958757974767
-273.0,0.0002897048578645712,233049.32900441383,301.6251572661245,0.0007803224138262234,0.10298877191503016,-0.0,1.0470718954248364,0.0,0.0,0.0,-0.002582137273309967,56.16588536339836
-272.0,0.0002939003757639933,233091.6076865049,301.63473353103456,0.0007917414952114808,0.10254956757564336,-0.0,1.0494575163398692,0.0,0.0,0.0,-0.0026057813576790424,55.884607037983976
-271.0,0.00029807340335734323,233136.62504878006,301.6453274879338,0.000803110068567691,0.10207964274354776,-0.0,1.051843137254902,0.0,0.0,0.0,-0.002629304251978677,55.58615737937201
-270.0,0.00030222263060060824,233184.31850853807,301.656904624889,0.0008144247295776705,0.1015791930106607,-0.0,1.0542287581699346,0.0,0.0,0.0,-0.0026526988422938603,55.27094062409648
-269.0,0.0003063467806248404,233234.6086462109,301.66942546699136,0.0008256821048734778,0.10104856724075256,-0.0,1.0555686274509803,0.0,0.0,0.0,-0.0026759581636124396,54.939362424527694
-268.0,0.00031044461014812636,233287.40524642813,301.68284779118034,0.0008368788655057175,0.10048820873409688,-0.0,1.0566470588235293,0.0,0.0,0.0,-0.0026990754052793036,54.59183074350522
-267.0,0.000314514909831279,233342.61092124265,301.69712792672317,0.0008480117353527786,0.09989862074586128,-0.0,1.0577254901960782,0.0,0.0,0.0,-0.0027220439151030376,54.22875614185833
-266.0,0.00031855650457720755,233400.12333986833,301.7122215298195,0.0008590774965499399,0.09928034605207306,-0.0,1.0585424836601307,0.0,0.0,0.0,-0.002744857202569035,53.85055171592383
-265.0,0.00032256825377410147,233459.83664935618,301.72808405388184,0.0008700729931418548,0.09863395467349834,-0.0,1.0583137254901962,0.0,0.0,0.0,-0.0027675089414210584,53.4576328321781
-264.0,0.0003265490514827042,233521.64242200012,301.7446710427125,0.0008809951336592969,0.09796003636602015,-0.0,1.0580849673202612,0.0,0.0,0.0,-0.0027899929717637674,53.05041674400601
-263.0,0.00033049782656813454,233585.43032364862,301.76193832009113,0.0008918408930307034,0.09725919591046182,-0.0,1.0578562091503267,0.0,0.0,0.0,-0.0028123033017759787,52.62932214031247
-262.0,0.00033441354277684846,233651.08861586475,301.7798421184829,0.0009026073140700687,0.0965320500527867,-0.0,1.0568431372549016,0.0,0.0,0.0,-0.002834434109088277,52.19476865545593
-261.0,0.0003382951987594999,233718.50455792237,301.7983391717891,0.0009132915086837469,0.09577922541916643,-0.0,1.0553071895424835,0.0,0.0,0.0,-0.0028563797418575836,51.7471763583117
-260.0,0.00034214182804059786,233787.56474733065,301.81738678671724,0.0009238906588803585,0.09500135700617465,-0.0,1.0537712418300653,0.0,0.0,0.0,-0.0028781347195593566,51.28696523149494
-259.0,0.00034595249893600293,233858.15542158158,301.8369429013027,0.0009344020176333583,0.09419908700842514,-0.0,1.0522352941176472,0.0,0.0,0.0,-0.0028996937335109487,50.81455464780316
-258.0,0.00034972631441943723,233930.16273441256,301.8569661355546,0.0009448229096251952,0.09337306384150232,-0.0,1.049424836601307,0.0,0.0,0.0,-0.0029210516471358783,50.330362848595556
-257.0,0.00035346241193931585,234003.47301428995,301.8774158370971,0.0009551507318896292,0.09252394127508907,-0.0,1.0466143790849671,0.0,0.0,0.0,-0.002942203495976501,49.83480642742535
-256.0,0.0003571599631873223,234077.9730095161,301.89825212342936,0.0009653829543613781,0.09165237762516976,-0.0,1.0438039215686274,0.0,0.0,0.0,-0.00296314448746152,49.32829982139466
-255.0,0.00036081817382026634,234153.55012237455,301.91943592168894,0.0009755171203378047,0.09075903497482458,-0.0,1.0404836601307192,0.0,0.0,0.0,-0.002983870000434239,48.81125481217364
-254.0,0.00036443628313686735,234230.09263355247,301.940929006359,0.0009855508468547428,0.08984457840560711,-0.0,1.0363986928104574,0.0,0.0,0.0,-0.003004375584447383,48.284080038288884
-253.0,0.00036801356371119886,234307.48991737506,301.96269403510394,0.0009954818249770009,0.08890967522913115,-0.0,1.032313725490196,0.0,0.0,0.0,-0.0030246569588303976,47.747180520058585
-252.0,0.00037154932098461843,234385.6326479693,301.9846945827631,0.001005307820003224,0.08795499421330076,-0.0,1.0282287581699348,0.0,0.0,0.0,-0.0030447100115353477,47.2009571983888
-251.0,0.0003750428928180825,234464.41299623996,302.0068951734478,0.001015026671584351,0.08698120480047908,-0.0,1.0231503267973854,0.0,0.0,0.0,-0.0030645307977678715,46.645806488518865
-250.0,0.0003784936490068123,234543.72481740345,302.0292613106403,0.0010246362937547122,0.08598897631688944,-0.0,1.0178235294117648,0.0,0.0,0.0,-0.003084115538409885,46.08211984969886
-249.0,0.00038190099075933396,234623.463828767,302.05175950517247,0.0010341346748748105,0.08497897717366314,-0.0,1.0124967320261438,0.0,0.0,0.0,-0.003103460618241163,45.51028337168787
-248.0,0.00038526435014296406,234703.52777741218,302.07435730095347,0.0010435198774849219,0.08395187406080051,-0.0,1.0069346405228758,0.0,0.0,0.0,-0.003122562583967167,44.93067737887393
-247.0,0.0003885831894978519,234783.82517555376,302.09702644172313,0.00105279006553843,0.08290821889973023,-0.0,1.0004313725490197,0.0,0.0,0.0,-0.0031414181491382026,44.34367767288003
-246.0,0.0003918570008217094,234857.2261647578,302.1171894556749,0.001061920639977081,0.08144433816361568,-0.0,0.9939281045751633,0.0,0.0,0.0,-0.003160017566703525,43.74834194830895
-245.0,0.00039508530512738873,234919.03133755288,302.1331818199055,0.0010708941615206625,0.08009867882505346,-0.0,0.9874248366013072,0.0,0.0,0.0,-0.003178352609945534,43.144240682595544
-244.0,0.00039826765177546964,234973.4463086725,302.14656527324235,0.0010797221368082368,0.07879944888397046,-0.0,0.9802549019607842,0.0,0.0,0.0,-0.00319642353174575,42.53259840089633
-243.0,0.00040140361778402174,235021.9119843761,302.15788650514344,0.001088407463539449,0.07754735385798674,-0.0,0.9726405228758168,0.0,0.0,0.0,-0.003214228502758099,41.914094329808755
-242.0,0.000404492807117699,235066.89786747794,302.1680573455825,0.0010969567402816975,0.07634588805454665,-0.0,0.9650261437908496,0.0,0.0,0.0,-0.003231767023736057,41.28956451306644
-241.0,0.00040753484995830505,235110.0881973548,302.1776967802771,0.0011053742766279386,0.07517275358633355,-0.0,0.9574117647058822,0.0,0.0,0.0,-0.0032490382444395204,40.65967352773154
-240.0,0.0004105294019589481,235151.3153111888,302.18674871082106,0.0011136583495664843,0.07394612564383453,-0.0,0.948718954248366,0.0,0.0,0.0,-0.0032660398236411137,40.0247428800916
-239.0,0.00041347614348386647,235190.61096489322,302.1952302668644,0.0011218079687688016,0.07275081430966278,-0.0,0.9400261437908497,0.0,0.0,0.0,-0.003282769718880418,39.385119431247674
-238.0,0.0004163747788359757,235229.05122741152,302.20353470268805,0.0011298258202809591,0.0715725066604164,-0.0,0.9313333333333336,0.0,0.0,0.0,-0.003299227084094596,38.74131163289536
-237.0,0.0004192250354741336,235267.11585162795,302.21183647248955,0.0011377127004976186,0.07037591622726716,-0.0,0.922261437908497,0.0,0.0,0.0,-0.003315410720096965,38.09370920440539
-236.0,0.00042202666322208103,235303.84441263042,302.219788800427,0.001145464484450862,0.06915990099648052,-0.0,0.9126209150326798,0.0,0.0,0.0,-0.0033313181577313772,37.44245690129405
-235.0,0.0004247794334709475,235339.75482849427,302.22758145617155,0.0011530822087859635,0.06796125133918278,-0.0,0.9029803921568627,0.0,0.0,0.0,-0.0033469484401386757,36.78793078213401
-234.0,0.00042748313837716334,235375.46866238271,302.23543981308586,0.001160567389192778,0.0667717929548014,-0.0,0.8933398692810456,0.0,0.0,0.0,-0.003362300889347137,36.13050641494678
-233.0,0.00043013759005754545,235410.69655882652,302.24325852947993,0.0011679184149639631,0.06554095942285205,-0.0,0.8829673202614379,0.0,0.0,0.0,-0.0033773740839375815,35.470404440156905
-232.0,0.00043274261978326297,235444.85309773937,302.2508267625784,0.0011751326374313446,0.06431787955312214,-0.0,0.8724117647058823,0.0,0.0,0.0,-0.0033921663705976705,34.80779430914158
-231.0,0.000435298077174312,235478.56223656225,302.258371232546,0.001182211763988288,0.06310805994344283,-0.0,0.8618562091503268,0.0,0.0,0.0,-0.0034066773904056448,34.14301680568562
-230.0,0.0004378038293960609,235512.19921780168,302.2660272139066,0.0011891567087792857,0.06189525890510144,-0.0,0.8511437908496732,0.0,0.0,0.0,-0.003420906686607527,33.47635961350078
-229.0,0.00044025976035934973,235545.13890175358,302.27356814968374,0.0011959648204408408,0.06065370898241863,-0.0,0.8398039215686273,0.0,0.0,0.0,-0.003434852905806094,32.80795617456751
-228.0,0.0004426657699255473,235577.4390707939,302.2810156395003,0.0012026359376579668,0.0594285172826217,-0.0,0.8284640522875816,0.0,0.0,0.0,-0.0034485154286473837,32.13802969367254
-227.0,0.0004450217731178973,235609.58790564188,302.28854615144917,0.0012091715337506736,0.05821346538725497,-0.0,0.8171241830065358,0.0,0.0,0.0,-0.003461894177330773,31.46684973490153
-226.0,0.00044732769934040386,235641.6360903455,302.29617714757126,0.0012155715446416056,0.05697742554433479,-0.0,0.8053529411764703,0.0,0.0,0.0,-0.003474988745435157,30.79461271789373
-225.0,0.00044958349160542475,235672.95495552768,302.3036812820493,0.0012218334187568257,0.055738939978448976,-0.0,0.7932941176470586,0.0,0.0,0.0,-0.0034877980970436763,30.121417391452248
-224.0,0.00045178910577107004,235703.94876385154,302.3112049881209,0.0012279584521937606,0.054513399193188684,-0.0,0.7812352941176469,0.0,0.0,0.0,-0.003500322298735869,29.44748865591494
-223.0,0.0004539445097894204,235734.9738138819,302.3188764926578,0.001233947827990079,0.05329644696983096,-0.0,0.7691764705882352,0.0,0.0,0.0,-0.0035125614674112134,28.773030925553083
-222.0,0.00045604968296650197,235766.04429493204,302.3266999817579,0.001239801497242181,0.05207103926535046,-0.0,0.7568712241653417,0.0,0.0,0.0,-0.003524515452638292,28.098193913033302
-221.0,0.0004581046152348881,235797.1891890139,302.33468515066625,0.0012455194965885008,0.050854114735433706,-0.0,0.7445659777424483,0.0,0.0,0.0,-0.003536184176182366,27.423119227638914
-220.0,0.0004601093064397125,235828.631479231,302.3429115977449,0.0012511026306858532,0.04964313643619696,-0.0,0.7322607313195547,0.0,0.0,0.0,-0.0035475678219734834,26.747960668484843
-219.0,0.0004620637656388199,235860.43679376578,302.3514018328089,0.0012565511435018127,0.04842137637927925,-0.0,0.7197156862745097,0.0,0.0,0.0,-0.003558666475190592,26.07284278277047
-218.0,0.00046396801041769827,235891.817170378,302.3598707523163,0.0012618620283933097,0.047177208567363724,-0.0,0.7066111111111111,0.0,0.0,0.0,-0.003569479372755612,25.39778836807575
-217.0,0.0004658220662197814,235922.83532469143,302.36834142067346,0.001267035524593166,0.04594778473469884,-0.0,0.6935065359477124,0.0,0.0,0.0,-0.0035800066417296487,24.722909543656122
-216.0,0.0004676259656926399,235953.85237704465,302.3769441853693,0.0012720730517882127,0.04472896639673528,-0.0,0.6804019607843138,0.0,0.0,0.0,-0.0035902487745306864,24.04833944152594
-215.0,0.0004693797480505141,235984.93641339688,302.3857032157996,0.0012769749337742504,0.04350218279798475,-0.0,0.6670228758169935,0.0,0.0,0.0,-0.0036002060122685108,23.374169560215858
-214.0,0.0004710834584535952,236015.90018172163,302.39455077709147,0.0012817405190455077,0.04228021538720403,-0.0,0.6535261437908495,0.0,0.0,0.0,-0.00360987835847633,22.700457823846627
-213.0,0.0004727371474043919,236047.00100582142,302.4035795955313,0.0012863708985198148,0.041068039718440294,-0.0,0.6400294117647056,0.0,0.0,0.0,-0.003619266310510831,22.027297783135747
-212.0,0.00047434087016147485,236078.44852073383,302.41286487691036,0.0012908670044568826,0.03986210082343683,-0.0,0.6265098039215682,0.0,0.0,0.0,-0.0036283703550517516,21.35476795244191
-211.0,0.00047589468617084105,236110.19995564167,302.4223907103778,0.0012952287982227067,0.038651607342821005,-0.0,0.61278431372549,0.0,0.0,0.0,-0.0036371907424355694,20.682914801634336
-210.0,0.0004773986585150909,236142.29497513024,302.432171099125,0.0012994565732097787,0.037449605063318674,-0.0,0.5990588235294115,0.0,0.0,0.0,-0.0036457278260370344,20.01178497906315
-209.0,0.0004788528533805691,236174.91329283288,302.44227048951956,0.0013035511875770173,0.03625450384236091,-0.0,0.5853333333333332,0.0,0.0,0.0,-0.0036539821276304414,19.34142909305856
-208.0,0.00048025733954258024,236208.1660817004,302.4527285197963,0.0013075132425008741,0.035061515440198913,-0.0,0.5715424836601307,0.0,0.0,0.0,-0.0036619541161986937,18.671883472751308
-207.0,0.0004816121878687535,236242.0244411125,302.463534422208,0.0013113427906720299,0.0338714663434218,-0.0,0.5576862745098041,0.0,0.0,0.0,-0.003669644123548985,18.003165939896565
-206.0,0.0004829174708405939,236276.60464715568,302.4747298554762,0.0013150404660656214,0.032687665789809785,-0.0,0.5438300653594773,0.0,0.0,0.0,-0.00367705264235186,17.335298971726647
-205.0,0.0004841732620932304,236312.02544267892,302.4863573592065,0.0013186069193276426,0.031509427132638435,-0.0,0.5299738562091507,0.0,0.0,0.0,-0.003684180175985839,16.668297819085055
-204.0,0.00048537963597334113,236348.41054359695,302.4984612774933,0.0013220428261746793,0.030337822699654047,-0.0,0.5161470588235297,0.0,0.0,0.0,-0.003691027237868,16.00217088795462
-203.0,0.00048653666711521054,236385.87241504627,302.511081923706,0.0013253488206712433,0.029170803786693667,-0.0,0.5023235294117652,0.0,0.0,0.0,-0.0036975943313502456,15.336918862676375
-202.0,0.0004876444300348518,236424.48622290682,302.52424625023906,0.0013285253878662585,0.028008129062217026,-0.0,0.48850000000000054,0.0,0.0,0.0,-0.0037038819179650772,14.672533493226782
-201.0,0.0004887029987421093,236464.3352302917,302.5379842306933,0.001331573043967001,0.026851392949424634,-0.0,0.4747058823529417,0.0,0.0,0.0,-0.003709890462379276,14.009001053190817
-200.0,0.0004897124463706372,236505.58659771524,302.5523561005896,0.0013344926424427763,0.025701933843565842,-0.0,0.4609803921568628,0.0,0.0,0.0,-0.003715620512331874,13.34630674338491
-199.0,0.0004906728448256359,236548.32689577274,302.5673931516135,0.0013372847086266786,0.02455585226679423,-0.0,0.44725490196078416,0.0,0.0,0.0,-0.0037210725206244326,12.684424931948346
-198.0,0.0004915842644492211,236592.61042765933,302.5831152103088,0.0013399496312233674,0.023413522875476225,-0.0,0.43352941176470533,0.0,0.0,0.0,-0.0037262468922449193,12.023322979710827
-197.0,0.0004924467737032823,236638.58740007321,302.59957674056864,0.0013424881818389087,0.02228301498215291,-0.0,0.4199640522875811,0.0,0.0,0.0,-0.0037311441197748867,11.362968080712024
-196.0,0.0004932604388696894,236686.51068770955,302.6168691359137,0.0013449015451508228,0.021157850286995027,-0.0,0.4064673202614374,0.0,0.0,0.0,-0.0037357647922907117,10.703326457639479
-195.0,0.0004940253237676938,236736.41572275318,302.63500572499123,0.0013471900126671697,0.020035013445332706,-0.0,0.39297058823529374,0.0,0.0,0.0,-0.0037401092465661583,10.044348577936331
-194.0,0.0004947414894883732,236788.3511006804,302.6540047910461,0.0013493539176578765,0.018917043120610093,-0.0,0.37951307189542455,0.0,0.0,0.0,-0.0037441778105101217,9.385981560265828
-193.0,0.000495408994145964,236842.64194664382,302.67398408593107,0.0013513947138279437,0.01781733549880018,-0.0,0.3664084967320259,0.0,0.0,0.0,-0.003747971087512963,8.728178919171466
-192.0,0.0004960278926459284,236899.47986999885,302.6950134100935,0.0013533132999104711,0.016717255122658495,-0.0,0.35330392156862733,0.0,0.0,0.0,-0.003751489515266288,8.070882967329863
-191.0,0.0004965982364696048,236958.84310049884,302.7170861706509,0.0013551096860129387,0.015617880334357343,-0.0,0.3401993464052287,0.0,0.0,0.0,-0.003754733272724732,7.414024399079543
-190.0,0.0004971200734752936,237020.81027863832,302.74023211872145,0.001356784277411329,0.014530223805441025,-0.0,0.3273398692810458,0.0,0.0,0.0,-0.0037577026158609026,6.757534419611919
-189.0,0.000497593447715639,237085.78222705968,302.76459670561627,0.0013583387890325307,0.013450417701456928,-0.0,0.31472549019607854,0.0,0.0,0.0,-0.0037603981198456545,6.101349269962204
-188.0,0.0004980183992711689,237153.72864978164,302.79017089092133,0.0013597731479307522,0.01236758417825639,-0.0,0.30211111111111133,0.0,0.0,0.0,-0.0037628198622112544,5.445388674217287
-187.0,0.0004983949640998683,237224.5588612383,302.8169243915323,0.0013610870118873986,0.01128209133717097,-0.0,0.28949673202614407,0.0,0.0,0.0,-0.0037649678181346743,4.789569514462543
-186.0,0.0004987231739026683,237298.43206336044,302.8449168142056,0.0013622810480458981,0.01021097161280772,-0.0,0.27741176470588275,0.0,0.0,0.0,-0.0037668421965231518,4.133812277342428
-185.0,0.000499003056004742,237375.45919848213,302.8741906882676,0.00136335570581737,0.009130854564252779,-0.0,0.2653856209150331,0.0,0.0,0.0,-0.003768443118379936,3.4780334298895377
-184.0,0.0004992346332525129,237455.31822254404,302.9046339545506,0.0013643096268616533,0.00803713172312332,-0.0,0.25335947712418344,0.0,0.0,0.0,-0.0037697701963002985,2.8221417201374654
-183.0,0.0004994179239262894,237537.62442276924,302.9361127892048,0.0013651411703371576,0.006930355808289391,-0.0,0.2415392156862749,0.0,0.0,0.0,-0.0037708229342489886,2.1660477457463925
-182.0,0.0004995529416684556,237622.0621737817,302.9685187189245,0.00136584895813307,0.005802360669566758,-0.0,0.2301993464052289,0.0,0.0,0.0,-0.0037716008718737346,1.5096658567604195
-181.0,0.0004996396954271571,237707.5594543142,303.00147369396734,0.001366428466111122,0.00461634888439263,-0.0,0.21885947712418283,0.0,0.0,0.0,-0.003772102691088371,0.8529104387098196
-180.0,0.0004996781894154401,237792.0400357414,303.03424230758066,0.0013668710003625216,0.0033241780048254405,-0.0,0.2075196078431368,0.0,0.0,0.0,-0.0037723259498530608,0.1957063681808643
-179.0,0.0004996684230858101,237871.04498756304,303.06524063139653,0.0013671580071943597,0.001763798992264312,-0.0,0.1967516339869277,0.0,0.0,0.0,-0.0037722655980107268,-0.46199422038758403
-178.0,0.0004996103911201929,237920.95121700448,303.0859710700597,0.0013671921260030024,-0.0010319461648338887,-0.0,0.18622875816993428,0.0,0.0,0.0,-0.00377189844641035,-1.1200997653229972
-177.0,0.0004995040834352997,237955.41719951428,303.1011078506096,0.001367030669395138,-0.0018162365740000204,-0.0,0.17570588235294088,0.0,0.0,0.0,-0.003771245981864263,-1.7785358457272429
-176.0,0.0004993494852034024,238003.88441311909,303.1212720204805,0.001366794624114723,-0.0024172520402502467,-0.0,0.16527450980392136,0.0,0.0,0.0,-0.0037703361139854647,-2.437540401029368
-175.0,0.0004991465768885519,238069.3222102164,303.147547752284,0.0013664959460689028,-0.0029471294606235607,-0.0,0.1556666666666665,0.0,0.0,0.0,-0.003769170945955937,-3.097332349388626
-174.0,0.0004988953342982753,238153.6504929406,303.1806335509645,0.001366142229399104,-0.003408622803405934,-0.0,0.14605882352941166,0.0,0.0,0.0,-0.00376775168163403,-3.7581463038563214
-173.0,0.0004985957286508095,238258.77917644655,303.221222402013,0.0013657409476467836,-0.0038027724021779453,-0.0,0.1364509803921568,0.0,0.0,0.0,-0.0037660794216540575,-4.420237188219886
-172.0,0.0004982477266579416,238386.58349583184,303.2699923378071,0.0013652993440579012,-0.00414259997628703,-0.0,0.1273169934640523,0.0,0.0,0.0,-0.003764155130534289,-5.083879439762357
-171.0,0.0004978512906235314,238538.4284142221,303.3274322238551,0.0013648224867792381,-0.004429601391140722,-0.0,0.11865686274509811,0.0,0.0,0.0,-0.003761979265026057,-5.74935493915932
-170.0,0.0004974063785578215,238716.21544940994,303.3942241016285,0.0013643175282166777,-0.004648006330099282,-0.0,0.10999673202614392,0.0,0.0,0.0,-0.0037595525559176563,-6.416973939694886
-169.0,0.0004969129443076297,238922.03155986255,303.4711140679254,0.001363792258763384,-0.004795081259465184,-0.0,0.10133660130718972,0.0,0.0,0.0,-0.0037568757158775996,-7.087071983573658
-168.0,0.000496370937702552,239157.44145692582,303.5586533767821,0.0013632522216831188,-0.004917456107113718,-0.0,0.09364705882352961,0.0,0.0,0.0,-0.003753948898558781,-7.759989407271699
-167.0,0.0004957803047172979,239423.78332823087,303.6573063323975,0.0013627019161415238,-0.004976445384656115,-0.0,0.08606535947712443,0.0,0.0,0.0,-0.0037507719174970622,-8.436074376103553
-166.0,0.0004951409876502985,239723.1963017408,303.7678242965812,0.0013621489510493646,-0.004964702592928956,-0.0,0.07848366013071927,0.0,0.0,0.0,-0.0037473449674905435,-9.115718671267757
-165.0,0.0004944529253187341,240057.8584310362,303.89096661656873,0.0013616009340086642,-0.004902592257159855,-0.0,0.0712352941176473,0.0,0.0,0.0,-0.0037436680329425596,-9.799337643737125
-164.0,0.0004937160532701317,240428.6086843515,304.02699908212196,0.0013610599080009708,-0.0048248330753816945,-0.0,0.06476470588235302,0.0,0.0,0.0,-0.0037397399301181728,-10.487310545269734
-163.0,0.0004929303040106937,240837.14567001385,304.1764940734518,0.00136053123413822,-0.004679966102555987,-0.0,0.05829411764705874,0.0,0.0,0.0,-0.0037355598402915137,-11.180063726313708
-162.0,0.0004920956072505208,241285.74867563954,304.3402270971763,0.001360022430605242,-0.004466155928747452,-0.0,0.051823529411764456,0.0,0.0,0.0,-0.0037311270505134887,-11.878068800029963
-161.0,0.0004912118901658921,241776.09033047364,304.51874494439693,0.0013595383855039363,-0.004259038895598662,-0.0,0.046199346405228534,0.0,0.0,0.0,-0.0037264401394178485,-12.581788875402534
-160.0,0.0004902790776787732,242308.31060912908,304.712031886706,0.0013590776801433817,-0.004023622565881921,-0.0,0.040937908496731845,0.0,0.0,0.0,-0.0037214964542229612,-13.291619099685784
-159.0,0.0004892970927537144,242884.49335692922,304.9207678923998,0.0013586464999000446,-0.0037273768302301235,-0.0,0.03567647058823514,0.0,0.0,0.0,-0.003716294281813273,-14.00806539484794
-158.0,0.00048826585671230536,243506.94966479533,305.1457041158197,0.0013582517119654735,-0.0033823664010617866,-0.0,0.030535947712418212,0.0,0.0,0.0,-0.0037108316709575486,-14.731667811183707
-157.0,0.00048718528956534263,244175.73024488223,305.38676731942525,0.001357890997594315,-0.003102214280154493,-0.0,0.02648366013071889,0.0,0.0,0.0,-0.003705105052575384,-15.462846037990543
-156.0,0.0004860553103628613,244891.46539836156,305.64408591627296,0.0013575641836583306,-0.0027720358008365645,-0.0,0.022431372549019567,0.0,0.0,0.0,-0.0036991109530285574,-16.20205509715731
-155.0,0.00048487583756217604,245656.2972322396,305.91832133438743,0.0013572768711788727,-0.0023910512036617974,-0.0,0.01837908496732025,0.0,0.0,0.0,-0.003692846370416047,-16.94985758908046
-154.0,0.00048364678941405725,246471.85955796935,306.2099403511976,0.0013570324161999705,-0.002045432848842288,-0.0,0.014964052287581709,0.0,0.0,0.0,-0.0036863076451949402,-17.706799761196
-153.0,0.0004823680843671639,247336.5751737189,306.5182542050099,0.0013568214060673742,-0.0017467075940919429,-0.0,0.012186274509803946,0.0,0.0,0.0,-0.0036794893848956715,-18.47320216345639
-152.0,0.00048103964149082964,248251.75527428545,306.84359923901974,0.0013566456082883607,-0.0014115484878924282,-0.0,0.009408496732026185,0.0,0.0,0.0,-0.0036723873320534087,-19.249586515792362
-151.0,0.0004796613809162824,249219.37695595724,307.1865364895021,0.0013565091513087128,-0.001039560455445618,-0.0,0.006630718954248427,0.0,0.0,0.0,-0.003664997127530128,-20.03653781395333
-150.0,0.0004782332242963593,250239.00010046148,307.5467591340725,0.0013564065752308951,-0.0008178628245061076,-0.0,0.005000000000000043,0.0,0.0,0.0,-0.0036573132115026333,-20.834456799091488
-149.0,0.00047675509528374393,251309.0237938582,307.92354725323895,0.0013563278490657277,-0.0005958105231182334,-0.0,0.003496732026143843,0.0,0.0,0.0,-0.0036493296055109953,-21.643633172004964
-148.0,0.00047522692002773643,252430.9901721673,308.317284992009,0.001356274929955988,-0.00035331657974148047,-0.0,0.0019934640522876433,0.0,0.0,0.0,-0.0036410411997415872,-22.464611455016502
-147.0,0.000473648627689527,253606.2205634558,308.72826669478616,0.001356248695997008,-0.00015884408012642784,-0.0,0.0008627450980392255,0.0,0.0,0.0,-0.003632442488756143,-23.297926553866763
-146.0,0.0004720201509759116,254831.74689541358,309.15527976089544,0.0013562335543998686,-0.00011484967098345258,-0.0,0.000601307189542487,0.0,0.0,0.0,-0.0036235269557181064,-24.143714633599842
-145.0,0.0004703414266913553,256107.09571403693,309.5979872538924,0.0013562234040961213,-6.725584514248585e-05,-0.0,0.0003398692810457482,0.0,0.0,0.0,-0.003614288782702712,-25.00231310393429
-144.0,0.000468612396308259,257433.57542350495,310.0566665482143,0.0013562187420094697,-1.606124358302676e-05,-0.0,7.843137254900964e-05,0.0,0.0,0.0,-0.0036047223152244254,-25.874224258422846
-143.0,0.00046683300655525324,258812.13157546913,310.53145876179946,0.0013562184947672356,-0.0,-0.0,0.0,0.0,0.0,0.0,-0.003594821620377983,-26.759918607066925
-142.0,0.0004650032100232817,260242.92667276776,311.0222267218285,0.001356218494768346,-0.0,-0.0,0.0,0.0,0.0,0.0,-0.003584580577400496,-27.659784358461792
-141.0,0.0004631229657892031,261727.22059982287,311.52920331019345,0.001356218494768344,-0.0,-0.0,0.0,0.0,0.0,0.0,-0.0035739929573439457,-28.574320733318384
-140.0,0.0004611922400565689,263266.3998151626,312.0526532455203,0.001356218494768342,-0.0,-0.0,0.0,0.0,0.0,0.0,-0.003563052284467996,-29.50404432593664
-139.0,0.00045921100681319265,264861.91386660014,312.59285044856546,0.0013562184947683398,-0.0,-0.0,0.0,0.0,0.0,0.0,-0.0035517518227860113,-30.449482902965876
-138.0,0.0004571792485050578,266515.27800432756,313.1500782373285,0.0013562184947683374,-0.0,-0.0,0.0,0.0,0.0,0.0,-0.003540084567221437,-31.41117584715025
-137.0,0.00045509695672605254,268228.075939651,313.7246295295453,0.001356218494768335,-0.0,-0.0,0.0,0.0,0.0,0.0,-0.003528043234268917,-32.38967461752903
-136.0,0.00045296413292295247,270001.96275804314,314.316807052945,0.0013562184947683326,-0.0,-0.0,0.0,0.0,0.0,0.0,-0.003515620252130063,-33.385543227204685
-135.0,0.00045078078911500453,271838.6679954475,314.92692356355064,0.00135621849476833,-0.0,-0.0,0.0,0.0,0.0,0.0,-0.0035028077502920244,-34.39935873982396
-134.0,0.00044854694862739606,273739.99888738897,315.5553020723229,0.0013562184947683272,-0.0,-0.0,0.0,0.0,0.0,0.0,-0.003489597548514672,-35.4317117859868
-133.0,0.00044626264683781725,275707.843801103,316.20227608046594,0.0013562184947683244,-0.0,-0.0,0.0,0.0,0.0,0.0,-0.0034759811451896445,-36.48320710087086
-132.0,0.0004439279319352542,277744.1758616038,316.86818982373234,0.0013562184947683215,-0.0,-0.0,0.0,0.0,0.0,0.0,-0.003461949705031852,-37.554464084433725
-131.0,0.00044154286569006603,279851.0567833795,317.55339852608716,0.0013562184947683185,-0.0,-0.0,0.0,0.0,0.0,0.0,-0.003447494046061156,-38.64611738563717
-130.0,0.0004391075242343312,282030.6409202111,318.25826866311223,0.0013562184947683155,-0.0,-0.0,0.0,0.0,0.0,0.0,-0.0034326046258287657,-39.75881751221784
-129.0,0.00043662199885135947,284285.17954649817,318.98317823555544,0.0013562184947683122,-0.0,-0.0,0.0,0.0,0.0,0.0,-0.003417271526839583,-40.8932314676185
-128.0,0.0004340863967731913,286617.0253844203,319.7285170534543,0.001356218494768309,-0.0,-0.0,0.0,0.0,0.0,0.0,-0.003401484441118115,-42.050043416783
-127.0,0.000431500841984822,289028.6373922767,320.49468703128963,0.0013562184947683053,-0.0,-0.0,0.0,0.0,0.0,0.0,-0.0033852326538616564,-43.22995538261381
-126.0,0.00042886547603381307,291522.5858304451,321.2821024946509,0.0013562184947683018,-0.0,-0.0,0.0,0.0,0.0,0.0,-0.0033685050261202903,-44.4336879749886
-125.0,0.0004261804588438646,294101.5576225825,322.0911904989244,0.0013562184947682981,-0.0,-0.0,0.0,0.0,0.0,0.0,-0.0033512899764387392,-45.661981154336075
-124.0,0.0004234459695308521,296768.36203095724,322.9223911605448,0.0013562184947682942,-0.0,-0.0,0.0,0.0,0.0,0.0,-0.0033335754613902186,-46.91559503187717
-123.0,0.0004206622072197467,299525.9366661776,323.7761580013828,0.0013562184947682903,-0.0,-0.0,0.0,0.0,0.0,0.0,-0.0033153489549272185,-48.195310708748764
-122.0,0.0004178293918607664,302377.3538530529,324.65295830687137,0.001356218494768286,-0.0,-0.0,0.0,0.0,0.0,0.0,-0.003296597426468496,-49.50193115634226
-121.0,0.00041494776504302896,305325.8273759271,325.55327349851115,0.0013562184947682816,-0.0,-0.0,0.0,0.0,0.0,0.0,-0.0032773073176354554,-50.836282140308285
-120.0,0.00041201759080390844,308374.71962853614,326.47759952142763,0.001356218494768277,-0.0,-0.0,0.0,0.0,0.0,0.0,-0.0032574645175445023,-52.19921319080311
-119.0,0.000409039156432234,311527.54919530207,327.42644724769144,0.0013562184947682723,-0.0,-0.0,0.0,0.0,0.0,0.0,-0.0032370543365548643,-53.591598621678564
-118.0,0.00040601277326339876,314787.9988929895,328.4003428961516,0.0013562184947682673,-0.0,-0.0,0.0,0.0,0.0,0.0,-0.00321606147836369,-55.01433860145245
-117.0,0.00040293877746439715,318159.9243038078,329.3998284695701,0.0013562184947682623,-0.0,-0.0,0.0,0.0,0.0,0.0,-0.0031944700103319467,-56.468360279029824
-116.0,0.00039981753080675213,321647.3628334014,330.4254622098894,0.0013562184947682571,-0.0,-0.0,0.0,0.0,0.0,0.0,-0.0031722633319156766,-57.95461896728948
-115.0,0.0003966494214252478,325254.54332969675,331.47781907250635,0.0013562184947682515,-0.0,-0.0,0.0,0.0,0.0,0.0,-0.0031494241410674213,-59.47409938779428
-114.0,0.0003934348645603449,328985.89630132774,332.55749122047024,0.0013562184947682457,-0.0,-0.0,0.0,0.0,0.0,0.0,-0.0031259343984622024,-61.02781698003445
-113.0,0.00039017430328211754,332846.0647773331,333.6650885395691,0.0013562184947682396,-0.0,-0.0,0.0,0.0,0.0,0.0,-0.0031017752893910296,-62.61681927876834
-112.0,0.00038686820919353284,336839.9158530373,334.80123917531563,0.001356218494768233,-0.0,-0.0,0.0,0.0,0.0,0.0,-0.0030769271831526035,-64.2421873631831
-111.0,0.0003835170831108695,340972.55297052057,335.96659009289226,0.0013562184947682266,-0.0,-0.0,0.0,0.0,0.0,0.0,-0.0030513695897605303,-65.905037381763
-110.0,0.00038012145571906413,345249.3289858666,337.16180766116565,0.0013562184947682196,-0.0,-0.0,0.0,0.0,0.0,0.0,-0.0030250811137689394,-67.6065221569197
-109.0,0.00037668188819977666,349675.86007947987,338.3875782619312,0.0013562184947682123,-0.0,-0.0,0.0,0.0,0.0,0.0,-0.002998039405003636,-69.34783287361162
-108.0,0.0003731989728299712,354258.0405702212,339.6446089256015,0.0013562184947682049,-0.0,-0.0,0.0,0.0,0.0,0.0,-0.0029702211059689674,-71.13020085635553
-107.0,0.000369673333548826,359002.05869894725,340.9336279946063,0.0013562184947681969,-0.0,-0.0,0.0,0.0,0.0,0.0,-0.002941601795681988,-72.95489943921338
-106.0,0.00036610562649081954,363914.4134522882,342.2553858158249,0.0013562184947681886,-0.0,-0.0,0.0,0.0,0.0,0.0,-0.002912155929665504,-74.82324593352
-105.0,0.0003624965404828704,369001.9325032149,343.61065546342934,0.0013562184947681797,-0.0,-0.0,0.0,0.0,0.0,0.0,-0.002881856775809692,-76.73660369830375
-104.0,0.0003588467975034604,374271.7913511456,345.00023349357105,0.0013562184947681708,-0.0,-0.0,0.0,0.0,0.0,0.0,-0.002850676345788196,-78.6963843185399
-103.0,0.00035515715310172774,379731.5337510991,346.42494073240135,0.0013562184947681613,-0.0,-0.0,0.0,0.0,0.0,0.0,-0.0028185853216888376,-80.70404989656537
-102.0,0.00035142839677458404,385389.0935287434,347.885623098973,0.0013562184947681513,-0.0,-0.0,0.0,0.0,0.0,0.0,-0.0027855529774908324,-82.76111546217332
-101.0,0.0003476613522999869,391252.8178861942,349.3831524646268,0.001356218494768141,-0.0,-0.0,0.0,0.0,0.0,0.0,-0.002751547094989832,-84.86915150709504
-100.0,0.0003438568780245862,397331.49231212056,350.91842755052426,0.0013562184947681299,-0.0,-0.0,0.0,0.0,0.0,0.0,-0.002716533873738652,-87.02978664976044
-99.0,0.0003400158671040629,403634.367219215,352.4923748650429,0.0013562184947681184,-0.0,-0.0,0.0,0.0,0.0,0.0,-0.0026804778345351286,-89.24471043641124
-98.0,0.0003361392476945803,410171.1864424303,354.1059496828066,0.0013562184947681064,-0.0,-0.0,0.0,0.0,0.0,0.0,-0.0026433417159488328,-91.51567628481274
-97.0,0.0003322279830938863,416952.21774267545,355.7601370671765,0.0013562184947680936,-0.0,-0.0,0.0,0.0,0.0,0.0,-0.002605086363334977,-93.84450457697578
-96.0,0.0003282830718307278,423988.2854729738,357.4559529380787,0.0013562184947680802,-0.0,-0.0,0.0,0.0,0.0,0.0,-0.0025656706097365338,-96.23308590744689
-95.0,0.00032430554770136846,431290.80557753175,359.1944451870952,0.001356218494768066,-0.0,-0.0,0.0,0.0,0.0,0.0,-0.002525051148023825,-98.68338449385891
-94.0,0.0003202964797521405,438871.82310884306,360.97669484178766,0.0013562184947680514,-0.0,-0.0,0.0,0.0,0.0,0.0,-0.0024831823935643686,-101.19744175653896
-93.0,0.000316256972207104,446744.05246399436,362.8038172812662,0.001356218494768036,-0.0,-0.0,0.0,0.0,0.0,0.0,-0.0024400163366539397,-103.77738007405223
-92.0,0.00031218816434004106,454920.9205588503,364.67696350504775,0.0013562184947680197,-0.0,-0.0,0.0,0.0,0.0,0.0,-0.0023955023838722602,-106.42540672159542
-91.0,0.0003080912302901619,463416.61317797116,366.59732145728077,0.0013562184947680028,-0.0,-0.0,0.0,0.0,0.0,0.0,-0.0023495871874527176,-109.14381799915266
-90.0,0.0003039673788210675,472246.12475904817,368.566117408429,0.001356218494767985,-0.0,-0.0,0.0,0.0,0.0,0.0,-0.0023022144616747045,-111.93500355625888
-89.0,0.00029981785302266457,481425.31189358176,370.5846173965207,0.001356218494767966,-0.0,-0.0,0.0,0.0,0.0,0.0,-0.0022533247851984346,-114.80145092008637
-88.0,0.0002956439299559081,490970.9508505924,372.65412873006693,0.0013562184947679462,-0.0,-0.0,0.0,0.0,0.0,0.0,-0.0022028553881651243,-117.74575023334887
-87.0,0.00029144692024039636,500900.79945762514,374.77600155473795,0.0013562184947679254,-0.0,-0.0,0.0,0.0,0.0,0.0,-0.0021507399227790945,-120.77059920820086
-86.0,0.0002872281675850277,511233.6637033545,376.9516304858551,0.0013562184947679033,-0.0,-0.0,0.0,0.0,0.0,0.0,-0.002096908215971814,-123.87880830186168
-85.0,0.0002829890482620765,521989.4694590381,379.1824563087043,0.00135621849476788,-0.0,-0.0,0.0,0.0,0.0,0.0,-0.002041286002620276,-127.0733061191079
-84.0,0.0002787309705252279,533189.3397521031,381.4699677486046,0.001356218494767856,-0.0,-0.0,0.0,0.0,0.0,0.0,-0.0019837946376520194,-130.35714504600188
-83.0,0.00027445537397225795,544855.6780646823,383.8157033125638,0.0013562184947678304,-0.0,-0.0,0.0,0.0,0.0,0.0,-0.0019243507852157412,-133.73350711825296
-82.0,0.00027016372885321793,557012.258173179,386.2212532042226,0.0013562184947678035,-0.0,-0.0,0.0,0.0,0.0,0.0,-0.0018628660829280407,-137.2057101263706
-81.0,0.0002658575353251246,569684.321092377,388.68826131361794,0.0013562184947677753,-0.0,-0.0,0.0,0.0,0.0,0.0,-0.0017992467790224095,-140.7772139582447
-80.0,0.0002615383226543198,582898.679739576,391.21842728309053,0.0013562184947677456,-0.0,-0.0,0.0,0.0,0.0,0.0,-0.0017333933400241162,-144.45162717790816
-79.0,0.0002572076483677959,596683.8319911604,393.813508650394,0.0013562184947677144,-0.0,-0.0,0.0,0.0,0.0,0.0,-0.0016652000263528836,-148.23271383693717
-78.0,0.0002528670973549309,611070.0828663865,396.47532306975154,0.0013562184947676816,-0.0,-0.0,0.0,0.0,0.0,0.0,-0.0015945544330119182,-152.12440051215634
-77.0,0.0002485182809212005,626089.6766414744,399.20575061121485,0.0013562184947676472,-0.0,-0.0,0.0,0.0,0.0,0.0,-0.0015213369922553997,-156.13078355994654
-76.0,0.00024416283579555925,641776.939771891,402.0067361382202,0.0013562184947676107,-0.0,-0.0,0.0,0.0,0.0,0.0,-0.001445420434834373,-160.25613657339628
-75.0,0.00023980242309329993,658168.4355825526,404.88029176268026,0.0013562184947675726,-0.0,-0.0,0.0,0.0,0.0,0.0,-0.0013666692061011804,-164.50491802367904
-74.0,0.00023543872723630127,675303.1317752175,407.8284993762906,0.0013562184947675322,-0.0,-0.0,0.0,0.0,0.0,0.0,-0.0012849388329025156,-168.8817790612315
-73.0,0.00023107345483267151,693222.5819002124,410.8535132559504,0.00135621849476749,-0.0,-0.0,0.0,0.0,0.0,0.0,-0.001200075236808209,-173.39157144538873
-72.0,0.00022670833351788448,711971.1220465144,413.9575627402711,0.0013562184947674455,-0.0,-0.0,0.0,0.0,0.0,0.0,-0.0011119139888045063,-178.03935556290463
-71.0,0.00022234511075957923,731596.084120839,417.14295497306324,0.0013562184947673989,-0.0,-0.0,0.0,0.0,0.0,0.0,-0.0010202795001237534,-182.830408486024
-70.0,0.0002179855526282579,752148.0272134776,420.4120777084136,0.00135621849476735,-0.0,-0.0,0.0,0.0,0.0,0.0,-0.000924984143384495,-187.7702320092176
-69.0,0.0002136314425361818,773680.9886868702,423.76740217047,0.001356218494767299,-0.0,-0.0,0.0,0.0,0.0,0.0,-0.0008258272976738481,-192.86456059001458
-68.0,0.0002092845799468019,796252.7567730991,427.21148595930083,0.0013562184947672454,-0.0,-0.0,0.0,0.0,0.0,0.0,-0.0007225943106150518,-198.11936910323024
-67.0,0.00020494677905710308,819925.166629215,430.74697599215176,0.0013562184947671894,-0.0,-0.0,0.0,0.0,0.0,0.0,-0.0006150553698245317,-203.5408802988433
-66.0,0.0002006198674552652,844764.4219752199,434.3766114670356,0.0013562184947671307,-0.0,-0.0,0.0,0.0,0.0,0.0,-0.0005029642754723808,-209.1355718313433
-65.0,0.00019630568475606183,870841.444629083,438.10322683281214,0.0013562184947670695,-0.0,-0.0,0.0,0.0,0.0,0.0,-0.00038605710491589827,-214.91018270196477
-64.0,0.00019200608121642263,898232.2544566301,441.9297547466745,0.0013562184947670055,-0.0,-0.0,0.0,0.0,0.0,0.0,-0.0002640507595767837,-220.8717189241647
-63.0,0.00018772291633358434,927018.3824715868,445.85922899619254,0.001356218494766939,-0.0,-0.0,0.0,0.0,0.0,0.0,-0.0001366413833784919,-227.0274581862085
-62.0,0.00018345805742824576,957287.3200520816,449.89478735867965,0.0013562184947668696,-0.0,-0.0,0.0,0.0,0.0,0.0,-3.5026411525878404e-06,-233.38495324186658
-61.0,0.00017921337821511998,989133.0074837425,454.03967436555826,0.0013562184947667978,-0.0,-0.0,0.0,0.0,0.0,0.0,0.00013571615553502155,-239.95203370993087
-60.0,0.00017499075736325092,1022656.3652946637,458.29724393348204,0.0013562184947667232,-0.0,-0.0,0.0,0.0,0.0,0.0,0.0002813920886894582,-246.7368059042844
-59.0,0.00017079207704842435,1057965.872111524,462.6709618171002,0.0013562184947666462,-0.0,-0.0,0.0,0.0,0.0,0.0,0.0004339308549124775,-253.74765024712488
-58.0,0.00016661922149996714,1095178.1930355823,467.1644078303752,0.0013562184947665669,-0.0,-0.0,0.0,0.0,0.0,0.0,0.0005937691827952306,-260.9932157369868
-57.0,0.00016247407554417223,1134418.8628070897,471.78127777410276,0.0013562184947664851,-0.0,-0.0,0.0,0.0,0.0,0.0,0.0007613774633841402,-268.48241084845273
-56.0,0.0001583585231465353,1175823.0282898864,476.5253849965445,0.0013562184947664016,-0.0,-0.0,0.0,0.0,0.0,0.0,0.0009372626114586015,-276.22439012962735
-55.0,0.00015427444595493404,1219536.2550550906,481.40066150161863,0.0013562184947663164,-0.0,-0.0,0.0,0.0,0.0,0.0,0.0011219711763277474,-284.2285356339266
-54.0,0.0001502237218458074,1265715.4030613573,486.41115850464314,0.00135621849476623,-0.0,-0.0,0.0,0.0,0.0,0.0,0.0013160927217081542,-292.5044321715425
-53.0,0.00014620822347532998,1314529.5766022578,491.5610463188699,0.0013562184947661427,-0.0,-0.0,0.0,0.0,0.0,0.0,0.0015202634949189272,-301.0618351895479
-52.0,0.0001422298168375027,1366161.1537972377,496.8546134366281,0.0013562184947660553,-0.0,-0.0,0.0,0.0,0.0,0.0,0.0017351704060388062,-309.9106298841199
-51.0,0.00013829035983100094,1420806.900912942,502.29626464639733,0.0013562184947659688,-0.0,-0.0,0.0,0.0,0.0,0.0,0.0019615553376997733,-319.0607799092608
-50.0,0.00013439170083655172,1478679.176679696,507.89051800107865,0.0013562184947658838,-0.0,-0.0,0.0,0.0,0.0,0.0,0.0022002198056988265,-328.52226376860136
-49.0,0.00013053567730652107,1540007.231467083,513.6420004225854,0.0013562184947658019,-0.0,-0.0,0.0,0.0,0.0,0.0,0.0024520299894096307,-338.30499665476896
-48.0,0.00012672411436831976,1605038.6056426645,519.555441693018,0.001356218494765724,-0.0,-0.0,0.0,0.0,0.0,0.0,0.0027179221488333027,-348.41873512804295
-47.0,0.00012295882344314657,1674040.6305835175,525.6356665424182,0.0013562184947656522,-0.0,-0.0,0.0,0.0,0.0,0.0,0.0029989084417447673,-358.87296159580916
-46.0,0.00011924160088150943,1747302.0345453916,531.8875844966367,0.0013562184947655883,-0.0,-0.0,0.0,0.0,0.0,0.0,0.0032960831493921428,-369.67674505925214
-45.0,0.00011557422661687795,1825134.6537988936,538.3161770953296,0.0013562184947655347,-0.0,-0.0,0.0,0.0,0.0,0.0,0.0036106293121203853,-380.83857402614416
-44.0,0.00011195846283874186,1907875.2469653357,544.9264820285392,0.0013562184947654944,-0.0,-0.0,0.0,0.0,0.0,0.0,0.003943825766526807,-392.36615684066203
-43.0,0.00010839605268626174,1995887.407139806,551.7235736696949,0.0013562184947654703,-0.0,-0.0,0.0,0.0,0.0,0.0,0.004297054562584442,-404.266183945541
-42.0,0.00010488871896362415,2089563.5619429604,558.7125394020564,0.0013562184947654668,-0.0,-0.0,0.0,0.0,0.0,0.0,0.004671808721682758,-416.5440457620065
-41.0,0.00010143816287812954,2189327.0458106524,565.8984510434532,0.0013562184947654885,-0.0,-0.0,0.0,0.0,0.0,0.0,0.005069700273622175,-429.20349894439624
-40.0,9.804606280196238e-05,2295634.221261564,573.2863305694931,0.0013562184947655408,-0.0,-0.0,0.0,0.0,0.0,0.0,0.005492468480899617,-442.24627273784273
-39.0,9.471407305852101e-05,2408976.6161524714,580.8811092171088,0.0013562184947656301,-0.0,-0.0,0.0,0.0,0.0,0.0,0.0059419881204900125,-455.67160604274784
-38.0,9.144382273410679e-05,2529883.0315266834,588.6875789174243,0.001356218494765764,-0.0,-0.0,0.0,0.0,0.0,0.0,0.006420277644784382,-469.47570458065405
-37.0,8.823691451570465e-05,2658921.5589729506,596.7103348588171,0.0013562184947659508,-0.0,-0.0,0.0,0.0,0.0,0.0,0.0069295069820374,-483.65110628539463
-36.0,8.509492355551505e-05,2796701.4267213875,604.9537078175409,0.001356218494766201,-0.0,-0.0,0.0,0.0,0.0,0.0,0.00747200465984789,-498.18594175003744
-35.0,8.201939636283341e-05,2943874.569177099,613.4216847149622,0.0013562184947665263,-0.0,-0.0,0.0,0.0,0.0,0.0,0.008050263839662475,-513.0630753053335
-34.0,7.901184972380982e-05,3101136.7842869847,622.117815669083,0.00135621849476694,-0.0,-0.0,0.0,0.0,0.0,0.0,0.008666946732464997,-528.2591111809177
-33.0,7.607376964956374e-05,3269228.3060086155,631.0451056069116,0.0013562184947674577,-0.0,-0.0,0.0,0.0,0.0,0.0,0.009324886721755195,-543.7432483390443
-32.0,7.320661035306476e-05,3448933.574098215,640.2058882990464,0.0013562184947680967,-0.0,-0.0,0.0,0.0,0.0,0.0,0.010027087345496748,-559.4759671591378
-31.0,7.041179325514878e-05,3641079.9293553396,649.6016804773058,0.0013562184947688769,-0.0,-0.0,0.0,0.0,0.0,0.0,0.010776717079858954,-575.4075314466821
-30.0,6.769070601997463e-05,3846534.898370905,659.233013513331,0.0013562184947698208,-0.0,-0.0,0.0,0.0,0.0,0.0,0.011577098620740434,-591.4762905887678
-29.0,6.504470162019002e-05,4066201.657026668,669.0992399893099,0.0013562184947709533,-0.0,-0.0,0.0,0.0,0.0,0.0,0.012431691071908373,-607.6067695379859
-28.0,6.247509743202495e-05,4301012.176355759,679.198312406994,0.0013562184947723017,-0.0,-0.0,0.0,0.0,0.0,0.0,0.013344063121038422,-623.7075392683184
-27.0,5.998317436049306e-05,4551917.458707749,689.5265312927521,0.0013562184947738959,-0.0,-0.0,0.0,0.0,0.0,0.0,0.014317854920688204,-639.668868159016
-26.0,5.757017599484268e-05,4819874.168775476,700.0782601104935,0.0013562184947757674,-0.0,-0.0,0.0,0.0,0.0,0.0,0.015356725999840946,-655.3601663462259
-25.0,5.523730779436217e-05,5105826.857470578,710.8456047502797,0.0013562184947779493,-0.0,-0.0,0.0,0.0,0.0,0.0,0.016464286131356552,-670.6272515350582
-24.0,5.2985736304617275e-05,5410684.874605126,721.8180559932315,0.0013562184947804752,-0.0,-0.0,0.0,0.0,0.0,0.0,0.017644005702030268,-685.2894873408989
-23.0,5.081658840416568e-05,5735292.980951508,732.9820943547352,0.0013562184947833774,-0.0,-0.0,0.0,0.0,0.0,0.0,0.018899101822347112,-699.1368752776464
-22.0,4.873095058176784e-05,6080394.619377497,744.320758186803,0.0013562184947866853,-0.0,-0.0,0.0,0.0,0.0,0.0,0.02023239624174003,-711.927220351964
-21.0,4.672986824409397e-05,6446586.813486605,755.8131780003579,0.0013562184947904221,-0.0,-0.0,0.0,0.0,0.0,0.0,0.02164614119884878,-723.3835389291835
-20.0,4.4814345053900256e-05,6834265.764181453,767.434082781382,0.001356218494794602,-0.0,-0.0,0.0,0.0,0.0,0.0,0.023141809763553046,-733.1919365882268
-19.0,4.298534229863812e-05,7243562.452727075,779.153287750155,0.0013562184947992256,-0.0,-0.0,0.0,0.0,0.0,0.0,0.024719848181301737,-741.000252459415
-18.0,4.1243778289434146e-05,7674267.98488161,790.9351776557505,0.0013562184948042754,-0.0,-0.0,0.0,0.0,0.0,0.0,0.026379389404952835,-746.4178426265555
-17.0,3.959052779037575e-05,8125749.082071702,802.7382053602553,0.0013562184948097097,-0.0,-0.0,0.0,0.0,0.0,0.0,0.02811792960962085,-749.0169534881625
-16.0,3.802642147802002e-05,8596855.099612748,814.5144321038897,0.0013562184948154577,-0.0,-0.0,0.0,0.0,0.0,0.0,0.02993097324190319,-748.3362077611994
-15.0,3.655224543103716e-05,9025086.051721217,820.7749337815168,0.0013562184948154577,-0.0,-0.0,0.0,0.0,0.0,0.0,0.031297768324477115,-738.9143432146018
-14.0,3.516874064989377e-05,9526230.372192604,832.2667122279794,0.0013562184948154577,-0.0,-0.0,0.0,0.0,0.0,0.7637973386427559,0.03321461171871664,-730.2612278973311
-13.0,3.3876602606472614e-05,10039387.442593304,843.5475938826119,0.0013562184948154577,-0.0,-0.0,0.0,0.0,0.0,7.996916723195876,0.035176423157055936,-716.8520866081707
-12.0,3.2676480823530856e-05,10560396.42167666,854.5420224598492,0.0013562184948154577,-0.0,-0.0,0.0,0.0,0.0,19.725050502664534,0.037167253883532446,-698.191095717725
-11.0,3.156897848388724e-05,11084152.324234577,865.1678498288962,0.0013562184948154577,-0.0,-0.0,0.0,0.0,0.0,27.616157365080877,0.03916756938108748,-673.8167735989799
-10.0,3.055465206923584e-05,11604586.180910073,875.3370715172792,0.0013562184948154577,-0.0,-0.0,0.0,0.0,0.0,24.533537915304343,0.0411541823761213,-643.327781495503
-9.0,2.9634011028485286e-05,12163704.681575282,888.4751042404846,0.0013562184948154577,-0.0,-0.0,0.0,0.0,0.21429046660662085,13.718056788578076,0.043494537673699346,-608.8652493370366
-8.0,2.880751747552201e-05,12817496.97412734,908.6240084781349,0.0013562184948154577,-0.0,-0.0,0.0,0.0,0.2140432591050379,13.539560278259568,0.04666523573824291,-572.2925369539333
-7.0,2.8075585916303185e-05,13436465.692203721,926.8863335900736,0.0013562184948154577,-0.0,-0.0,0.0,0.0,0.21374899974131625,9.79439346741852,0.0496587115416163,-526.9829673513243
-6.0,2.743858300518977e-05,13999120.384186003,942.4925958678207,0.0013562184948154577,-0.0,-0.0,0.0,0.0,0.2134526152648339,8.903928480402122,0.0523428620668913,-472.7749093768672
-5.0,2.6896827330435498e-05,14517154.535118531,956.8931467105565,0.0013562184948154577,-0.0,-0.0,0.0,0.0,0.2131541770087116,8.89159153969345,0.05485214277724104,-410.92674927063456
-4.0,2.645058922875628e-05,14984057.010039853,970.2439523339685,0.0013562184948154577,-0.0,-0.0,0.0,0.0,0.2128537503505962,8.879173378236576,0.05717365341025786,-342.03676789530635
-3.0,2.610009062891243e-05,15390066.805090286,982.4546992560694,0.0013562184948154577,-0.0,-0.0,0.0,0.0,0.21255134864784245,8.866668073547315,0.059265799571031404,-266.79930763330225
-2.0,2.5845504924240674e-05,15726425.258926885,993.4471755691135,0.0013562184948154577,-0.0,-0.0,0.0,0.0,0.2122469094286126,8.854080499269601,0.06109045126900895,-186.14377539477888
-1.0,2.5686956874091506e-05,15985851.145703655,1003.158253768194,0.0013562184948154577,-0.0,-0.0,0.0,0.0,0.21194056303263242,8.841410767630963,0.06261490243842224,-101.20918500930786
0.0,2.5624522534125138e-05,16162954.871149266,1011.5424001711434,0.0013562184948154577,-0.0,-0.0,0.0,0.0,0.2116319699314974,8.828657882487365,0.06381362445279216,-13.302351064520337
1.0,2.5658229215438538e-05,16254548.672611432,1018.5735023829257,0.0013562184948154577,-0.0,-0.0,0.0,0.0,0.21132146595983395,8.815815614299831,0.06466963733756173,76.15761821887706
2.0,2.5788055472503243e-05,16259819.166886931,1024.2458506249377,0.0013562184948154577,-0.0,-0.0,0.0,0.0,0.21100897491099252,8.80289303204734,0.06517535527368287,165.7040086623902
3.0,2.601393111990201e-05,16180344.465277297,1028.5742187253975,0.0013562184948154577,-0.0,-0.0,0.0,0.0,0.2106945091051333,8.7898851815578,0.06533282521112144,253.89056650387718
4.0,2.63357372778669e-05,16019955.556080328,1031.593019650277,0.0013562184948154577,-0.0,-0.0,0.0,0.0,0.21037806394771155,8.776795712013627,0.06515334149365035,339.3567136772265
5.0,2.675330644662554e-05,15784460.452323172,1033.3546357592897,0.0013562184948154577,-0.0,-0.0,0.0,0.0,0.2100595938358431,8.763624921431306,0.06465649711239403,420.8841915013705
6.0,2.726642260958275e-05,15481263.773570163,1033.9270678029802,0.0013562184948154577,-0.0,-0.0,0.0,0.0,0.20973903969914173,8.750367803696244,0.06386878907475946,497.4407348724667
7.0,2.787482136536183e-05,15118923.3672807,1033.3911057183277,0.0013562184948154577,-0.0,-0.0,0.0,0.0,0.20941654704488807,8.737028540241804,0.06282193551132154,568.2082258216861
8.0,2.8578190088749296e-05,14706687.31264097,1031.8372254024885,0.0013562184948154577,-0.0,-0.0,0.0,0.0,0.20909209811651072,8.723604773276586,0.061551072484198714,632.5947586845956
9.0,2.9376168120592705e-05,14254051.139246374,1029.3624483091069,0.0013562184948154577,-0.0,-0.0,0.0,0.0,0.20876566540831173,8.710098810690681,0.06009299168147414,690.2318541511432
10.0,3.0268346986707978e-05,13770365.707995176,1026.0673158012382,0.0013562184948154577,-0.0,-0.0,0.0,0.0,0.20843736036952976,8.696512028213425,0.058484543030642926,740.9593538417179
11.0,3.125427064586234e-05,13264516.399701022,1022.0531527629347,0.0013562184948154577,-0.0,-0.0,0.0,0.0,0.20810684665204945,8.682844546966269,0.056761294052080476,784.8013088303754
12.0,3.2333435766907385e-05,12744682.727668473,1017.4197042799751,0.0013562184948154577,-0.0,-0.0,0.0,0.0,0.20777444249069996,8.66908896343663,0.05495649031625149,821.9363375686768
13.0,3.350529203513877e-05,12218178.293077227,1012.2631956150242,0.0013562184948154577,-0.0,-0.0,0.0,0.0,0.20744007108325355,8.655254983935913,0.05310032555031201,852.6656673653072
14.0,3.476924248796839e-05,11691364.192237638,1006.6748422264986,0.0013562184948154577,-0.0,-0.0,0.0,0.0,0.20710377486192894,8.641335691208084,0.051219502785567396,877.3815276212569
15.0,3.6124643879996834e-05,11169624.25654097,1000.7397784586358,0.0013562184948154577,-0.0,-0.0,0.0,0.0,0.20676551512476646,8.627336219992504,0.04933704582077616,896.5378455554436
16.0,3.757080707757773e-05,10657388.745451504,994.5363662675026,0.0013562184948154577,-0.0,-0.0,0.0,0.0,0.20642532368307498,8.613256695103841,0.047472312312932204,910.6245025063376
17.0,3.91069974829643e-05,10158193.060714947,988.13583488181,0.0013562184948154577,-0.0,-0.0,0.0,0.0,0.20608301883873936,8.599094483437499,0.04564115791055957,920.1457911052768
18.0,4.073243548813441e-05,9674759.231698662,981.6021948069815,0.0013562184948154577,-0.0,-0.0,0.0,0.0,0.20573883636895113,8.584849098297433,0.04385620385157104,925.6032198210003
19.0,4.244629695838192e-05,9209089.68596034,974.9923521632147,0.0013562184948154577,-0.0,-0.0,0.0,0.0,0.2053927133384089,8.570522712183823,0.04212716531487418,927.4824426913887
20.0,4.424771374576418e-05,8762565.48412981,968.3563979232896,0.0013562184948154577,-0.0,-0.0,0.0,0.0,0.20504465972884292,8.556113893381305,0.04046121005197616,926.2439128336813
21.0,4.613577423248889e-05,8336042.703581675,961.7379895520202,0.0013562184948154577,-0.0,-0.0,0.0,0.0,0.20469474077586033,8.541625685194843,0.03886331883148815,922.3166847051115
22.0,4.810952390431432e-05,7929943.239310821,955.1748169971804,0.0013562184948154577,-0.0,-0.0,0.0,0.0,0.20434271765788553,8.527058216789323,0.03733663294585968,916.0948205762107
23.0,5.0167965954033614e-05,7544337.346989376,948.6991000492119,0.0013562184948154577,-0.0,-0.0,0.0,0.0,0.20398879719943655,8.512406089271535,0.035882775356653955,907.9358281194212
24.0,5.231006191509718e-05,7179016.7597259,942.3380999407665,0.0013562184948154577,-0.0,-0.0,0.0,0.0,0.20363292996640903,8.497676657247862,0.03450213970868698,898.1606378630955
25.0,5.453473232541654e-05,6833558.009399319,936.1146246375307,0.0013562184948154577,-0.0,-0.0,0.0,0.0,0.20327517328726788,8.482861929650115,0.033194144275567355,887.0546905261398
26.0,5.684085742137937e-05,6507376.2765468815,930.0475231553946,0.0013562184948154577,-0.0,-0.0,0.0,0.0,0.20291550213838036,8.467968495989613,0.031957451377646454,874.8697892535203
27.0,5.9227277862082695e-05,6199770.267819252,924.1521400996821,0.0013562184948154577,-0.0,-0.0,0.0,0.0,0.20255397851831022,8.45299648905827,0.03079015234371831,861.8264162691294
28.0,6.169279548377566e-05,5909959.1522480985,918.4407463286159,0.0013562184948154577,-0.0,-0.0,0.0,0.0,0.2021903169322773,8.437945307160268,0.029689922418391603,848.1163176305951
29.0,6.423617408447668e-05,5637112.436944967,912.9229330933421,0.0013562184948154577,-0.0,-0.0,0.0,0.0,0.20182484185399352,8.422810195720892,0.028654148058124176,833.9051848469279
30.0,6.685614023870624e-05,5380373.705987771,907.6059607892942,0.0013562184948154577,-0.0,-0.0,0.0,0.0,0.2014574427696529,8.40759769073083,0.027680029521079372,819.3353099217296
31.0,6.955138414224592e-05,5138879.300584734,902.4950870650928,0.0013562184948154577,-0.0,-0.0,0.0,0.0,0.20108816578296582,8.39230258607641,0.02676466384609029,804.5281564600019
32.0,7.232056048680309e-05,4911772.597542299,897.593846002361,0.0013562184948154577,-0.0,-0.0,0.0,0.0,0.20071703564921675,8.376929613935797,0.02590510927756194,789.586767690367
33.0,7.51622893644285e-05,4698214.784863536,892.9043031827914,0.0013562184948154577,-0.0,-0.0,0.0,0.0,0.2003439058209877,8.361478911370355,0.025098435621232602,774.5980022370854
34.0,7.807515720149345e-05,4497392.719199572,888.427277339379,0.0013562184948154577,-0.0,-0.0,0.0,0.0,0.19996885602230347,8.345946933631103,0.024341762258102667,759.6345723659123
35.0,8.105771772199214e-05,4308524.463069771,884.1625371966478,0.0013562184948154577,-0.0,-0.0,0.0,0.0,0.199591923743172,8.330337376890547,0.02363228643200439,744.7568868213325
36.0,8.410849293989588e-05,4130862.9320762507,880.1089673001935,0.0013562184948154577,-0.0,-0.0,0.0,0.0,0.19921311803424913,8.314645889749983,0.022967303150587356,730.014695086229
37.0,8.72259741802329e-05,3963698.1425532517,876.264724348998,0.0013562184948154577,-0.0,-0.0,0.0,0.0,0.19883244656275023,8.298875621357384,0.022344219466123597,715.448558670284
38.0,9.04086231285233e-05,3806358.2445643265,872.627357636702,0.0013562184948154577,-0.0,-0.0,0.0,0.0,0.19844996443173366,8.28302835054743,0.021760562700776132,701.0911374534846
39.0,9.365487290813775e-05,3658209.75164542,869.1939255202702,0.0013562184948154577,-0.0,-0.0,0.0,0.0,0.19806540453463792,8.267104218602517,0.021213985528862764,686.9683302465496
40.0,9.696312918510599e-05,3518657.0894515957,865.9610907863552,0.0013562184948154577,-0.0,-0.0,0.0,0.0,0.19767905837275299,8.251097926430699,0.020702267645273408,673.1002679618927
41.0,0.00010033177129982498,3387141.649101336,862.9251983336142,0.0013562184948154577,-0.0,-0.0,0.0,0.0,0.19729080575017902,8.2350168127689,0.02022331488078141,659.5021756344937
42.0,0.0001037591534250684,3263140.538215987,860.0823503366905,0.0013562184948154577,-0.0,-0.0,0.0,0.0,0.1969007225308979,8.21885301184587,0.0197751571091974,646.1851277969593
43.0,0.0001072436057496295,3146165.072719043,857.4284650253152,0.0013562184948154577,-0.0,-0.0,0.0,0.0,0.19650881219258617,8.202612954974034,0.019355944542817454,633.1566980059725
44.0,0.00011078343568685943,3035759.1214831495,854.9593264466947,0.0013562184948154577,-0.0,-0.0,0.0,0.0,0.1961150035288821,8.186296786951068,0.018963943145888607,620.4215195217813
45.0,0.0001143769291072981,2931497.376503406,852.6706285114101,0.0013562184948154577,-0.0,-0.0,0.0,0.0,0.19571925221246506,8.169902665642192,0.01859752957025468,607.9817696142053
46.0,0.00011802235159451732,2832983.594056817,850.5580135343165,0.0013562184948154577,-0.0,-0.0,0.0,0.0,0.19532169316001063,8.153430652529037,0.01825518579011474,595.8375865842471
47.0,0.00012171794972322655,2739848.812698046,848.6170966646474,0.0013562184948154577,-0.0,-0.0,0.0,0.0,0.19492227405544327,8.136880752136324,0.017935493129230907,583.9874216149567
48.0,0.0001254619523586127,2651749.655510694,846.8435004852099,0.0013562184948154577,-0.0,-0.0,0.0,0.0,0.19452103760260478,8.120251771808443,0.01763712702172789,572.4283499255727
49.0,0.00012925257197580467,2568366.6241125204,845.2328671344567,0.0013562184948154577,-0.0,-0.0,0.0,0.0,0.19411801342115878,8.103547475090554,0.017358850901776905,561.1563245562116
50.0,0.00013308800599828142,2489402.5119411596,843.7808828440136,0.0013562184948154577,-0.0,-0.0,0.0,0.0,0.1937130188765038,8.0867679711165,0.017099511039851946,550.1664028364365
51.0,0.00013696643815395328,2414580.862514486,842.4832901059614,0.0013562184948154577,-0.0,-0.0,0.0,0.0,0.19330624697800985,8.069909493437121,0.016858031096421984,539.4529331724996
52.0,0.00014088603984757436,2343644.511900054,841.335897966478,0.0013562184948154577,-0.0,-0.0,0.0,0.0,0.19289758731408493,8.052978270687085,0.016633406943661846,529.0097138723181
53.0,0.00014484497154805342,2276354.216933342,840.3345907120436,0.0013562184948154577,-0.0,-0.0,0.0,0.0,0.19248713786810417,8.035964362070649,0.01642470176826468,518.8301278544524
54.0,0.00014884138418915757,2212487.3807409555,839.4753396655356,0.0013562184948154577,-0.0,-0.0,0.0,0.0,0.19207490229948232,8.018875896825923,0.01623104166944085,508.9072593142387
55.0,0.00015287342058201684,2151836.83244217,838.7542030582116,0.0013562184948154577,-0.0,-0.0,0.0,0.0,0.19166086741082003,8.001713027321177,0.016051611034804156,499.2339857946395
56.0,0.0001569392168377643,2094209.7146657982,838.167334449709,0.0013562184948154577,-0.0,-0.0,0.0,0.0,0.19124487005638077,7.9844754621957135,0.015885648650232804,489.80306092021254
57.0,0.00016103690379855909,2039426.436216729,837.7109856744918,0.0013562184948154577,-0.0,-0.0,0.0,0.0,0.19082714219810118,7.967159950811752,0.015732443863781535,480.6071810632131
58.0,0.0001651646084751763,1987319.6839609123,837.3815026009212,0.0013562184948154577,-0.0,-0.0,0.0,0.0,0.190407569037159,7.949770663368839,0.015591332723709196,471.6390371312198
59.0,0.0001693204554892618,1937733.54173897,837.1753350008784,0.0013562184948154577,-0.0,-0.0,0.0,0.0,0.18998622670809792,7.932301976928434,0.015461695038970864,462.89136531758584
60.0,0.00017350256851829052,1890522.6362649335,837.0890298720857,0.0013562184948154577,-0.0,-0.0,0.0,0.0,0.18956312629177813,7.914759982324029,0.015342950950355936,454.35698037941665
61.0,0.00017770907174119107,1845551.370995408,837.119234807366,0.0013562184948154577,-0.0,-0.0,0.0,0.0,0.18913815842420506,7.897144403170067,0.015234558202549651,446.02880797386376
62.0,0.000181938091282546,1802693.2071982585,837.2626964494754,0.0013562184948154577,-0.0,-0.0,0.0,0.0,0.1887113993229832,7.879452982376443,0.015136009422302707,437.89990844456213
63.0,0.00018618775665320882,1761830.00151015,837.5162595642378,0.0013562184948154577,-0.0,-0.0,0.0,0.0,0.18828283269485097,7.8616891001584435,0.015046829636526279,429.963496083987
64.0,0.0001904562021851402,1722851.3857184637,837.8768619078996,0.0013562184948154577,-0.0,-0.0,0.0,0.0,0.18785248904726326,7.843846667706481,0.014966573804680316,422.2129521029139
65.0,0.00019474156845820294,1685654.2158146633,838.3415395340095,0.0013562184948154577,-0.0,-0.0,0.0,0.0,0.18742040232955304,7.82592944610699,0.014894824985140151,414.64183946388744
66.0,0.00019904200371662973,1650142.0309384167,838.9074159761874,0.0013562184948154577,-0.0,-0.0,0.0,0.0,0.18698657639372565,7.807939612790538,0.014831191970863933,407.24390648728485
67.0,0.00020335566527283742,1616224.586835952,839.5717079245047,0.0013562184948154577,-0.0,-0.0,0.0,0.0,0.18655084814930611,7.789877328148025,0.01477530779083414,400.01309631640873
68.0,0.00020768072089623303,1583817.4042994054,840.331720215954,0.0013562184948154577,-0.0,-0.0,0.0,0.0,0.18611343244197348,7.771739195012278,0.014726827891728219,392.9435488291367
69.0,0.00021201535018464617,1552841.350373546,841.1848396095005,0.0013562184948154577,-0.0,-0.0,0.0,0.0,0.18567418774086067,7.753530501512901,0.014685428402940263,386.02960036944694
70.0,0.00021635774591600613,1523222.2682946932,842.1285375239346,0.0013562184948154577,-0.0,-0.0,0.0,0.0,0.1852332202876636,7.735242125001448,0.014650804900195196,379.2657862472358
71.0,0.00022070611537788507,1494890.62168079,843.1603650944577,0.0013562184948154577,-0.0,-0.0,0.0,0.0,0.1847905340138591,7.716882679308915,0.014622670953682,372.6468383351731
72.0,0.00022505868167253178,1467781.1693847447,844.2779501368728,0.0013562184948154577,-0.0,-0.0,0.0,0.0,0.18434607713948492,7.698451283298382,0.01460075685906815,366.16768260652003
73.0,0.00022941368499504423,1441832.6693935872,845.478996627901,0.0013562184948154577,-0.0,-0.0,0.0,0.0,0.1838998195096102,7.679947122544547,0.014584808565429005,359.8234369383206
74.0,0.00023376938388234902,1416987.6015829104,846.7612821466729,0.0013562184948154577,-0.0,-0.0,0.0,0.0,0.18345184153183033,7.661370856779503,0.014574586602532658,353.6094072853952
75.0,0.00023812405643069598,1393191.903031984,848.1226502564804,0.0013562184948154577,-0.0,-0.0,0.0,0.0,0.1830020985857931,7.642720558104045,0.014569864879300369,347.5210812354645
76.0,0.00024247600147942112,1370394.746573564,849.5610171771433,0.0013562184948154577,-0.0,-0.0,0.0,0.0,0.1825506576287332,7.623995086200936,0.014570430141114775,341.554127131811
77.0,0.00024682353975878863,1348548.303552564,851.0743584294704,0.0013562184948154577,-0.0,-0.0,0.0,0.0,0.1820975226853675,7.605199076766998,0.01457608067089544,335.70438451442897
78.0,0.000251165014999784,1327607.5577304806,852.6607166269879,0.0013562184948154577,-0.0,-0.0,0.0,0.0,0.1816613710094222,7.586332400306586,0.014586625916234825,329.9678630097624
79.0,0.0002554987950038119,1307530.1456183635,854.3182178681549,0.0013562184948154577,-0.0,-0.0,0.0,0.0,0.0,7.5677840021889216,0.01460188651171569,324.34074384467306
80.0,0.0002598232726703314,1287881.860051893,855.7836317170536,0.0013562184948154577,-0.0,-0.0,0.0,0.0,0.0,0.0,0.014611155460324063,318.7217882411072
81.0,0.0002641368669805616,1259446.6696471528,850.8550504047132,0.0013562184948154577,-0.0,-0.0,0.0,0.0,0.0,0.0,0.014365470322232975,310.84296517241364
82.0,0.00026843802393548594,1232155.1731469193,846.0416998620119,0.0013562184948154577,-0.0,-0.0,0.0,0.0,0.0,0.0,0.014128043154516748,303.17492812752323
83.0,0.0002727252174465062,1205951.9613615146,841.3407540059372,0.0013562184948154577,-0.0,-0.0,0.0,0.0,0.0,0.0,0.013898523332946375,295.71067766611213
84.0,0.0002769969501772043,1180784.815412064,836.7494734182515,0.0013562184948154577,-0.0,-0.0,0.0,0.0,0.0,0.0,0.013676579244357095,288.44348670952434
85.0,0.0002812517543348095,1156604.4977026088,832.2652022297538,0.0013562184948154577,-0.0,-0.0,0.0,0.0,0.0,0.0,0.01346189708043237,281.3668892870352
86.0,0.0002854881924100948,1133364.557967254,827.885365030785,0.0013562184948154577,-0.0,-0.0,0.0,0.0,0.0,0.0,0.01325417971346857,274.47466958168417
87.0,0.0002897048578645712,1111021.1533487036,823.6074639088531,0.0013562184948154577,-0.0,-0.0,0.0,0.0,0.0,0.0,0.013053145651706649,267.76085132651065
88.0,0.0002939003757639934,1089532.8814075575,819.4290756097195,0.0013562184948154577,-0.0,-0.0,0.0,0.0,0.0,0.0,0.012858528068148772,261.21968755869943
89.0,0.00029807340335734307,1068860.6250534113,815.3478488181229,0.0013562184948154577,-0.0,-0.0,0.0,0.0,0.0,0.0,0.01267007389726944,254.8456507354925
90.0,0.00030222263060060824,1048967.4084726137,811.3615015542139,0.0013562184948154577,-0.0,-0.0,0.0,0.0,0.0,0.0,0.012487542994482013,248.63342321271637
91.0,0.0003063467806248404,1029818.2632040186,807.4678186817081,0.0013562184948154577,-0.0,-0.0,0.0,0.0,0.0,0.0,0.01231070735363421,242.5778880842879
92.0,0.00031044461014812636,1011380.1035840518,803.6646495237421,0.0013562184948154577,-0.0,-0.0,0.0,0.0,0.0,0.0,0.01213935037818555,236.67412037904992
93.0,0.00031451490983127884,993621.6108462596,799.9499055824155,0.0013562184948154577,-0.0,-0.0,0.0,0.0,0.0,0.0,0.011973266202066308,230.917378609639
94.0,0.00031855650457720755,976513.1252189627,796.3215583580294,0.0013562184948154577,-0.0,-0.0,0.0,0.0,0.0,0.0,0.011812259056536076,225.30309666678608
95.0,0.00032256825377410147,960026.545417959,792.7776372640762,0.0013562184948154577,-0.0,-0.0,0.0,0.0,0.0,0.0,0.01165614267965122,219.82687605139782
96.0,0.0003265490514827042,944135.2349801066,789.3162276340989,0.0013562184948154577,-0.0,-0.0,0.0,0.0,0.0,0.0,0.011504739765218357,214.48447843597387
97.0,0.00033049782656813454,928813.9349281881,785.9354688166078,0.0013562184948154577,-0.0,-0.0,0.0,0.0,0.0,0.0,0.01135788144835543,209.27181854628643
98.0,0.00033441354277684835,914038.6822983671,782.633552354335,0.0013562184948154577,-0.0,-0.0,0.0,0.0,0.0,0.0,0.011215406825007575,204.18495735380762
99.0,0.0003382951987594999,899786.734098877,779.4087202441939,0.0013562184948154577,-0.0,-0.0,0.0,0.0,0.0,0.0,0.011077162502970528,199.22009556904644
100.0,0.00034214182804059786,886036.4963028363,776.25926327441,0.0013562184948154577,-0.0,-0.0,0.0,0.0,0.0,0.0,0.010943002182164001,194.37356742575852
101.0,0.00034595249893600293,872767.4575094,773.1835194354004,0.0013562184948154577,-0.0,-0.0,0.0,0.0,0.0,0.0,0.010812786262071094,189.64183474587887
102.0,0.00034972631441943723,859960.1269361872,770.1798724010763,0.0013562184948154577,-0.0,-0.0,0.0,0.0,0.0,0.0,0.010686381474419391,185.0214812749991
103.0,0.00035346241193931585,847595.9764322189,767.2467500773629,0.0013562184948154577,-0.0,-0.0,0.0,0.0,0.0,0.0,0.01056366053932585,180.50920727823876
104.0,0.0003571599631873223,835657.3862247478,764.3826232148347,0.0013562184948154577,-0.0,-0.0,0.0,0.0,0.0,0.0,0.010444501843262555,176.10182438644728
105.0,0.0003608181738202664,824127.5941354764,761.5860040824784,0.0013562184948154577,-0.0,-0.0,0.0,0.0,0.0,0.0,0.010328789137323853,171.7962506827971
106.0,0.0003644362831368673,812990.6480219739,758.8554451997097,0.0013562184948154577,-0.0,-0.0,0.0,0.0,0.0,0.0,0.010216411254389674,167.58950601998905
107.0,0.0003680135637111987,802231.3612187491,756.1895381238755,0.0013562184948154577,-0.0,-0.0,0.0,0.0,0.0,0.0,0.010107261843884358,163.47870755847953
108.0,0.0003715493209846183,791835.2707695565,753.5869122905908,0.0013562184948154577,-0.0,-0.0,0.0,0.0,0.0,0.0,0.010001239122926926,159.46106551634776
109.0,0.0003750428928180825,781788.5982582455,751.0462339043593,0.0013562184948154577,-0.0,-0.0,0.0,0.0,0.0,0.0,0.009898245642757465,155.5338791216446
110.0,0.0003784936490068124,772078.2130599276,748.5662048770406,0.0013562184948154577,-0.0,-0.0,0.0,0.0,0.0,0.0,0.009798188069406195,151.69453275830685
111.0,0.0003819009907593339,762691.5978475455,746.1455618118298,0.0013562184948154577,-0.0,-0.0,0.0,0.0,0.0,0.0,0.009700976977647307,147.9404922969661
112.0,0.000385264350142964,753616.8162011544,743.783075030515,0.0013562184948154577,-0.0,-0.0,0.0,0.0,0.0,0.0,0.009606526657349047,144.26930160223583
113.0,0.0003885831894978519,744842.4821785006,741.4775476418815,0.0013562184948154577,-0.0,-0.0,0.0,0.0,0.0,0.0,0.009514754931395876,140.67857920831923
114.0,0.00039185700082170947,736357.7317158647,739.2278146492316,0.0013562184948154577,-0.0,-0.0,0.0,0.0,0.0,0.0,0.009425582984417757,137.1660151550441
115.0,0.00039508530512738873,728152.19573768,737.0327420950765,0.0013562184948154577,-0.0,-0.0,0.0,0.0,0.0,0.0,0.009338935201616235,133.72936797668876
116.0,0.00039826765177546964,720215.9748622661,734.8912262411588,0.0013562184948154577,-0.0,-0.0,0.0,0.0,0.0,0.0,0.009254739017027702,130.36646183622926
117.0,0.00040140361778402174,712539.6155991384,732.8021927820462,0.0013562184948154577,-0.0,-0.0,0.0,0.0,0.0,0.0,0.009172924770610769,127.07518379789784
118.0,0.000404492807117699,705114.0879408489,730.7645960906287,0.0013562184948154577,-0.0,-0.0,0.0,0.0,0.0,0.0,0.009093425573588014,123.85348123119826
119.0,0.0004075348499583051,697930.7642592461,728.7774184939361,0.0013562184948154577,-0.0,-0.0,0.0,0.0,0.0,0.0,0.00901617718151246,120.69935933978513
120.0,0.0004105294019589481,690981.3994224225,726.8396695777691,0.0013562184948154577,-0.0,-0.0,0.0,0.0,0.0,0.0,0.00894111787456572,117.61087880886042
121.0,0.0004134761434838664,684258.1120545347,724.9503855187229,0.0013562184948154577,-0.0,-0.0,0.0,0.0,0.0,0.0,0.008868188344629581,114.58615356499354
122.0,0.00041637477883597565,677753.366866132,723.1086284422527,0.0013562184948154577,-0.0,-0.0,0.0,0.0,0.0,0.0,0.008797331588704134,111.62334864251291
123.0,0.0004192250354741336,671459.9579876865,721.3134858055067,0.0013562184948154577,-0.0,-0.0,0.0,0.0,0.0,0.0,0.008728492808275123,108.72067815085678
124.0,0.0004220266632220811,665370.9932436771,719.5640698037206,0.0013562184948154577,-0.0,-0.0,0.0,0.0,0.0,0.0,0.008661619314260509,105.87640333750674
125.0,0.0004247794334709474,659479.8793089181,717.8595167990346,0.0013562184948154577,-0.0,-0.0,0.0,0.0,0.0,0.0,0.008596660437191445,103.0888307413548
126.0,0.00042748313837716323,653780.30769281,716.198986770663,0.0013562184948154577,-0.0,-0.0,0.0,0.0,0.0,0.0,0.008533567442306487,100.35631043158105
127.0,0.00043013759005754545,648266.2415009147,714.5816627854011,0.0013562184948154577,-0.0,-0.0,0.0,0.0,0.0,0.0,0.008472293449259531,97.67723432733594
128.0,0.000432742619783263,642931.9029266811,713.0067504875201,0.0013562184948154577,-0.0,-0.0,0.0,0.0,0.0,0.0,0.008412793356162265,95.05003459373462
129.0,0.00043529807717431184,637771.761429347,711.4734776071542,0.0013562184948154577,-0.0,-0.0,0.0,0.0,0.0,0.0,0.008355023767700838,92.47318210987828
130.0,0.00043780382939606085,632780.5225569872,709.9810934863385,0.0013562184948154577,-0.0,-0.0,0.0,0.0,0.0,0.0,0.00829894292708373,89.94518500481772
131.0,0.0004402597603593497,627953.1173764339,708.5288686219071,0.0013562184948154577,-0.0,-0.0,0.0,0.0,0.0,0.0,0.008244510651594235,87.46458725757094
132.0,0.00044266576992554716,623284.6924743354,707.1160942245135,0.0013562184948154577,-0.0,-0.0,0.0,0.0,0.0,0.0,0.008191688271536053,85.02996735749446
133.0,0.00044502177311789726,618770.600495988,705.7420817930767,0.0013562184948154577,-0.0,-0.0,0.0,0.0,0.0,0.0,0.00814043857237447,82.63993702149251
134.0,0.0004473276993404039,614406.3911907739,704.4061627040043,0.0013562184948154577,-0.0,-0.0,0.0,0.0,0.0,0.0,0.008090725739888756,80.29313996472368
135.0,0.0004495834916054247,610187.8029350914,703.1076878145858,0.0013562184948154577,-0.0,-0.0,0.0,0.0,0.0,0.0,0.00804251530816371,77.9882507216385
136.0,0.00045178910577107004,606110.754705544,701.8460270799882,0.0013562184948154577,-0.0,-0.0,0.0,0.0,0.0,0.0,0.007995774110259332,75.72397351434127
137.0,0.00045394450978942033,602171.3384769518,700.6205691833215,0.0013562184948154577,-0.0,-0.0,0.0,0.0,0.0,0.0,0.007950470231408508,73.49904116543408
138.0,0.0004560496829665019,598365.8120213788,699.4307211782848,0.0013562184948154577,-0.0,-0.0,0.0,0.0,0.0,0.0,0.007906572964602293,71.31221405264822
139.0,0.0004581046152348881,594690.592085901,698.2759081439244,0.0013562184948154577,-0.0,-0.0,0.0,0.0,0.0,0.0,0.007864052768431436,69.16227910271746
140.0,0.00046010930643971247,591142.2479282892,697.1555728510838,0.0013562184948154577,-0.0,-0.0,0.0,0.0,0.0,0.0,0.007822881227061687,67.04804882208768
141.0,0.0004620637656388199,587717.4951910868,696.0691754401369,0.0013562184948154577,-0.0,-0.0,0.0,0.0,0.0,0.0,0.0077830310122280035,64.96836036218977
142.0,0.0004639680104176982,584413.1900958343,695.0161931096404,0.0013562184948154577,-0.0,-0.0,0.0,0.0,0.0,0.0,0.007744475847140632,62.92207461713475
143.0,0.0004658220662197815,581226.3239403244,693.9961198155553,0.0013562184948154577,-0.0,-0.0,0.0,0.0,0.0,0.0,0.007707190472202624,60.908075351807604
144.0,0.00046762596569263984,578154.0178828769,693.008465980719,0.0013562184948154577,-0.0,-0.0,0.0,0.0,0.0,0.0,0.0076711506124451335,58.925268358458624
145.0,0.0004693797480505141,575193.5179986205,692.0527582142707,0.0013562184948154577,-0.0,-0.0,0.0,0.0,0.0,0.0,0.0076363329465927235,56.97258063999701
146.0,0.0004710834584535952,572342.1905937226,691.1285390407528,0.0013562184948154577,-0.0,-0.0,0.0,0.0,0.0,0.0,0.007602715077676689,55.04895961830203
147.0,0.0004727371474043919,569597.5177643801,690.2353666386344,0.0013562184948154577,-0.0,-0.0,0.0,0.0,0.0,0.0,0.007570275505119526,53.153372365961694
148.0,0.00047434087016147474,566957.0931882305,689.3728145880195,0.0013562184948154577,-0.0,-0.0,0.0,0.0,0.0,0.0,0.007538993598218945,51.28480485995028
149.0,0.00047589468617084105,564418.6181365917,688.5404716273192,0.0013562184948154577,-0.0,-0.0,0.0,0.0,0.0,0.0,0.0075088495709640145,49.442261255839405
150.0,0.0004773986585150909,561979.8976966926,687.7379414186879,0.0013562184948154577,-0.0,-0.0,0.0,0.0,0.0,0.0,0.0074798244581207865,47.624763181227365
151.0,0.00047885285338056905,559638.8371937071,686.964842322034,0.0013562184948154577,-0.0,-0.0,0.0,0.0,0.0,0.0,0.007451900092528517,45.83134904714841
152.0,0.00048025733954258035,557393.4388030671,686.2208071774324,0.0013562184948154577,-0.0,-0.0,0.0,0.0,0.0,0.0,0.0074250590835514925,44.06107337629976
153.0,0.0004816121878687535,555241.7983441114,685.5054830957793,0.0013562184948154577,-0.0,-0.0,0.0,0.0,0.0,0.0,0.007399284796635074,42.31300614699624
154.0,0.0004829174708405939,553182.1022466953,684.8185312575392,0.0013562184948154577,-0.0,-0.0,0.0,0.0,0.0,0.0,0.007374561333917783,40.586232151826195
155.0,0.0004841732620932304,551212.5582691351,684.1596046161487,0.0013562183755428518,-0.0,-2.924817077220261e-05,0.0,6.597222222221857e-05,0.0,0.0,0.007350872244046557,38.879845685544076
156.0,0.000485379635973341,549320.8586137724,683.5248324449709,0.0013561989137108965,-0.0,-0.0003207803498567617,0.0,0.0007256944444444418,0.0,0.0,0.007327998499826021,37.19223764457719
157.0,0.00048653666711521054,547498.382005248,682.9115269566519,0.0013561471525382058,-0.0,-0.0006106517284149115,0.0,0.001385416666666665,0.0,0.0,0.007305789894931021,35.52216626346326
158.0,0.0004876444300348518,545743.9099079799,682.3194482158971,0.0013560632714289156,-0.0,-0.0008989544419691044,0.0,0.0020451388888888884,0.0,0.0,0.007284237065275374,33.868936017480706
159.0,0.0004887029987421093,544051.4325733021,681.7467368602178,0.001355938624318642,-0.0,-0.0014978141863206283,0.0,0.003416666666666668,0.0,0.0,0.007263237735869094,32.23157134663328
160.0,0.0004897124463706372,542391.5929888459,681.1836429791871,0.0013557217693219424,-0.0,-0.002404791196603225,0.0,0.005500000000000005,0.0,0.0,0.007242238697177462,30.60783755343331
161.0,0.0004906728448256359,540758.9788741687,680.6284091887871,0.001355404398555054,-0.0,-0.0033071167685685544,0.0,0.007583333333333341,0.0,0.0,0.007221145701651508,28.997105005222554
162.0,0.0004915842644492211,539153.09726267,680.0809258747258,0.0013549870804974995,-0.0,-0.004204902950051941,0.0,0.009666666666666678,0.0,0.0,0.007199958760294251,27.399046031839596
163.0,0.0004924467737032823,537558.1432783598,679.5358861660034,0.0013544421877008275,-0.0,-0.005654047691676979,0.0,0.013031250000000025,0.0,0.0,0.007178381711045143,25.81259502395478
164.0,0.0004932604388696894,535952.1269131678,678.985830739281,0.0013537303768267938,-0.0,-0.007157224858567751,0.0,0.016538194444444473,0.0,0.0,0.00715599753122077,24.23657589674266
165.0,0.0004940253237676938,534334.7551059341,678.4306271361532,0.0013528519889480929,-0.0,-0.008652418973509164,0.0,0.020045138888888925,0.0,0.0,0.007132807711453079,22.670971515745624
166.0,0.0004947414894883732,532704.3991471012,677.8696850701268,0.00135180489077594,-0.0,-0.010314411861285873,0.0,0.02395833333333338,0.0,0.0,0.007108787917853617,21.11570794857745
167.0,0.000495408994145964,531036.4691451623,677.2945441128426,0.001350544323111059,-0.0,-0.012373795872904587,0.0,0.02881944444444446,0.0,0.0,0.007083468925177066,19.569876763780705
168.0,0.0004960278926459284,529322.7602478707,676.7022863002525,0.001349055616556569,-0.0,-0.014420824267012489,0.0,0.03368055555555554,0.0,0.0,0.00705669829272166,18.033395650547337
169.0,0.0004965982364696048,527563.744524381,676.0929485824703,0.001347340170214062,-0.0,-0.016455036170596096,0.0,0.03854166666666662,0.0,0.0,0.007028491900831645,16.506539375340566
170.0,0.0004971200734752936,525751.6564451826,675.4637217179068,0.0013453840447993028,-0.0,-0.01886889058564995,0.0,0.044326388888888825,0.0,0.0,0.006998706241210983,14.989337478087661
171.0,0.0004975934477156389,523863.5599274052,674.8065116840537,0.0013431448514012593,-0.0,-0.021433453139732793,0.0,0.05050694444444439,0.0,0.0,0.006966903752125045,13.481510864543415
172.0,0.0004980183992711689,521898.85289548314,674.1208796050184,0.0013406217704506663,-0.0,-0.02397870458922416,0.0,0.05668749999999996,0.0,0.0,0.0069330804939519985,11.98354383388553
173.0,0.0004983949640998682,519858.3289529009,673.4068581644046,0.001337816645310991,-0.0,-0.026556368949581854,0.0,0.06299305555555551,0.0,0.0,0.006897260316058045,10.495952089213054
174.0,0.0004987231739026683,517724.75130677485,672.6581734769488,0.0013346974806068771,-0.0,-0.029584146006509777,0.0,0.07042361111111108,0.0,0.0,0.006859117989999629,9.018925724147064
175.0,0.000499003056004742,515486.88903769077,671.8705641765451,0.0013312434252640386,-0.0,-0.0325840783301628,0.0,0.07785416666666664,0.0,0.0,0.006818445770964033,7.552931709101951
176.0,0.0004992346332525129,513146.2943805146,671.0441909233087,0.0013274576633624418,-0.0,-0.03555460474765526,0.0,0.08528472222222222,0.0,0.0,0.006775284967042762,6.098711861858424
177.0,0.0004994179239262894,510701.069712148,670.177981414145,0.0013233369432758466,-0.0,-0.03873183450530366,0.0,0.09328819444444444,0.0,0.0,0.006729611028841653,4.6569586754452645
178.0,0.0004995529416684556,508132.05340094824,669.2647120384555,0.0013188453822965114,-0.0,-0.04210966890530696,0.0,0.10186458333333334,0.0,0.0,0.006681066118952601,3.2282760478021744
179.0,0.0004996396954271571,505437.9201373978,668.3033695232645,0.0013139807434235829,-0.0,-0.04544688237817021,0.0,0.11044097222222225,0.0,0.0,0.006629639718948969,1.8135446731041642
180.0,0.0004996781894154401,502620.9349420739,667.2941807618806,0.0013087476583871363,-0.0,-0.048741354049068056,0.0,0.11901736111111115,0.0,0.0,0.006575392171145714,0.4136644680553792
181.0,0.0004996684230858101,499672.75340667745,666.2335419991059,0.00130313068315565,-0.0,-0.05239752586260701,0.0,0.12859375000000006,0.0,0.0,0.006518179993342356,-0.9704666836230902
182.0,0.0004996103911201929,496580.4298607275,665.116095447321,0.00129710558595467,-0.0,-0.056044952163287504,0.0,0.13828125000000008,0.0,0.0,0.006457772873851196,-2.3378337221074275
183.0,0.0004995040834352997,493346.91030079214,663.9421069460586,0.00129067835940829,-0.0,-0.05963540704358768,0.0,0.1479687500000001,0.0,0.0,0.00639424956911689,-3.6873931036125547
184.0,0.0004993494852034024,489974.377506472,662.711533730743,0.0012838536405644417,-0.0,-0.06327883689642841,0.0,0.1579375000000001,0.0,0.0,0.006327675526982804,-5.0181212108629065
185.0,0.0004991465768885519,486450.66201923235,661.4190372542588,0.0012766087112291754,-0.0,-0.06711808545615268,0.0,0.16856250000000003,0.0,0.0,0.006257841598665764,-6.328826233744024
186.0,0.0004988953342982753,482774.2502503186,660.0630476434676,0.0012689411911763705,-0.0,-0.07088495239480919,0.0,0.17918749999999997,0.0,0.0,0.006184746344237486,-7.618343285605096
187.0,0.0004985957286508096,478949.1364175979,658.6439577798042,0.0012608593119861988,-0.0,-0.07457639750019723,0.0,0.1898124999999999,0.0,0.0,0.006108495965193215,-8.885585628267782
188.0,0.0004982477266579416,474974.37554122315,657.1602839788225,0.001252361926055208,-0.0,-0.07843530000665777,0.0,0.20106944444444433,0.0,0.0,0.006029103511689488,-10.129397497196873
189.0,0.0004978512906235315,470840.0703902456,655.60709684407,0.0012434307159681797,-0.0,-0.08231129029993813,0.0,0.2125972222222221,0.0,0.0,0.0059464130997464735,-11.348388191572733
190.0,0.0004974063785578215,466550.15990488656,653.9845214449018,0.0012340739657568309,-0.0,-0.08609447480391189,0.0,0.2241249999999999,0.0,0.0,0.00586053606141063,-12.541419576520616
191.0,0.0004969129443076297,462109.58364329534,652.2930185439876,0.0012243019911644256,-0.0,-0.08980942284199879,0.0,0.23572569444444436,0.0,0.0,0.00577160421917588,-13.707416859791438
192.0,0.0004963709377025519,457514.1727138181,650.5295156414378,0.00121410761941591,-0.0,-0.09367109507372981,0.0,0.24798263888888883,0.0,0.0,0.005679577845427694,-14.845054004206451
193.0,0.0004957803047172979,452763.15412843355,648.6921105944374,0.0012034902520387664,-0.0,-0.09742293686299196,0.0,0.2602395833333333,0.0,0.0,0.00558448436945533,-15.953066942185979
194.0,0.0004951409876502985,447862.4243182979,646.7813923841408,0.0011924622556164898,-0.0,-0.10106171702010527,0.0,0.2724965277777778,0.0,0.0,0.005486479429620973,-17.03042478366913
195.0,0.0004944529253187341,442816.3497676127,644.7973166622434,0.001181033142207812,-0.0,-0.10469884750255004,0.0,0.28506597222222224,0.0,0.0,0.00538569087953679,-18.07608779775324
196.0,0.0004937160532701317,437621.4419645338,642.7366659592445,0.0011691972478038654,-0.0,-0.10832594851128621,0.0,0.2979479166666667,0.0,0.0,0.00528210049010552,-19.088709901308466
197.0,0.0004929303040106937,432282.7343942325,640.5994742322441,0.0011569654990805697,-0.0,-0.11182373365412586,0.0,0.31082986111111116,0.0,0.0,0.005175852424245181,-20.067288643814905
198.0,0.0004920956072505208,426807.06077864557,638.3864559709709,0.0011443524318262201,-0.0,-0.1151893848199676,0.0,0.3237118055555556,0.0,0.0,0.005067125457061405,-21.010953444591713
199.0,0.0004912118901658921,421197.7215336632,636.0968596372292,0.0011313657985063622,-0.0,-0.11856237791683234,0.0,0.3370000000000001,0.0,0.0,0.004956033276742172,-21.918713301607216
200.0,0.0004902790776787732,415456.5391787674,633.7292457085919,0.0011180105307332282,-0.0,-0.12180839490986918,0.0,0.35033333333333344,0.0,0.0,0.004842663610926315,-22.789519919296602
201.0,0.0004892970927537144,409590.96912907966,631.2844232834863,0.0011043026520635743,-0.0,-0.12490900347754598,0.0,0.3636666666666668,0.0,0.0,0.00472720969315559,-23.622657014450397
202.0,0.00048826585671230536,403608.2332969778,628.7630954407756,0.0010902578491550198,-0.0,-0.12789735360720478,0.0,0.3771041666666668,0.0,0.0,0.004609860526959254,-24.417464992168213
203.0,0.00048718528956534263,397511.26406912884,626.1641218557053,0.001075883488732771,-0.0,-0.1308154178767529,0.0,0.39078472222222227,0.0,0.0,0.0044907267477779945,-25.17308115963653
204.0,0.00048605531036286133,391306.3159203156,623.4877092598352,0.0010611935407219737,-0.0,-0.13357752211225446,0.0,0.40446527777777774,0.0,0.0,0.004369980617662213,-25.88888297962307
205.0,0.00048487583756217604,385001.34019102773,620.7347830387558,0.0010462054257515724,-0.0,-0.13618220368038048,0.0,0.4181458333333332,0.0,0.0,0.00424782515864723,-26.564423388966592
206.0,0.00048364678941405725,378603.3778922457,617.9058790451492,0.0010309348877860782,-0.0,-0.13867481666710987,0.0,0.4319722222222221,0.0,0.0,0.004124446330166307,-27.199268156913853
207.0,0.0004823680843671639,372117.80958357034,615.000785310368,0.0010153944903980448,-0.0,-0.14102518135804745,0.0,0.445861111111111,0.0,0.0,0.0039999998390237,-27.792927593631077
208.0,0.00048103964149082953,365552.5995181485,612.0204321595992,0.0009996020102075365,-0.0,-0.1432121943910756,0.0,0.4597499999999999,0.0,0.0,0.003874687359518138,-28.345162686655467
209.0,0.00047966138091628244,358915.84770087496,608.9658426651494,0.0009835756149886188,-0.0,-0.1452365167351473,0.0,0.473642361111111,0.0,0.0,0.0037487117765398928,-28.85582590857926
210.0,0.0004782332242963593,352215.26880871714,605.837899949088,0.0009673328272466811,-0.0,-0.1471062424572629,0.0,0.4875659722222222,0.0,0.0,0.003622267742149128,-29.324820667560218
211.0,0.00047675509528374393,345458.6455724834,602.6375580918576,0.0009508914215082993,-0.0,-0.14881171317729425,0.0,0.5014895833333333,0.0,0.0,0.0034955496030517307,-29.752135788811394
212.0,0.00047522692002773654,338653.92883412755,599.3659008246137,0.0009342696252461175,-0.0,-0.15035336824388618,0.0,0.5154131944444444,0.0,0.0,0.003368752897217079,-30.137856385163836
213.0,0.000473648627689527,331809.20616307354,596.0241411431105,0.0009174860587416055,-0.0,-0.1517170816707019,0.0,0.5292847222222222,0.0,0.0,0.0032420735030435745,-30.48216442762629
214.0,0.0004720201509759116,324933.3908002738,592.6139806132397,0.0009005611216273923,-0.0,-0.15290510910621402,0.0,0.5431041666666667,0.0,0.0,0.0031157191393166844,-30.785407069510526
215.0,0.0004703414266913553,318034.2487999356,589.1366531328089,0.0008835130376314545,-0.0,-0.15393399855516968,0.0,0.5569236111111112,0.0,0.0,0.002989875053223942,-31.047917060248455
216.0,0.0004686123963082591,311119.1794415455,585.5932934795309,0.0008663594047479051,-0.0,-0.15480526087255983,0.0,0.5707430555555556,0.0,0.0,0.0028647176618883307,-31.270075811688553
217.0,0.0004668330065552532,304196.8771769173,581.9858055948308,0.0008491205472205117,-0.0,-0.1554630778855887,0.0,0.58434375,0.0,0.0,0.002740442395184128,-31.45248108821573
218.0,0.00046500321002328177,297276.3917240392,578.3164321796067,0.0008318176384791295,-0.0,-0.1559644895114545,0.0,0.597920138888889,0.0,0.0,0.0026172469644109033,-31.59586696582046
219.0,0.0004631229657892031,290364.43432821165,574.5863243884788,0.0008144672383229622,-0.0,-0.15631830989637976,0.0,0.611496527777778,0.0,0.0,0.0024952864588063768,-31.700816052025505
220.0,0.00046119224005656894,283467.77007209184,570.7967704461537,0.0007970861096976759,-0.0,-0.1564957641212477,0.0,0.6249479166666668,0.0,0.0,0.002374713788389776,-31.76799492473526
221.0,0.00045921100681319265,276596.6888566801,566.9511700676718,0.0007796982987550634,-0.0,-0.15646246841146838,0.0,0.638107638888889,0.0,0.0,0.002255735557921474,-31.79855504857664
222.0,0.0004571792485050579,269758.34108988795,563.051406686834,0.0007623215898693636,-0.0,-0.156296400875388,0.0,0.651267361111111,0.0,0.0,0.0021385023599312116,-31.793399431579378
223.0,0.00045509695672605265,262958.27305855387,559.0986019872573,0.0007449705799551321,-0.0,-0.1560004744829412,0.0,0.6644270833333332,0.0,0.0,0.0020231352226600125,-31.753323631453814
224.0,0.00045296413292295247,256203.37073970793,555.0948020622258,0.0007276626854866899,-0.0,-0.15549482965521175,0.0,0.6772222222222222,0.0,0.0,0.001909772861120886,-31.679357518045556
225.0,0.0004507807891150046,249503.21195468918,551.0438978892238,0.0007104209534901137,-0.0,-0.1548374654078669,0.0,0.689861111111111,0.0,0.0,0.0017985913643438687,-31.572956702802188
226.0,0.00044854694862739595,242862.49020054727,546.947097764437,0.0006932584970363944,-0.0,-0.15406840789800771,0.0,0.7024999999999999,0.0,0.0,0.0016896852374353457,-31.435061705953935
227.0,0.0004462626468378173,236285.49933715153,542.8054962687092,0.0006761876514455755,0.0,-0.15317759768308023,0.0,0.7150763888888889,0.0,0.0,0.001583139401756363,-31.266621538228037
228.0,0.0004439279319352542,229780.37507241886,538.6228158011335,0.0006592287501072929,0.0,-0.15206711983449547,0.0,0.7270902777777778,0.0,0.0,0.001479093006562268,-31.069162174852302
229.0,0.0004415428656900661,223353.37871606756,534.4018992398898,0.0006423983421339437,0.0,-0.15086527214215462,0.0,0.7391041666666667,0.0,0.0,0.001377650994642728,-30.844053231577657
230.0,0.00043910752423433123,217007.56845703986,530.1437087144712,0.0006257063824115324,0.0,-0.14957538809255808,0.0,0.7511180555555556,0.0,0.0,0.0012788660784894361,-30.59229410287548
231.0,0.00043662199885135964,210748.09550469066,525.8507828004207,0.000609167199539844,0.0,-0.14804920119909293,0.0,0.7627152777777775,0.0,0.0,0.001182818033839909,-30.315230166345952
232.0,0.00043408639677319127,204590.88027925143,521.5335583950593,0.0005928176742664565,0.0,-0.1462019351833021,0.0,0.7738958333333337,0.0,0.0,0.0010897350092994422,-30.015856130254896
233.0,0.000431500841984822,198548.05825083193,517.20072261794,0.0005766869924262609,0.0,-0.14410865670965953,0.0,0.7850763888888889,0.0,0.0,0.0009997781360290246,-29.696793289859066
234.0,0.0004288654760338131,192631.02369181302,512.8612389695385,0.0005608029381599468,0.0,-0.14176130936463968,0.0,0.7962569444444445,0.0,0.0,0.0009130868321321754,-29.360698680145852
235.0,0.0004261804588438647,186854.95107851128,508.527779081562,0.0005452013702035007,0.0,-0.13901494268625583,0.0,0.8066249999999997,0.0,0.0,0.0008298406671385818,-29.010955683854664
236.0,0.000423445969530852,181235.98428061957,504.2149403437039,0.0005299203508521757,0.0,-0.13600103742726374,0.0,0.8169027777777781,0.0,0.0,0.0007502172618421286,-28.651282048813005
237.0,0.0004206622072197467,175785.6922849325,499.93500770880837,0.0005149884308151237,0.0,-0.13273039948147775,0.0,0.8271805555555556,0.0,0.0,0.0006743175573100714,-28.284849559679174
238.0,0.00041782939186076653,170516.1150959397,495.70170941936306,0.0005004351834604311,0.0,-0.12915245073959578,0.0,0.83715625,0.0,0.0,0.0006022358802677976,-27.915043514231463
239.0,0.000414947765043029,165444.56891116756,491.53430173524237,0.00048630132631040504,0.0,-0.12521640684905697,0.0,0.8464270833333334,0.0,0.0,0.0005341205799209954,-27.54626706830929
240.0,0.00041201759080390844,160584.01698060945,487.44992569396663,0.0004726183206550667,0.0,-0.1210372813467195,0.0,0.8556979166666664,0.0,0.0,0.0004700473732608481,-27.182381705944138
241.0,0.0004090391564322339,155945.35379686393,483.46521186621743,0.0004594130658726022,0.0,-0.11661721991757326,0.0,0.8649687500000002,0.0,0.0,0.0004100523156533124,-26.827036097400853
242.0,0.00040601277326339876,151541.3512018214,479.59958909613306,0.0004467161448788299,0.0,-0.11186112378687636,0.0,0.8734375,0.0,0.0,0.000354182178291915,-26.484323533479845
243.0,0.00040293877746439715,147387.413662509,475.87611384379034,0.00043456331428195306,0.0,-0.1068573751074459,0.0,0.8815624999999999,0.0,0.0,0.0003025018854936892,-26.15893750132299
244.0,0.00039981753080675213,143492.9209556308,472.31366111126675,0.0004229769911661099,0.0,-0.10166670440265371,0.0,0.8896874999999997,0.0,0.0,0.00025499131451715504,-25.854642442053272
245.0,0.0003966494214252478,139866.36278433187,468.93111100976296,0.0004119769800286532,0.0,-0.09629558791786706,0.0,0.8976944444444446,0.0,0.0,0.00021161162969050116,-25.57512610304296
246.0,0.0003934348645603448,136519.10567157192,465.75075519157076,0.00040158828230274783,0.0,-0.09068458611061053,0.0,0.9046388888888889,0.0,0.0,0.0001723499202638266,-25.32468135829035
247.0,0.00039017430328211754,133469.16866820422,462.8020514564265,0.0003918488209155993,0.0,-0.08451799412533427,0.0,0.9115833333333333,0.0,0.0,0.00013725980606232372,-25.108948845092474
248.0,0.0003868682091935329,130738.68492842864,460.11938928110715,0.0003828036738442835,0.0,-0.07832069515328682,0.0,0.9185277777777778,0.0,0.0,0.00010642955612480031,-24.93451250134119
249.0,0.0003835170831108696,128321.89146259495,457.70990727351926,0.00037443747686158335,0.0,-0.07230575513041002,0.0,0.924829861111111,0.0,0.0,7.963703836244615e-05,-24.802756057822705
250.0,0.0003801214557190641,126209.8735209979,455.57640650493414,0.0003667268822043922,0.0,-0.06652988419217364,0.0,0.9304895833333335,0.0,0.0,5.663777081407376e-05,-24.714343792305172
251.0,0.00037668188819977666,124391.11560210327,453.71762382706186,0.0003596418674617559,0.0,-0.06105637307973299,0.0,0.9361493055555555,0.0,0.0,3.7173635561083876e-05,-24.669287418857134
252.0,0.00037319897282997113,122851.07823293876,452.12761679560066,0.00035314508579214896,0.0,-0.055953353737583256,0.0,0.9418090277777778,0.0,0.0,2.0970368897285377e-05,-24.66682719766425
253.0,0.000369673333548826,121571.85702665408,450.7952983337593,0.0003471914976196823,0.0,-0.05129020406773499,0.0,0.9462812499999999,0.0,0.0,7.735559501414748e-06,-24.705325189947107
254.0,0.00036610562649081943,120532.06119077223,449.7042870138438,0.0003417285576282094,0.0,-0.04713165690890777,0.0,0.9506215277777779,0.0,0.0,-2.84154741905802e-06,-24.782200770219394
255.0,0.0003624965404828703,119707.02076506364,448.8331916317233,0.00033669715703724454,0.0,-0.04352956309702544,0.0,0.9549618055555555,0.0,0.0,-1.1087572992523987e-05,-24.8939352432071
256.0,0.0003588467975034604,119069.47549781541,448.1564953704708,0.0003320335692074385,0.0,-0.040513663696307815,0.0,0.9588854166666667,0.0,0.0,-1.733839204342451e-05,-25.03618338575697
257.0,0.00035515715310172774,118590.76797401045,447.64604540140846,0.0003276723580588659,0.0,-0.038084085374610804,0.0,0.9618368055555555,0.0,0.0,-2.192827008477762e-05,-25.204004422028966
258.0,0.0003514283967745842,118242.39696884183,447.27296419711377,0.0003235498647147611,0.0,-0.036208870571739965,0.0,0.9647881944444444,0.0,0.0,-2.517616192633705e-05,-25.39218891344311
259.0,0.0003476613522999869,117997.62234589731,447.00961426797176,0.0003196075881646109,0.0,-0.03482844127170502,0.0,0.9677395833333333,0.0,0.0,-2.7372085058253773e-05,-25.595619074273024
260.0,0.0003438568780245862,117832.75925571367,446.83119907273755,0.0003157947260211467,0.0,-0.03386578968290962,0.0,0.9696944444444444,0.0,0.0,-2.8766837181196256e-05,-25.809582418706555
261.0,0.0003400158671040629,117727.91434259586,446.71671687219504,0.00031206943531138687,0.0,-0.03323859883367697,0.0,0.9712222222222222,0.0,0.0,-2.956716356942977e-05,-26.02997781921139
262.0,0.00033613924769458045,117667.12938385218,446.64922849818106,0.0003083988289963784,0.0,-0.032869347232645216,0.0,0.97275,0.0,0.0,-2.9936437543499363e-05,-26.25339682061551
263.0,0.0003322279830938863,117638.07325540659,446.61559851982605,0.00030475806693162785,0.0,-0.03269136548335407,0.0,0.9741354166666667,0.0,0.0,-2.999932727060245e-05,-26.477102733284475
264.0,0.0003282830718307278,117631.48838176175,446.60594302739065,0.00030112900038283864,0.0,-0.03265096503015363,0.0,0.9742395833333334,0.0,0.0,-2.9848413133825943e-05,-26.698947859455643
265.0,0.00032430554770136846,117640.5694703935,446.61298583272725,0.00029749874186477403,0.0,-0.03270689687281883,0.0,0.9743437500000001,0.0,0.0,-2.9551079976069792e-05,-26.91726649163732
266.0,0.0003202964797521405,117660.38567349932,446.63145028822083,0.00029385837917822097,0.0,-0.03282849476920103,0.0,0.9744479166666667,0.0,0.0,-2.915569152290812e-05,-27.130768938184627
267.0,0.00031625697220710416,117687.39635839454,446.6575456263827,0.00029020192219926435,0.0,-0.03299346275214281,0.0,0.9738402777777778,0.0,0.0,-2.869664560201949e-05,-27.338449374869022
268.0,0.00031218816434004106,117719.07059448247,446.68856155044324,0.0002865254897295729,0.0,-0.033185821342528336,0.0,0.9725208333333334,0.0,0.0,-2.819828191366812e-05,-27.539511595807767
269.0,0.0003080912302901619,117753.60030277002,446.7225618287743,0.0002828267054691887,0.0,-0.03339421242581836,0.0,0.971201388888889,0.0,0.0,-2.767779069801898e-05,-27.733312002033834
270.0,0.0003039673788210675,117789.68984470468,446.75815919333064,0.00027910426067612106,0.0,-0.033610590179275944,0.0,0.9698819444444444,0.0,0.0,-2.7147323881009095e-05,-27.919317195847526
271.0,0.00029981785302266473,117826.40446286181,446.79435305074446,0.00027535760287719126,0.0,-0.03382925045050589,0.0,0.9672812500000001,0.0,0.0,-2.661550169740152e-05,-28.09707311779966
272.0,0.00029564392995590796,117863.06243806517,446.8304139447658,0.00027158671681265495,0.0,-0.03404612947700079,0.0,0.9645381944444444,0.0,0.0,-2.6088475690289024e-05,-28.266182933077864
273.0,0.00029144692024039636,117899.15899056401,446.8658020057022,0.0002677919714532537,0.0,-0.034258305666087126,0.0,0.9617951388888889,0.0,0.0,-2.5570672865417888e-05,-28.426291379153444
274.0,0.0002872281675850277,117934.31289751004,446.9001097368507,0.00026397401369472265,0.0,-0.034463649557864996,0.0,0.9586354166666666,0.0,0.0,-2.5065313764420947e-05,-28.577073805765036
275.0,0.00028298904826207666,117968.22921410267,446.93302205888904,0.0002601336947230484,0.0,-0.03466057974223097,0.0,0.9545034722222222,0.0,0.0,-2.457477165061848e-05,-28.718228585699674
276.0,0.000278730970525228,118000.67334200708,446.96428851599825,0.00025627201910137634,0.0,-0.034847893557261436,0.0,0.9503715277777778,0.0,0.0,-2.4100820686340758e-05,-28.8494719296556
277.0,0.00027445537397225795,118031.45306303682,446.99370401842515,0.0002523901095862788,0.0,-0.035024650129053425,0.0,0.9462395833333334,0.0,0.0,-2.3644806862423123e-05,-28.970534407295826
278.0,0.00027016372885321793,118060.40615087117,447.02109556204766,0.0002484891827925738,0.0,-0.03519008985112708,0.0,0.9411840277777778,0.0,0.0,-2.320776532685791e-05,-29.081158674791258
279.0,0.0002658575353251246,118087.39188345343,447.04631312657483,0.0002445705323146144,0.0,-0.03534357914615398,0.0,0.9357326388888888,0.0,0.0,-2.279050060614596e-05,-29.181098052815017
280.0,0.0002615383226543199,118112.28528075965,447.0692234924373,0.00024063551695316143,0.0,-0.03548457273105642,0.0,0.9302812499999998,0.0,0.0,-2.2393641193785466e-05,-29.270115701976998
281.0,0.0002572076483677959,118134.97324567316,447.0897060950929,0.00023668555242139976,0.0,-0.03561258798350397,0.0,0.9246979166666665,0.0,0.0,-2.2017676476713194e-05,-29.347984216068923
282.0,0.00025286709735493107,118155.35203306579,447.1076503007958,0.00023272210540612224,0.0,-0.03572718766767574,0.0,0.9179270833333332,0.0,0.0,-2.1662981532551827e-05,-29.41448550552441
283.0,0.0002485182809212005,118173.32564511204,447.1229536733326,0.00022874668920790312,0.0,-0.03582796843073603,0.0,0.9111562499999999,0.0,0.0,-2.1329833637459622e-05,-29.469410880290887
284.0,0.00024416283579555925,118189.58919559183,447.13635667070963,0.00022476193108569872,0.0,-0.035845024596854125,0.0,0.9043854166666666,0.0,0.0,-2.1012380769923107e-05,-29.512757118407052
285.0,0.0002398024230933001,118217.2159392773,447.1617870803521,0.00022078700855455237,0.0,-0.0357055628890196,0.0,0.8970243055555556,0.0,0.0,-2.0610622794635434e-05,-29.54762392983087
286.0,0.00023543872723630127,118258.31128195504,447.2014791794052,0.00021682540661145582,0.0,-0.03561229405372065,0.0,0.8890729166666668,0.0,0.0,-2.0111485766201858e-05,-29.57438379646264
287.0,0.00023107345483267151,118308.18447984302,447.2504249183625,0.000212871645668764,0.0,-0.03556033936255363,0.0,0.881121527777778,0.0,0.0,-1.9553291296030246e-05,-29.59171059543444
288.0,0.00022670833351788475,118363.41498366532,447.30497318057377,0.00020892233528695941,0.0,-0.03552955489272155,0.0,0.8731701388888891,0.0,0.0,-1.8963472785851404e-05,-29.598596731483255
289.0,0.00022234511075957923,118423.28647048348,447.3643544361619,0.00020497780090298208,0.0,-0.03547128967008427,0.0,0.8641562500000002,0.0,0.0,-1.8348611246414924e-05,-29.594715321193185
290.0,0.0002179855526282579,118487.80767456772,447.42857050368224,0.00020103934125888652,0.0,-0.03542233617548511,0.0,0.8550243055555556,0.0,0.0,-1.770981496875474e-05,-29.579926201152535
291.0,0.0002136314425361818,118555.11473827565,447.49563232755946,0.00019710603834630406,0.0,-0.03537708118558887,0.0,0.8458923611111111,0.0,0.0,-1.7061571404478578e-05,-29.553627973338266
292.0,0.0002092845799468019,118624.09839825999,447.56435577255115,0.0001931780570494349,0.0,-0.035317207472056904,0.0,0.8364687499999999,0.0,0.0,-1.64124361068191e-05,-29.51541622329334
293.0,0.00020494677905710308,118696.24826763791,447.6363191787751,0.00018925866219916145,0.0,-0.03523249824149453,0.0,0.8263645833333333,0.0,0.0,-1.5752432250238648e-05,-29.4655413004178
294.0,0.0002006198674552652,118770.93758741471,447.7108508940998,0.00018534861862277166,0.0,-0.035147747903933074,0.0,0.8162604166666667,0.0,0.0,-1.5086673468605088e-05,-29.40373351804983
295.0,0.00019630568475606183,118847.07247709067,447.78678472746356,0.00018144825543395387,0.0,-0.035057467069046284,0.0,0.8061562500000001,0.0,0.0,-1.4423258749548488e-05,-29.329617024054304
296.0,0.00019200608121642263,118924.89748449753,447.86437610355773,0.00017755945622902424,0.0,-0.03493263208402434,0.0,0.7953715277777779,0.0,0.0,-1.3760888303964811e-05,-29.243156655703586
297.0,0.00018772291633358434,119006.09539045139,447.9454045455444,0.00017368560031684135,0.0,-0.03479654367092138,0.0,0.7842951388888888,0.0,0.0,-1.3088715234486845e-05,-29.14467701614077
298.0,0.00018345805742824592,119089.54318731376,448.02867297528445,0.00016982704489031239,0.0,-0.03465637540003372,0.0,0.7732187499999998,0.0,0.0,-1.241493042947874e-05,-29.03381971763122
299.0,0.00017921337821511998,119174.35949513614,448.1132425735253,0.00016598450752422673,0.0,-0.03450593223296518,0.0,0.7620945945945943,0.0,0.0,-1.174578583243529e-05,-28.9102979180546
300.0,0.00017499075736325092,119261.15113093138,448.19975158215675,0.0001621602518085345,0.0,-0.03432993324346275,0.0,0.7505405405405404,0.0,0.0,-1.1077645891455824e-05,-28.774196785090595
301.0,0.00017079207704842435,119349.88971219411,448.28816465390133,0.00015835588706987252,0.0,-0.03414720232533878,0.0,0.7389864864864866,0.0,0.0,-1.0411096300686488e-05,-28.625454629533017
302.0,0.00016661922149996725,119439.81552653649,448.3776734646378,0.00015457235312297252,0.0,-0.03395456001562019,0.0,0.7274324324324326,0.0,0.0,-9.751305033659097e-06,-28.463844276244124
303.0,0.0001624740755441724,119530.85230225409,448.4681934222183,0.00015081128574694378,0.0,-0.0337325012582819,0.0,0.7154722222222225,0.0,0.0,-9.098940730873769e-06,-28.28931398184694
304.0,0.0001583585231465353,119626.11673369081,448.56301190673133,0.00014707714998719705,0.0,-0.03348185466003843,0.0,0.7029027777777779,0.0,0.0,-8.43498706873225e-06,-28.102571852498873
305.0,0.00015427444595493404,119725.06798659399,448.6615478882229,0.000143370983794093,0.0,-0.033228186191086154,0.0,0.6903333333333334,0.0,0.0,-7.763567780854373e-06,-27.90345970564417
306.0,0.0001502237218458074,119826.5831462718,448.76260812986993,0.0001396933922612443,0.0,-0.0329669144138653,0.0,0.6777638888888888,0.0,0.0,-7.0921140825315745e-06,-27.691696393582777
307.0,0.00014620822347533028,119930.90454267936,448.8664409661322,0.00013604619726664772,0.0,-0.03267790790279724,0.0,0.6647777777777777,0.0,0.0,-6.419605084256435e-06,-27.467330412517953
308.0,0.0001422298168375027,120039.11040814164,448.9741742595248,0.0001324318623440657,0.0,-0.0323789536491436,0.0,0.6516875,0.0,0.0,-5.740165519021373e-06,-27.230606150610775
309.0,0.00013829035983100094,120150.25016575516,449.08479723423056,0.00012885119424830148,0.0,-0.032071397275217475,0.0,0.6385972222222224,0.0,0.0,-5.059950792761407e-06,-26.981310760488462
310.0,0.00013439170083655172,120263.75319580361,449.19770124022665,0.00012530536814396036,0.0,-0.03174881349053962,0.0,0.6254236111111113,0.0,0.0,-4.3826451730673176e-06,-26.719332409826777
311.0,0.00013053567730652134,120380.8843058314,449.31420930786874,0.00012179694005290361,0.0,-0.03140155020416345,0.0,0.6119166666666667,0.0,0.0,-3.7013662752481264e-06,-26.444976250913744
312.0,0.0001267241143683199,120501.75450288317,449.4344267226015,0.00011832754170270467,0.0,-0.031045982384204116,0.0,0.5984097222222221,0.0,0.0,-3.016005645732869e-06,-26.15829222861185
313.0,0.00012295882344314657,120625.66140866566,449.5576061680224,0.00011489823646696414,0.0,-0.030679548280789826,0.0,0.5849027777777775,0.0,0.0,-2.330930442546689e-06,-25.859162294700024
314.0,0.00011924160088150943,120752.62723590976,449.68376188856263,0.00011151062364506787,0.0,-0.030291904648044723,0.0,0.5712083333333331,0.0,0.0,-1.6463385481235885e-06,-25.547637049217133
315.0,0.00011557422661687808,120884.00586028383,449.81430281532795,0.00010816715095294576,0.0,-0.029889006737326425,0.0,0.5573888888888887,0.0,0.0,-9.552331835265768e-07,-25.22405254789013
316.0,0.00011195846283874186,121019.32948867846,449.9487264048493,0.00010486901673296753,0.0,-0.02947548650309915,0.0,0.5435694444444444,0.0,0.0,-2.606238205102652e-07,-24.888361694735764
317.0,0.0001083960526862616,121158.19357671248,450.0865975757756,0.00010161749007127043,0.0,-0.02904976445220102,0.0,0.52975,0.0,0.0,4.3497309793386033e-07,-24.54054291628775
318.0,0.00010488871896362415,121300.73211999834,450.22804576747836,9.841417898004386e-05,0.0,-0.028607777889825128,0.0,0.5158611111111112,0.0,0.0,1.1319817572521214e-06,-24.18069429971077
319.0,0.00010143816287812954,121447.08587012425,450.37320620816615,9.526067691813823e-05,0.0,-0.02815306968975716,0.0,0.5019722222222224,0.0,0.0,1.8308634494753077e-06,-23.808920778556917
320.0,9.804606280196238e-05,121597.17670962156,450.5219857629708,9.2158438636234e-05,0.0,-0.02768494213499581,0.0,0.4880833333333336,0.0,0.0,2.5309788958408075e-06,-23.425290352102557
321.0,9.471407305852101e-05,121751.0492591021,450.67441931191473,8.910897984154933e-05,0.0,-0.027202989159648736,0.0,0.4741944444444447,0.0,0.0,3.2323643074524147e-06,-23.029902316732738
322.0,9.144382273410666e-05,121908.84233264822,450.8306396434148,8.611385029676985e-05,0.0,-0.02670699050922021,0.0,0.4603055555555557,0.0,0.0,3.935555179838981e-06,-22.622879767762974
323.0,8.823691451570465e-05,122070.77343757557,450.99086086434426,8.317461707514962e-05,0.0,-0.026196846178387877,0.0,0.4464166666666667,0.0,0.0,4.641484888794017e-06,-22.20436493094673
324.0,8.509492355551505e-05,122237.13908654956,451.1553784391313,8.02928574223253e-05,0.0,-0.025672547756335908,0.0,0.4325277777777777,0.0,0.0,5.351467354815558e-06,-21.774517533697985
325.0,8.201939636283341e-05,122407.67857153053,451.3239078730273,7.74698629524967e-05,0.0,-0.025139765991721016,0.0,0.4187499999999999,0.0,0.0,6.064131565451246e-06,-21.33340213148129
326.0,7.901184972380982e-05,122581.87770904668,451.4959040853351,7.470681952613616e-05,0.0,-0.024592371836658095,0.0,0.405,0.0,0.0,6.7770186454834375e-06,-20.881050488831438
327.0,7.607376964956374e-05,122760.48325316739,451.67212974826435,7.20054643236987e-05,0.0,-0.024029500610911317,0.0,0.3912500000000001,0.0,0.0,7.4937263650481044e-06,-20.417718704155916
328.0,7.320661035306476e-05,122944.08502261927,451.8531830823242,6.936740728067026e-05,0.0,-0.023455828299228373,0.0,0.37756944444444457,0.0,0.0,8.217026542947307e-06,-19.943631675338974
329.0,7.041179325514878e-05,123130.1495297149,452.036429725919,6.67929908442122e-05,0.0,-0.022880528018093732,0.0,0.36416666666666664,0.0,0.0,8.93530966828011e-06,-19.458516913167095
330.0,6.769070601997477e-05,123318.45618445611,452.22164009823825,6.428356252269136e-05,0.0,-0.022286208032267565,0.0,0.35076388888888876,0.0,0.0,9.648018642427843e-06,-18.96250650319262
331.0,6.504470162019002e-05,123510.63749786522,452.41049305949906,6.18411285967214e-05,0.0,-0.021674898222568705,0.0,0.3373611111111109,0.0,0.0,1.0362974056716055e-05,-18.456020085469877
332.0,6.247509743202495e-05,123706.49916148915,452.60278080168644,5.9466948450509716e-05,0.0,-0.02106365690145191,0.0,0.32422916666666646,0.0,0.0,1.1079633674799575e-05,-17.939190362600982
333.0,5.998317436049306e-05,123901.6567558538,452.79398815753177,5.7160885250572725e-05,0.0,-0.020441982620368792,0.0,0.3112777777777776,0.0,0.0,1.1779117734699962e-05,-17.41157067521696
334.0,5.757017599484268e-05,124097.98491201039,452.98605273595905,5.492500689991351e-05,0.0,-0.019800801399919032,0.0,0.2983263888888888,0.0,0.0,1.2470600356968971e-05,-16.873651300284635
335.0,5.523730779436217e-05,124297.66869531493,453.1811946935905,5.2761348738076074e-05,0.0,-0.019142494419729237,0.0,0.285375,0.0,0.0,1.3164186374697174e-05,-16.32593627952544
336.0,5.2985736304617275e-05,124521.42827418729,453.3614236106967,5.068160798862135e-05,0.00023084119857045182,-0.018527299545125556,0.0006535947712418259,0.27301388888888894,0.0,0.0,1.3788796548333014e-05,-15.771242961400887
337.0,5.081658840416568e-05,124785.26751238253,453.49938769362905,4.869491091765506e-05,0.00046168239714090365,-0.017927522167606767,0.0013071895424836518,0.26065277777777796,0.0,0.0,1.4237856019670407e-05,-15.211425518983438
338.0,4.873095058176784e-05,125086.12137137998,453.5849124033393,4.68000633886682e-05,0.0006925235957113554,-0.017334479708503624,0.0019607843137254776,0.24829166666666688,0.0,0.0,1.4475471102872749e-05,-14.64579525952743
339.0,4.672986824409397e-05,125431.21006393924,453.6040996804331,4.500013253007847e-05,0.0011034209291667537,-0.016769305634850705,0.003124183006535911,0.23622222222222244,0.0,0.0,1.4452311881728363e-05,-14.074870199281282
340.0,4.4814345053900256e-05,125889.84297572047,453.4868216447089,4.332446322082373e-05,0.0017843930140367284,-0.01628988909671864,0.0050522875816993275,0.2245902777777779,0.0,0.0,1.3901913659508078e-05,-13.505681656676295
341.0,4.298534229863812e-05,126469.90746400575,453.18970848793197,4.177506828625503e-05,0.002465297863567334,-0.01585437437027499,0.006980392156862745,0.21295833333333333,0.0,0.0,1.2660917157899004e-05,-12.937588924088773
342.0,4.1243778289434146e-05,127167.8759326094,452.68954333028285,4.0348233152965624e-05,0.0031460346354958185,-0.015442636442653186,0.00890849673202616,0.2013263888888888,0.0,0.0,1.0642191548836704e-05,-12.36865480747011
343.0,3.959052779037575e-05,128022.10627512124,451.94184098137447,3.9055512108063025e-05,0.004195675085367274,-0.01511580961694741,0.011882352941176491,0.19038888888888883,0.0,0.0,7.67188368577056e-06,-11.800847780655486
344.0,3.802642147802002e-05,129106.06411721403,450.8658331465008,3.7920397829072314e-05,0.005336695424707441,-0.014855281259734825,0.015117647058823529,0.179625,0.0,0.0,3.4229002927107416e-06,-11.238382094494321
345.0,3.655224543103716e-05,130425.58134057191,449.4446094207288,3.693926652135465e-05,0.006475970517233687,-0.014620374828974972,0.018352941176470565,0.16886111111111118,0.0,0.0,-2.2018209915981233e-06,-10.67838380956728
346.0,3.516874064989377e-05,131997.963428659,447.67900053160736,3.6111408576953154e-05,0.007699840266016498,-0.01440709805835628,0.0218366013071895,0.1582847222222223,0.0,0.0,-9.248415885368207e-06,-10.11869239848892
347.0,3.3876602606472614e-05,133915.89704116152,445.5263790698358,3.54605237049101e-05,0.009268204010641093,-0.01428013155077392,0.026313725490196078,0.14845833333333333,0.0,0.0,-1.7967738789431764e-05,-9.562126252512098
348.0,3.267648082353099e-05,136238.06317069835,442.9856953669501,3.4996939240253574e-05,0.010826294682350725,-0.014159562591912398,0.030790849673202655,0.13863194444444435,0.0,0.0,-2.8484925964630005e-05,-9.007256811720014
349.0,3.156897848388724e-05,138994.1311938743,440.11118248269054,3.472002356797273e-05,0.012367962170232082,-0.014016649915313352,0.03526797385620923,0.12880555555555537,0.0,0.0,-4.0731305913676376e-05,-8.449593102891352
350.0,3.055465206923584e-05,142240.70373865313,436.9594925904386,3.463736039597258e-05,0.014137320888766918,-0.013903434667936703,0.04047058823529422,0.1196041666666665,0.0,0.0,-5.465682469257578e-05,-7.88545105771023
351.0,2.9634011028485286e-05,146090.4610627535,433.54778134435776,3.477436711683528e-05,0.016031021723703544,-0.013799631406127779,0.046156862745098115,0.11081944444444433,0.0,0.0,-7.042771654620411e-05,-7.312690280574668
352.0,2.880751747552201e-05,150580.50870555447,429.9721101985809,3.513316004447768e-05,0.017856151801737576,-0.013629396478157309,0.051843137254902,0.10203472222222217,0.0,0.0,-8.78746194734991e-05,-6.7233174711775625
353.0,2.807558591630305e-05,155732.81146339493,426.34183870845635,3.571352262404079e-05,0.019580840487180597,-0.01336248818909611,0.05752941176470587,0.09325,0.0,0.0,-0.00010674199327176228,-6.107896300927028
354.0,2.743858300518977e-05,161587.17719317053,422.71133763995516,3.6526235746905804e-05,0.02155429624076778,-0.013157669362318145,0.06439215686274505,0.08564583333333338,0.0,0.0,-0.00012700290437111408,-5.457083085038916
355.0,2.6896827330435498e-05,168141.35667728772,419.1286497143472,3.757567863673049e-05,0.023306828299723633,-0.012834059274488548,0.07125490196078423,0.07804166666666676,0.0,0.0,-0.00014861104719528963,-4.759457574844101
356.0,2.645058922875628e-05,175311.4708230554,415.6758073065729,3.8847911297105474e-05,0.02476176982286674,-0.012364777790287206,0.07811764705882338,0.07043750000000015,0.0,0.0,-0.00017123927344202857,-4.001784617818333
357.0,2.610009062891243e-05,182962.30432797052,412.4017522058307,4.032347353859031e-05,0.025966803253540435,-0.011821786650425345,0.08542483660130704,0.06333333333333345,0.0,0.0,-0.00019459496560797528,-3.1718001445939907
358.0,2.5845504924240674e-05,190895.69707617126,409.26574001679677,4.1980614985621206e-05,0.026873884311924823,-0.011256324628662715,0.09339869281045743,0.056979166666666727,0.0,0.0,-0.00021874361795693178,-2.2595119472688827
359.0,2.5686956874091506e-05,198829.99269120186,406.2648416681813,4.377810734403564e-05,0.027186399299368762,-0.010525670533488043,0.10137254901960784,0.050625,0.0,0.0,-0.00024342435945105955,-1.2588270297444615
360.0,2.5624522534125138e-05,206437.05772404393,403.39246761239616,4.566533514367599e-05,0.02685550567690264,-0.009626693744000516,0.10934640522875824,0.04427083333333327,0.0,0.0,-0.0002682819518278204,-0.16990075369658433
