theta_deg,volume_m3,pressure_pa,temperature_k,mass_kg,mdot_intake_kg_s,mdot_exhaust_kg_s,intake_lift_frac,exhaust_lift_frac,dm_fuel_main_mg_per_deg,dq_comb_j_per_deg,dq_wall_j_per_deg,torque_indicated_nm_per_cyl
-360.0,2.5624522534125138e-05,236003.3482142857,300.0,7.02762796440025e-05,-0.0,-0.01280720562280785,0.10934640522875824,0.04427083333333327,0.0,0.0,-0.0011310051976478924,-0.19423424833983624
-359.0,2.5658229215438538e-05,232964.55293256964,298.910025559215,6.971687310819864e-05,0.009623296998785426,-0.011141548687956316,0.11813071895424843,0.03894444444444441,0.0,0.0,-0.001129925843640406,1.0915114186261603
-358.0,2.5788055472503243e-05,231716.9219794984,298.4939601568736,6.979185081281522e-05,0.012263563568961492,-0.009646061610009695,0.12711764705882353,0.033875,0.0,0.0,-0.001129787812664653,2.361429881404045
-357.0,2.601393111990201e-05,231138.520185248,298.33818110736223,7.026418430718834e-05,0.01396976207460009,-0.008184173325421705,0.13610457516339863,0.028805555555555588,0.0,0.0,-0.0011303059458233815,3.6268628246225267
-356.0,2.63357372778669e-05,230883.8095921823,298.31105024581586,7.106144737570711e-05,0.015288689557655725,-0.006815561703289709,0.14528758169934627,0.024013888888888925,0.0,0.0,-0.0011314065036826131,4.890898142020351
-355.0,2.675330644662554e-05,230719.46711053778,298.3235906807287,7.213369838284646e-05,0.01659138883005174,-0.005766721569915333,0.1552549019607843,0.020333333333333335,0.0,0.0,-0.0011330266982351445,6.152011129664792
-354.0,2.726642260958275e-05,230581.2769783274,298.35095938749276,7.346634308113981e-05,0.017880215474811754,-0.004719831979297318,0.1652222222222223,0.016652777777777742,0.0,0.0,-0.001135149866203358,7.4089894433392
-353.0,2.787482136536183e-05,230465.06926257783,298.3906610581924,7.505767761641733e-05,0.01915579260527706,-0.0036745650581009744,0.1751895424836603,0.012972222222222152,0.0,0.0,-0.0011377807448474107,8.661473104821633
-352.0,2.8578190088749296e-05,230345.99232000698,298.4326108793063,7.690095120921231e-05,0.020512808350212894,-0.0028663626160095905,0.18566666666666684,0.010124999999999957,0.0,0.0,-0.0011409148541053108,9.90812304144052
-351.0,2.937616812059284e-05,230170.35457986442,298.45688822796893,7.898144568976763e-05,0.022033289983521394,-0.002215813928700322,0.19648366013071908,0.007833333333333303,0.0,0.0,-0.001144527509660646,11.14566722542892
-350.0,3.0268346986707978e-05,229980.41790219984,298.4791571069309,8.130687147615406e-05,0.023611299074206994,-0.001566216719092261,0.20730065359477132,0.005541666666666651,0.0,0.0,-0.001148631084403414,12.3748450446834
-349.0,3.125427064586234e-05,229798.35516842254,298.50708901709527,8.388085273232155e-05,0.025205346513924583,-0.0009177619311280614,0.21811764705882353,0.00325,0.0,0.0,-0.0011532354109267523,13.596127025581596
-348.0,3.233343576690752e-05,229584.2556560187,298.525356022925,8.669089398290417e-05,0.026982762925942604,-0.0006621894697760638,0.22968627450980383,0.002347222222222228,0.0,0.0,-0.0011583248708696599,14.80646056787801
-347.0,3.350529203513877e-05,229337.5267013262,298.5339683719477,8.973360526204562e-05,0.028864735966360147,-0.00040705692602354277,0.24125490196078417,0.0014444444444444559,0.0,0.0,-0.0011638916120904957,16.004696491251277
-346.0,3.476924248796839e-05,229093.89362267917,298.54594819758086,9.301595806363666e-05,0.030779168050572688,-0.00015248094041860955,0.25282352941176445,0.0005416666666666838,0.0,0.0,-0.0011699471341220815,17.192412027402398
-345.0,3.6124643879996834e-05,228861.82688589365,298.5638188383709,9.65381980377103e-05,0.03273983527076276,-0.0,0.26466666666666644,0.0,0.0,0.0,-0.0011764957826118836,18.369757522148152
-344.0,3.757080707757773e-05,228617.88184002717,298.57846613272034,0.00010029082623547361,0.03481606240515627,-0.0,0.2769215686274508,0.0,0.0,0.0,-0.001183526132361856,19.53433902873057
-343.0,3.91069974829643e-05,228378.65523295538,298.59582545880676,0.00010427609206757751,0.03692024664574624,-0.0,0.2891764705882353,0.0,0.0,0.0,-0.0011910416105652157,20.686913227075173
-342.0,4.073243548813441e-05,228155.3959592521,298.61955311130083,0.00010849528478745766,0.03902380778365922,-0.0,0.30143137254901975,0.0,0.0,0.0,-0.001199046487419073,21.828074896944038
-341.0,4.244629695838192e-05,227957.62442188262,298.6525956699064,0.00011294969454835022,0.041158004180177954,-0.0,0.31413071895424843,0.0,0.0,0.0,-0.0012075451462245613,22.95847923506089
-340.0,4.424771374576418e-05,227791.3439447282,298.6964639947648,0.00011763993725761958,0.043259932120475436,-0.0,0.3269411764705882,0.0,0.0,0.0,-0.0012165418770586397,24.078604160749485
-339.0,4.613577423248889e-05,227648.82786297615,298.7475552036932,0.00012256177521798527,0.04532819058698673,-0.0,0.33975163398692804,0.0,0.0,0.0,-0.0012260349388645401,25.18752838218685
-338.0,4.810952390431432e-05,227526.1125896167,298.8038524936313,0.00012771197589972716,0.04737923525817554,-0.0,0.3526470588235293,0.0,0.0,0.0,-0.0012360222437398786,26.284613521054997
-337.0,5.0167965954033614e-05,227428.0283765916,298.8667484596537,0.00013309069945728448,0.04942958744418827,-0.0,0.36588235294117644,0.0,0.0,0.0,-0.001246504258440391,27.37020440424358
-336.0,5.2310061915097045e-05,227350.9163273577,298.9344238828853,0.0001386947887790745,0.05143805891669023,-0.0,0.3791176470588236,0.0,0.0,0.0,-0.0012574781299841365,28.44367841190766
-335.0,5.453473232541654e-05,227289.75132995812,299.0046796334726,0.0001445201774858566,0.053413929876718544,-0.0,0.39235294117647085,0.0,0.0,0.0,-0.001268938947304929,29.504167484704176
-334.0,5.684085742137937e-05,227243.51239900876,299.0769410184951,0.00015056426972077336,0.05538278578851827,-0.0,0.40578431372549045,0.0,0.0,0.0,-0.0012808821614424869,30.551250665844048
-333.0,5.9227277862082695e-05,227214.74524007185,299.15200157844185,0.00015682612624222183,0.05732379800074862,-0.0,0.41934640522875827,0.0,0.0,0.0,-0.001293304428500026,31.584988016440384
-332.0,6.169279548377566e-05,227199.2298998762,299.22813225813405,0.0001633015253889865,0.05922775475828655,-0.0,0.4329084967320262,0.0,0.0,0.0,-0.0013061991914248418,32.6045187906065
-331.0,6.423617408447668e-05,227194.30553312047,299.30428247945423,0.00016998666956611252,0.061099603812629286,-0.0,0.4464705882352941,0.0,0.0,0.0,-0.0013195594558555951,33.60914146577555
-330.0,6.685614023870637e-05,227200.98515560362,299.38083956365546,0.0001768795146115418,0.06296399130255781,-0.0,0.4602614379084966,0.0,0.0,0.0,-0.0013333791167712463,34.59867283564709
-329.0,6.955138414224592e-05,227218.7385247662,299.4576020658576,0.00018397718256460473,0.06478786664962946,-0.0,0.47405228758169915,0.0,0.0,0.0,-0.0013476513886827158,35.572711894147204
-328.0,7.232056048680309e-05,227245.0965128219,299.5336771625226,0.00019127552551438342,0.06657667352443736,-0.0,0.4878431372549016,0.0,0.0,0.0,-0.0013623680786544231,36.53054323378605
-327.0,7.51622893644285e-05,227278.82030309446,299.60867748698746,0.00019877086569745014,0.06833579557005069,-0.0,0.5016601307189539,0.0,0.0,0.0,-0.0013775209151051775,37.47162022578581
-326.0,7.807515720149345e-05,227319.852583815,299.68267771371507,0.00020646010999482846,0.07006472504833254,-0.0,0.5155163398692809,0.0,0.0,0.0,-0.001393101812510574,38.39558379471948
-325.0,8.105771772199214e-05,227367.28825657954,299.7554397468784,0.0002143395295991086,0.07175918013388016,-0.0,0.5293725490196078,0.0,0.0,0.0,-0.0014091020845260539,39.30193624717889
-324.0,8.410849293989588e-05,227420.37849632744,299.8267984434887,0.0002224053476662993,0.07341994890294036,-0.0,0.5432287581699348,0.0,0.0,0.0,-0.0014255127926966784,40.1902026269718
-323.0,8.72259741802329e-05,227478.4399131428,299.8966214937742,0.00023065369215229987,0.07504432019742076,-0.0,0.5570588235294119,0.0,0.0,0.0,-0.0014423247689760224,41.059918316480704
-322.0,9.040862312852315e-05,227540.9240740774,299.96483482485,0.0002390806528350927,0.07663546679283235,-0.0,0.5708823529411764,0.0,0.0,0.0,-0.0014595286517198544,41.910643987366264
-321.0,9.36548729081379e-05,227607.73672858792,300.03153573279366,0.0002476825493709652,0.07819297029330378,-0.0,0.584705882352941,0.0,0.0,0.0,-0.0014771151180905605,42.74202887937352
-320.0,9.696312918510599e-05,227678.6705083343,300.0967751880158,0.00025645553907031323,0.07971169689339262,-0.0,0.5984967320261436,0.0,0.0,0.0,-0.0014950746768264643,43.553711041575916
-319.0,0.00010033177129982498,227752.06819478652,300.16006152946585,0.00026539448525364213,0.08118483451305455,-0.0,0.612156862745098,0.0,0.0,0.0,-0.001513396952692134,44.3450555188823
-318.0,0.0001037591534250684,227828.03831360975,300.22157918980275,0.0002744955088269785,0.08262825019864287,-0.0,0.6258169934640523,0.0,0.0,0.0,-0.0015320720773843368,45.11576756479436
-317.0,0.00010724360574962936,227907.10096953792,300.28165396803456,0.0002837550543068313,0.08403818843633243,-0.0,0.6394771241830067,0.0,0.0,0.0,-0.0015510903898545518,45.865650455929725
-316.0,0.0001107834356868597,227988.81769501543,300.34023760848777,0.00029316869699274456,0.08539241643959769,-0.0,0.6529607843137257,0.0,0.0,0.0,-0.0015704417941128322,46.59433210867191
-315.0,0.00011437692910729824,228070.92813477293,300.3966140470164,0.00030273015883798446,0.08670957059302761,-0.0,0.6663267973856211,0.0,0.0,0.0,-0.0015901149214041733,47.30107132155313
-314.0,0.00011802235159451732,228154.81843925783,300.4514364309355,0.00031243639566156636,0.0879972822066839,-0.0,0.6796928104575164,0.0,0.0,0.0,-0.0016101000292475251,47.985881976727065
-313.0,0.00012171794972322655,228241.17387538176,300.50507217355346,0.0003222837860893994,0.0892508218346113,-0.0,0.6930588235294117,0.0,0.0,0.0,-0.001630387198362862,48.64866047356783
-312.0,0.0001254619523586128,228328.17099209552,300.5569409533237,0.0003322661389929106,0.09042906914889721,-0.0,0.706032679738562,0.0,0.0,0.0,-0.00165096520095516,49.28878481832321
-311.0,0.00012925257197580483,228415.24894721975,300.60695435947963,0.00034237831647553437,0.09158557097885642,-0.0,0.7190065359477122,0.0,0.0,0.0,-0.0016718230411559849,49.90590532070336
-310.0,0.00013308800599828142,228503.9018196972,300.65577922128267,0.00035261733814148107,0.09271115687184861,-0.0,0.7319803921568625,0.0,0.0,0.0,-0.0016929508554816362,50.500137721884236
-309.0,0.00013696643815395328,228594.33270365818,300.7035785870115,0.00036297892381511297,0.09377732913430109,-0.0,0.7447450980392154,0.0,0.0,0.0,-0.0017143382915505978,51.07134128247023
-308.0,0.00014088603984757436,228683.5178058623,300.7493154451417,0.00037345500341617584,0.09478934408752256,-0.0,0.7571960784313725,0.0,0.0,0.0,-0.0017359730637269324,51.61866559007966
-307.0,0.0001448449715480537,228772.8540613245,300.79362004357137,0.0003840423588680555,0.09577828807566811,-0.0,0.7696470588235294,0.0,0.0,0.0,-0.0017578449127803293,52.142258106986304
-306.0,0.00014884138418915757,228863.69722478374,300.83708161029693,0.0003947378942189174,0.09673496121393052,-0.0,0.7820980392156862,0.0,0.0,0.0,-0.0017799438499902535,52.6422875560912
-305.0,0.00015287342058201684,228954.64459880593,300.8792453653665,0.00040553518439695815,0.09760354102027827,-0.0,0.7940261437908497,0.0,0.0,0.0,-0.0018022585005071398,53.11831179110968
-304.0,0.0001569392168377643,229043.84089187946,300.9195098958598,0.000416426970321822,0.09844550615896237,-0.0,0.8058235294117646,0.0,0.0,0.0,-0.0018247767959183399,53.56978986780596
-303.0,0.00016103690379855925,229133.41479586298,300.95875452047284,0.0004274110346395924,0.09926264934006636,-0.0,0.8176209150326796,0.0,0.0,0.0,-0.0018474889004329712,53.997125180309716
-302.0,0.00016516460847517647,229224.3716466589,300.9974151562591,0.000438483919599222,0.10002999690916481,-0.0,0.8292745098039215,0.0,0.0,0.0,-0.0018703846798301248,54.4004886596622
-301.0,0.0001693204554892618,229313.66561313672,301.0344162173869,0.0004496366086862807,0.10071749026202437,-0.0,0.8403529411764705,0.0,0.0,0.0,-0.0018934516434375756,54.77910841466158
-300.0,0.00017350256851829052,229402.0088041325,301.07010322774676,0.0004608650205089872,0.10139011947532303,-0.0,0.8514313725490197,0.0,0.0,0.0,-0.0019166790676186886,55.13311610970385
-299.0,0.00017770907174119107,229491.14464385287,301.10518534860006,0.0004721667050764854,0.1020347925153133,-0.0,0.8625098039215688,0.0,0.0,0.0,-0.001940057132946914,55.46291655422575
-298.0,0.000181938091282546,229580.7580355733,301.1395891203078,0.0004835363709272327,0.10259569364654766,-0.0,0.8730980392156864,0.0,0.0,0.0,-0.0019635750585166502,55.768442751642425
-297.0,0.00018618775665320893,229668.04658122212,301.17233033447184,0.0004949648232293494,0.10311467957245685,-0.0,0.8833594771241831,0.0,0.0,0.0,-0.001987220296122944,56.04903774041752
-296.0,0.0001904562021851402,229755.0140199783,301.20421744400403,0.0005064500437134129,0.10361504636998639,-0.0,0.8936209150326798,0.0,0.0,0.0,-0.0020109830828618615,56.30522953630626
-295.0,0.00019474156845820278,229843.0392413535,301.23580474471,0.0005179893266276971,0.10408534009125005,-0.0,0.9038823529411764,0.0,0.0,0.0,-0.0020348536662627235,56.53742012144898
-294.0,0.0001990420037166299,229929.6205153773,301.2661991159929,0.0005295737853976924,0.10443730244784935,-0.0,0.9131960784313724,0.0,0.0,0.0,-0.002058820002280549,56.74507716318861
-293.0,0.00020335566527283742,230014.19961458934,301.29525099693217,0.0005411974262421198,0.10478592801448666,-0.0,0.9225098039215684,0.0,0.0,0.0,-0.002082870869015471,56.92816019133569
-292.0,0.00020768072089623303,230098.8685806799,301.3237833246323,0.000552858766452399,0.10511373149332211,-0.0,0.9318235294117645,0.0,0.0,0.0,-0.002106996939723112,57.08730422851778
-291.0,0.00021201535018464617,230184.1000010879,301.35200073097536,0.0005645538297747486,0.10537229594855917,-0.0,0.9407450980392156,0.0,0.0,0.0,-0.0021311882209615928,57.22276529630374
-290.0,0.00021635774591600613,230266.98539403436,301.3788603612121,0.0005762726652511084,0.10556625557977395,-0.0,0.949078431372549,0.0,0.0,0.0,-0.002155432454911199,57.33397618984472
-289.0,0.00022070611537788507,230348.8573037846,301.40490292848386,0.0005880126609310743,0.1057505993006624,-0.0,0.9574117647058822,0.0,0.0,0.0,-0.002179719966628925,57.42144083549195
-288.0,0.00022505868167253188,230431.2899163628,301.4307421221078,0.0005997719076465998,0.1059109367644907,-0.0,0.9657450980392158,0.0,0.0,0.0,-0.0022040416219580978,57.48574323519504
-287.0,0.00022941368499504423,230513.07412024774,301.4559512494345,0.000611543490913139,0.10596132520125397,-0.0,0.9731895424836602,0.0,0.0,0.0,-0.0022283866904802396,57.52679097224948
-286.0,0.00023376938388234902,230592.24445910915,301.47984094505074,0.0006233188647441302,0.10599470657542648,-0.0,0.9804117647058823,0.0,0.0,0.0,-0.0022527436578758577,57.544319228133716
-285.0,0.0002381240564306961,230670.9649234151,301.50324800754504,0.0006350973868458266,0.10601535052291425,-0.0,0.9876339869281046,0.0,0.0,0.0,-0.0022771039229049495,57.53911070352581
-284.0,0.00024247600147942112,230750.34485722973,301.5266028588373,0.0006468766872809793,0.10598859428429921,-0.0,0.9946339869281046,0.0,0.0,0.0,-0.0023014585905582778,57.51170078558433
-283.0,0.00024682353975878863,230826.874683025,301.5486268706186,0.0006586451715492134,0.10580009280473233,-0.0,1.0007450980392159,0.0,0.0,0.0,-0.0023257956788013505,57.46148928497297
-282.0,0.0002511650149997841,230885.3257284082,301.56376085164817,0.0006703663234968782,0.10521531893336715,-0.0,1.0068562091503268,0.0,0.0,0.0,-0.002350093953449218,57.384983301203945
-281.0,0.0002554987950038119,230925.59365235872,301.5721178218318,0.000682033299980719,0.10481037004705962,-0.0,1.012967320261438,0.0,0.0,0.0,-0.002374341048133797,57.282487190807615
-280.0,0.0002598232726703317,230957.4153190475,301.5773962784086,0.0006936605667207786,0.10448913962367833,-0.0,1.0183529411764707,0.0,0.0,0.0,-0.0023985327016265738,57.15676468574911
-279.0,0.0002641368669805616,230985.9929439788,301.5815600572224,0.0007052542592085796,0.1041997298167042,-0.0,1.0232549019607844,0.0,0.0,0.0,-0.0024226628552045347,57.009457161148575
-278.0,0.00026843802393548594,231014.17579164967,301.5856741305612,0.0007168161626490627,0.10391345140893353,-0.0,1.028156862745098,0.0,0.0,0.0,-0.0024467245798023137,56.84162812318223
-277.0,0.0002727252174465062,231043.52050933868,301.59031085751775,0.0007283456573679429,0.10361444864035661,-0.0,1.0330588235294118,0.0,0.0,0.0,-0.0024707105205836136,56.65402786280602
-276.0,0.00027699695017720444,231074.86791989396,301.5957707460011,0.0007398407962110732,0.10329399133982056,-0.0,1.036686274509804,0.0,0.0,0.0,-0.0024946131439069342,56.44723723051699
-275.0,0.0002812517543348096,231108.65860072107,301.60220313775176,0.000751298904492569,0.10294733271511934,-0.0,1.040313725490196,0.0,0.0,0.0,-0.0025184248758852584,56.22174605662319
-274.0,0.0002854881924100948,231145.10685322533,301.6096726783884,0.0007627169166189638,0.10257197154182683,-0.0,1.0439411764705882,0.0,0.0,0.0,-0.0025421381813401462,55.9779961204638
-273.0,0.0002897048578645712,231184.2974253522,301.61819622685437,0.000774091566660409,0.10216668463779398,-0.0,1.0470718954248364,0.0,0.0,0.0,-0.0025657456097640695,55.71640477353273
-272.0,0.0002939003757639933,231226.23977910093,301.6277635237584,0.0007854194973294621,0.10173098404693406,-0.0,1.0494575163398692,0.0,0.0,0.0,-0.002589239822844154,55.437377926986805
-271.0,0.00029807340335734323,231270.8988357512,301.6383488642507,0.0007966973230158974,0.1012648100104493,-0.0,1.051843137254902,0.0,0.0,0.0,-0.002612613611550865,55.14131714509933
-270.0,0.00030222263060060824,231318.2125810787,301.6499177478934,0.0008079216667361744,0.10076835584408757,-0.0,1.0542287581699346,0.0,0.0,0.0,-0.0026358599072250463,54.828623445245945
-269.0,0.0003063467806248404,231368.10227035612,301.6624307012943,0.0008190891821466667,0.1002419671917178,-0.0,1.0555686274509803,0.0,0.0,0.0,-0.002658971789138693,54.49969924226676
-268.0,0.00031044461014812636,231420.47843247943,301.6758454971926,0.0008301965669296127,0.09968608354714856,-0.0,1.0566470588235293,0.0,0.0,0.0,-0.0026819424899227184,54.15494923877958
-267.0,0.000314514909831279,231475.24447094306,301.6901184574457,0.0008412405711497211,0.0991012039811245,-0.0,1.0577254901960782,0.0,0.0,0.0,-0.002704765399652532,53.79478071207725
-266.0,0.00031855650457720755,231532.29887975007,301.7052052291138,0.0008522180026486906,0.09848786683067703,-0.0,1.0585424836601307,0.0,0.0,0.0,-0.002727434069043877,53.419603453144205
-265.0,0.00032256825377410147,231591.53665512273,301.7210612556147,0.0008631257306738485,0.09784663749720734,-0.0,1.0583137254901962,0.0,0.0,0.0,-0.0027499422120199897,53.02982950401036
-264.0,0.0003265490514827042,231652.85023677725,301.7376420704164,0.0008739606884375769,0.09717810098243884,-0.0,1.0580849673202612,0.0,0.0,0.0,-0.002772283707802123,52.62587277794886
-263.0,0.00033049782656813454,231716.1301717675,301.75490348692773,0.0008847198750155939,0.09648285720714415,-0.0,1.0578562091503267,0.0,0.0,0.0,-0.0027944526026128518,52.20814861192085
-262.0,0.00033441354277684846,231781.26561316414,301.7728017273815,0.0008954003568242097,0.09576151797048507,-0.0,1.0568431372549016,0.0,0.0,0.0,-0.0028164431110456324,51.77707328056701
-261.0,0.0003382951987594999,231848.14471916616,301.791293515684,0.0009059992688182719,0.09501470487847548,-0.0,1.0553071895424835,0.0,0.0,0.0,-0.0028382496171330805,51.33306348944541
-260.0,0.00034214182804059786,231916.6549911067,301.81033614883864,0.000916513815493505,0.0942430478442643,-0.0,1.0537712418300653,0.0,0.0,0.0,-0.002859866675134584,50.876535858476636
-259.0,0.00034595249893600293,231986.68357291678,301.8298875554931,0.0009269412717425113,0.09344718392390655,-0.0,1.0522352941176472,0.0,0.0,0.0,-0.0028812890100567224,50.407906402612106
-258.0,0.00034972631441943723,232058.11752526116,301.84990634659476,0.0009372789835932056,0.09262775634635075,-0.0,1.049424836601307,0.0,0.0,0.0,-0.0029025115179162064,49.927590014411976
-257.0,0.00035346241193931585,232130.84408200876,301.87035186103225,0.0009475243688461526,0.09178541365303672,-0.0,1.0466143790849671,0.0,0.0,0.0,-0.0029235292657527746,49.435999951826886
-256.0,0.0003571599631873223,232204.75089341612,301.8911842078898,0.0009576749176199343,0.09092080889626698,-0.0,1.0438039215686274,0.0,0.0,0.0,-0.0029443374913984857,48.933547333635836
-255.0,0.00036081817382026634,232279.72625842583,301.9123643062021,0.0009677281928092384,0.0900345988660622,-0.0,1.0404836601307192,0.0,0.0,0.0,-0.002964931603009241,48.420640644468165
-254.0,0.00036443628313686735,232355.65934731282,301.9338539226514,0.0009776818304577531,0.08912744332757634,-0.0,1.0363986928104574,0.0,0.0,0.0,-0.0029853071783643536,47.89768525100243
-253.0,0.00036801356371119886,232432.44041521265,301.95561570739244,0.0009875335400464172,0.08820000425877464,-0.0,1.032313725490196,0.0,0.0,0.0,-0.00300545996394003,47.3650829307098
-252.0,0.00037154932098461843,232509.96100664898,301.9776132280354,0.0009972811046967038,0.08725294508278952,-0.0,1.0282287581699348,0.0,0.0,0.0,-0.0030253858737628505,46.82323141434655
-251.0,0.0003750428928180825,232588.11415094396,301.9998110017324,0.0010069223812881898,0.08628692989234953,-0.0,1.0231503267973854,0.0,0.0,0.0,-0.0030450809880496407,46.27252394327516
-250.0,0.0003784936490068123,232666.7945482626,302.022174525266,0.0010164553004894598,0.0853026226654693,-0.0,1.0178235294117648,0.0,0.0,0.0,-0.003064541551640444,45.71334884258958
-249.0,0.00038190099075933396,232745.8987459786,302.04467030301834,0.0010258778667014028,0.08430068647288697,-0.0,1.0124967320261438,0.0,0.0,0.0,-0.003083763972231604,45.146089110926084
-248.0,0.00038526435014296406,232825.3253050557,302.0672658727664,0.0010351881579119052,0.08328178267807473,-0.0,1.0069346405228758,0.0,0.0,0.0,-0.003102744818414613,44.57112202776015
-247.0,0.0003885831894978519,232904.97497082673,302.08992983143037,0.0010443843255194451,0.0822465699390564,-0.0,1.0004313725490197,0.0,0.0,0.0,-0.0031214808176257616,43.98881878167769
-246.0,0.0003918570008217094,232977.85847770135,302.1101151907272,0.0010534422371539026,0.08079349500544392,-0.0,0.9939281045751633,0.0,0.0,0.0,-0.0031399623614889413,43.398260234569086
-245.0,0.00039508530512738873,233039.1492137438,302.126097321561,0.001062344059447105,0.07945887038138535,-0.0,0.9874248366013072,0.0,0.0,0.0,-0.003158181116735257,42.79898944286952
-244.0,0.00039826765177546964,233093.12865819997,302.139478016452,0.001071101560873608,0.07817004115567867,-0.0,0.9802549019607842,0.0,0.0,0.0,-0.0031761374372283016,42.19224166378398
-243.0,0.00040140361778402174,233141.19747021177,302.1507934453382,0.0010797175222609688,0.07692808662476694,-0.0,0.9726405228758168,0.0,0.0,0.0,-0.0031938294793547404,41.57868541032314
-242.0,0.000404492807117699,233185.8184341719,302.16096019054396,0.0010881985325057674,0.07573630120477648,-0.0,0.9650261437908496,0.0,0.0,0.0,-0.0032112567603275383,40.95915239923713
-241.0,0.00040753484995830505,233228.68919882202,302.1706070229682,0.0010965489578759274,0.07457220896469918,-0.0,0.9574117647058822,0.0,0.0,0.0,-0.0032284184623118865,40.334306506510686
-240.0,0.0004105294019589481,233269.56991202693,302.1796509434006,0.0011047668418458373,0.07335561398344265,-0.0,0.948718954248366,0.0,0.0,0.0,-0.003245312190128485,39.704453896517
-239.0,0.00041347614348386647,233308.54663605956,302.18812906827054,0.0011128513852475506,0.07216992499130491,-0.0,0.9400261437908497,0.0,0.0,0.0,-0.0032619359644059324,39.06994814075994
-238.0,0.0004163747788359757,233346.67704868384,302.1964310560635,0.0011208052199568339,0.07100107371115189,-0.0,0.9313333333333336,0.0,0.0,0.0,-0.003278288936091183,38.43129191259601
-237.0,0.0004192250354741336,233384.4081340376,302.2047207996563,0.001128629035846993,0.06981443675339337,-0.0,0.922261437908497,0.0,0.0,0.0,-0.003294369885747626,37.78886711012815
-236.0,0.00042202666322208103,233420.85532975095,302.21267644894255,0.0011363189768567748,0.06860798232029623,-0.0,0.9126209150326798,0.0,0.0,0.0,-0.0033101764242952658,37.14282840284212
-235.0,0.0004247794334709475,233456.48438886643,302.2204701537061,0.0011438759058250397,0.06741884086931448,-0.0,0.9029803921568627,0.0,0.0,0.0,-0.003325707557240852,36.49354098544387
-234.0,0.00042748313837716334,233491.9105591197,302.22832681414275,0.0011513013210819084,0.06623892033680426,-0.0,0.8933398692810456,0.0,0.0,0.0,-0.003340962609240319,35.84137726941766
-233.0,0.00043013759005754545,233526.85895401187,302.23614553420106,0.001158593667438614,0.06501789873950944,-0.0,0.8829673202614379,0.0,0.0,0.0,-0.0033559401792860144,35.18655802740202
-232.0,0.00043274261978326297,233560.74746046876,302.2437149614833,0.0011657503127291162,0.06380453100483938,-0.0,0.8724117647058823,0.0,0.0,0.0,-0.0033706386231679036,34.52925111477587
-231.0,0.000435298077174312,233594.19083243184,302.25126026178873,0.0011727729358037657,0.06260433482488117,-0.0,0.8618562091503268,0.0,0.0,0.0,-0.003385057580791952,33.86979395300511
-230.0,0.0004378038293960609,233627.5663792334,302.25891856127714,0.0011796624617610438,0.06140113331370966,-0.0,0.8511437908496732,0.0,0.0,0.0,-0.0033991966033276072,33.20847265540322
-229.0,0.00044025976035934973,233660.24580773566,302.2664603233964,0.0011864162309383592,0.06016946892481156,-0.0,0.8398039215686273,0.0,0.0,0.0,-0.0034130543377559994,32.54541842782981
-228.0,0.0004426657699255473,233692.28797887682,302.2739077184484,0.0011930340886384414,0.05895406827510909,-0.0,0.8284640522875816,0.0,0.0,0.0,-0.003426630169880874,31.880852936814755
-227.0,0.0004450217731178973,233724.17954132415,302.28143807996224,0.0011995175049851494,0.05774873235873384,-0.0,0.8171241830065358,0.0,0.0,0.0,-0.0034399240248901793,31.215043931002445
-226.0,0.00044732769934040386,233755.9777933594,302.28907141793735,0.0012058664423887466,0.05652249444573875,-0.0,0.8053529411764703,0.0,0.0,0.0,-0.003452935506298131,30.54818717978676
-225.0,0.00044958349160542475,233787.04571454533,302.2965755150687,0.0012120783202206394,0.05529391556518946,-0.0,0.7932941176470586,0.0,0.0,0.0,-0.003465663570856985,29.88037887508644
-224.0,0.00045178910577107004,233817.79174626994,302.3040995072254,0.001218154451543464,0.05407817072901331,-0.0,0.7812352941176469,0.0,0.0,0.0,-0.0034781082922692077,29.211843102797136
-223.0,0.0004539445097894204,233848.57438068016,302.3117734522372,0.0012240960289427805,0.05287087754850394,-0.0,0.7691764705882352,0.0,0.0,0.0,-0.003490269792122792,28.54278325228118
-222.0,0.00045604968296650197,233879.3944690756,302.3195967136157,0.0012299029543361131,0.051655289078754094,-0.0,0.7568712241653417,0.0,0.0,0.0,-0.0035021479076078415,27.873346213647935
-221.0,0.0004581046152348881,233910.2903992535,302.32758250225646,0.0012355753001625938,0.05044809130336675,-0.0,0.7445659777424483,0.0,0.0,0.0,-0.0035137425706276886,27.203673649597654
-220.0,0.0004601093064397125,233941.48170713862,302.3358098063375,0.0012411138584453008,0.0492467879430058,-0.0,0.7322607313195547,0.0,0.0,0.0,-0.0035250539624378805,26.53391792243298
-219.0,0.0004620637656388199,233973.02568916077,302.3442982940806,0.0012465188413848182,0.0480348761945543,-0.0,0.7197156862745097,0.0,0.0,0.0,-0.0035360821596179073,25.86420171661383
-218.0,0.00046396801041769827,234004.16028907654,302.35277000844155,0.0012517873411389327,0.04680059247733593,-0.0,0.7066111111111111,0.0,0.0,0.0,-0.0035468264234834786,25.194549821872986
-217.0,0.0004658220662197814,234034.9323915961,302.3612424101664,0.0012569195366377312,0.04558097229177176,-0.0,0.6935065359477124,0.0,0.0,0.0,-0.0035572868652005546,24.525071749031948
-216.0,0.0004676259656926399,234065.70093246276,302.3698461103205,0.0012619168387850918,0.04437190118176335,-0.0,0.6804019607843138,0.0,0.0,0.0,-0.00356746397468129,23.855899664006415
-215.0,0.0004693797480505141,234096.54233584285,302.37860850415694,0.001266779603185991,0.04315485607237623,-0.0,0.6670228758169935,0.0,0.0,0.0,-0.0035773580009368536,23.187125234268155
-214.0,0.0004710834584535952,234127.25946864169,302.3874577202394,0.0012715071394554394,0.0419426449873091,-0.0,0.6535261437908495,0.0,0.0,0.0,-0.0035869689354397507,22.51880477073173
-213.0,0.0004727371474043919,234158.1126526143,302.3964883234249,0.001276100549366675,0.04074014650688362,-0.0,0.6400294117647056,0.0,0.0,0.0,-0.0035962972777697903,21.851031590140717
-212.0,0.00047434087016147485,234189.31402002188,302.40577703441653,0.0012805607741273226,0.03954378903992012,-0.0,0.6265098039215682,0.0,0.0,0.0,-0.003605343516057266,21.183883955421265
-211.0,0.00047589468617084105,234220.81222217082,302.4153046950272,0.001284887740482568,0.038342964333678384,-0.0,0.61278431372549,0.0,0.0,0.0,-0.0036141078897800757,20.51740714662421
-210.0,0.0004773986585150909,234252.65084838084,302.42508685518794,0.0012890817560317215,0.037150567399949576,-0.0,0.5990588235294115,0.0,0.0,0.0,-0.0036225907543919666,19.851647838211527
-209.0,0.0004788528533805691,234285.00888205945,302.43518821668414,0.0012931436748779292,0.03596501332728501,-0.0,0.5853333333333332,0.0,0.0,0.0,-0.0036307926292168204,19.186656295033607
-208.0,0.00048025733954258024,234317.99742235662,302.44564871172344,0.0012970740966579022,0.034781543914649396,-0.0,0.5715424836601307,0.0,0.0,0.0,-0.003638713981234467,18.522468617471045
-207.0,0.0004816121878687535,234351.58578275825,302.45645683921134,0.0013008730656444332,0.033600999873601226,-0.0,0.5576862745098041,0.0,0.0,0.0,-0.0036463551380064084,17.859102321469393
-206.0,0.0004829174708405939,234385.89034868334,302.4676546356256,0.0013045412148727795,0.032426653310214625,-0.0,0.5438300653594773,0.0,0.0,0.0,-0.003653716590216583,17.196579788407238
-205.0,0.0004841732620932304,234421.02907831073,302.47928469885665,0.0013080791904685482,0.03125782152574267,-0.0,0.5299738562091507,0.0,0.0,0.0,-0.0036607988383223727,16.53491615762686
-204.0,0.00048537963597334113,234457.12478597937,302.4913914033023,0.0013114876631246091,0.03009556758890194,-0.0,0.5161470588235297,0.0,0.0,0.0,-0.0036676023926764303,15.87411977129281
-203.0,0.00048653666711521054,234494.28818017372,302.5040147502616,0.0013147672584114816,0.028937867499099896,-0.0,0.5023235294117652,0.0,0.0,0.0,-0.003674127752596108,15.214191249406745
-202.0,0.0004876444300348518,234532.59441402712,302.51718190598706,0.0013179184598652739,0.02778447613824615,-0.0,0.48850000000000054,0.0,0.0,0.0,-0.003680375377337476,14.55512244847917
-201.0,0.0004887029987421093,234572.12684435854,302.5309231183888,0.0013209417826523131,0.026636968231204268,-0.0,0.4747058823529417,0.0,0.0,0.0,-0.0036863457295097145,13.896899795952265
-200.0,0.0004897124463706372,234613.04933185113,302.5452979101422,0.001323838065508416,0.02549668975096144,-0.0,0.4609803921568628,0.0,0.0,0.0,-0.003692039351367614,13.239508492921283
-199.0,0.0004906728448256359,234655.44920802928,302.560338099711,0.0013266078354471085,0.02435975887838938,-0.0,0.44725490196078416,0.0,0.0,0.0,-0.003697456694453098,12.582923199720407
-198.0,0.0004915842644492211,234699.38109271077,302.5760637847894,0.0013292514811366386,0.023226540768382063,-0.0,0.43352941176470533,0.0,0.0,0.0,-0.0037025981620527407,11.927111573413715
-197.0,0.0004924467737032823,234744.98992050617,302.592527954707,0.001331769751469229,0.022105076266577543,-0.0,0.4199640522875811,0.0,0.0,0.0,-0.0037074642392762075,11.272040865694215
-196.0,0.0004932604388696894,234792.53179377792,302.6098239063036,0.001334163843026076,0.020988892568408305,-0.0,0.4064673202614374,0.0,0.0,0.0,-0.003712055517221664,10.617677831755698
-195.0,0.0004940253237676938,234842.0395503246,302.62796412517827,0.0013364340356170218,0.019875018842837763,-0.0,0.39297058823529374,0.0,0.0,0.0,-0.0037163723282299514,9.963973218042849
-194.0,0.0004947414894883732,234893.55597957023,302.64696493604686,0.0013385806376748366,0.018766019031422682,-0.0,0.37951307189542455,0.0,0.0,0.0,-0.0037204149922067634,9.310874351720505
-193.0,0.000495408994145964,234947.41482840705,302.666948157398,0.00134060513718197,0.017675087565797113,-0.0,0.3664084967320259,0.0,0.0,0.0,-0.003724184120900724,8.658335578274421
-192.0,0.0004960278926459284,235003.80117723832,302.6879817722483,0.0013425084053361226,0.01658378051137079,-0.0,0.35330392156862733,0.0,0.0,0.0,-0.0037276801441630553,8.006299453337654
-191.0,0.0004965982364696048,235062.69246648668,302.7100588415165,0.0013442904482062772,0.015493175600943702,-0.0,0.3401993464052287,0.0,0.0,0.0,-0.0037309032386894795,7.354697188999715
-190.0,0.0004971200734752936,235124.1642380013,302.73320822425006,0.0013459516576758083,0.014414217664645781,-0.0,0.3273398692810458,0.0,0.0,0.0,-0.0037338536561691196,6.7034604719009225
-189.0,0.000497593447715639,235188.61955594653,302.75757733974103,0.0013474937573853946,0.013343025276036667,-0.0,0.31472549019607854,0.0,0.0,0.0,-0.0037365319742736743,6.052526215413491
-188.0,0.0004980183992711689,235256.0255720628,302.7831561374547,0.0013489166634905942,0.012268830264325176,-0.0,0.30211111111111133,0.0,0.0,0.0,-0.0037389382669929115,5.401814698360901
-187.0,0.0004983949640998683,235326.2938912712,302.80991490009455,0.0013502200429497935,0.011191984784851922,-0.0,0.28949673202614407,0.0,0.0,0.0,-0.003741072511316592,4.751243499339274
-186.0,0.0004987231739026683,235399.58425549127,302.83791388723984,0.0013514045650803437,0.010129369412895996,-0.0,0.27741176470588275,0.0,0.0,0.0,-0.003742934916909395,4.100733759660193
-185.0,0.000499003056004742,235475.99674346513,302.8671920284191,0.0013524706345578498,0.009057883253750088,-0.0,0.2653856209150331,0.0,0.0,0.0,-0.0037445255931941278,3.4502024403690696
-184.0,0.0004992346332525129,235555.21870579803,302.8976397291191,0.001353416931973568,0.007972898279319228,-0.0,0.25335947712418344,0.0,0.0,0.0,-0.0037458441624337252,2.7995591553047996
-183.0,0.0004994179239262894,235636.8713894445,302.9291242067756,0.0013542418414715885,0.006874935395263582,-0.0,0.2415392156862749,0.0,0.0,0.0,-0.0037468901346512213,2.1487152417565154
-182.0,0.0004995529416684556,235720.63435466905,302.9615343439061,0.0013549439656236233,0.005755960547061098,-0.0,0.2301993464052289,0.0,0.0,0.0,-0.0037476630442870307,1.4975856625589674
-181.0,0.0004996396954271571,235805.44948393875,302.994494017929,0.001355518838359953,0.004579420230602278,-0.0,0.21885947712418283,0.0,0.0,0.0,-0.0037481615867874358,0.8460855423832935
-180.0,0.0004996781894154401,235889.25654787698,303.0272676123091,0.001355957832571758,0.0032975559873933747,-0.0,0.2075196078431368,0.0,0.0,0.0,-0.0037483833337996035,0.19414034920988235
-179.0,0.0004996684230858101,235967.63004364521,303.0582704130821,0.0013562425332325843,0.0017496295196678298,-0.0,0.1967516339869277,0.0,0.0,0.0,-0.003748323262324934,-0.45829739926698326
-178.0,0.0004996103911201929,236017.17793229714,303.0790202849781,0.0013562765288425813,-0.0010253059739937064,-0.0,0.18622875816993428,0.0,0.0,0.0,-0.0037479583558399135,-1.1111370573373354
-177.0,0.0004995040834352997,236051.35101371974,303.0941561580238,0.0013561162677257126,-0.001802215264928703,-0.0,0.17570588235294088,0.0,0.0,0.0,-0.0037473098603342516,-1.7643043984925983
-176.0,0.0004993494852034024,236099.42440172078,303.1143239198514,0.0013558820572856622,-0.00239818873956608,-0.0,0.16527450980392136,0.0,0.0,0.0,-0.0037464055963658963,-2.418035684829567
-175.0,0.0004991465768885519,236164.33849288037,303.1406057522372,0.0013555857370833539,-0.0029237627865184596,-0.0,0.1556666666666665,0.0,0.0,0.0,-0.0037452476532044976,-3.0725481073956424
-174.0,0.0004988953342982753,236247.99464074348,303.1736989359241,0.0013552348278367827,-0.003381543207447003,-0.0,0.14605882352941166,0.0,0.0,0.0,-0.003743837226873416,-3.7280744007696662
-173.0,0.0004985957286508095,236352.28955838064,303.2142971769061,0.0013548367521180734,-0.003772549339216626,-0.0,0.1364509803921568,0.0,0.0,0.0,-0.003742175414801013,-4.38486751018385
-172.0,0.0004982477266579416,236479.06215336913,303.26307060190265,0.0013543986086315349,-0.004109589538960564,-0.0,0.1273169934640523,0.0,0.0,0.0,-0.0037402631613054045,-5.04319926224715
-171.0,0.0004978512906235314,236629.6974218045,303.32051945631656,0.0013539255514352956,-0.004394299287656814,-0.0,0.11865686274509811,0.0,0.0,0.0,-0.0037381009453666078,-5.703349890699262
-170.0,0.0004974063785578215,236806.0673007292,303.3873204409681,0.0013534246174599226,-0.004610957753097937,-0.0,0.10999673202614392,0.0,0.0,0.0,-0.0037356894842856987,-6.365626900416617
-169.0,0.0004969129443076297,237010.23326236405,303.4642163716906,0.0013529034994491493,-0.004756833383804096,-0.0,0.10133660130718972,0.0,0.0,0.0,-0.0037330294820337845,-7.030362888711259
-168.0,0.000496370937702552,237243.77508231628,303.5517686153358,0.0013523678086211374,-0.004878249553661289,-0.0,0.09364705882352961,0.0,0.0,0.0,-0.0037301211133516483,-7.697896291098701
-167.0,0.0004957803047172979,237507.9913782194,303.6504308303703,0.0013518218911310405,-0.004936762107467708,-0.0,0.08606535947712443,0.0,0.0,0.0,-0.003726964172993125,-8.368571627818598
-166.0,0.0004951409876502985,237805.01730293286,303.7609591639233,0.001351273348695337,-0.004925111305559743,-0.0,0.07848366013071927,0.0,0.0,0.0,-0.0037235588663949637,-9.042777961382269
-165.0,0.0004944529253187341,238137.01684105623,303.88411414147225,0.0013507297419158735,-0.004863501159864399,-0.0,0.0712352941176473,0.0,0.0,0.0,-0.003719905182639263,-9.72092748285604
-164.0,0.0004937160532701317,238504.80559923613,304.02015543586117,0.001350193030298891,-0.004786354542165808,-0.0,0.06476470588235302,0.0,0.0,0.0,-0.0037160019345138244,-10.403395737909849
-163.0,0.0004929303040106937,238910.07865588192,304.1696590862902,0.0013496685730124364,-0.004642636527633399,-0.0,0.05829411764705874,0.0,0.0,0.0,-0.003711848317273622,-11.09060604750368
-162.0,0.0004920956072505208,239355.10295892207,304.33340270984985,0.0013491638521048303,-0.004430530278949201,-0.0,0.051823529411764456,0.0,0.0,0.0,-0.003707443628524264,-11.783026540893138
-161.0,0.0004912118901658921,239841.58762934426,304.5119512442039,0.0013486839162486853,-0.004225094054419743,-0.0,0.046199346405228534,0.0,0.0,0.0,-0.0037027864886433246,-12.481119266049364
-160.0,0.0004902790776787732,240369.55300367565,304.7052457122379,0.0013482268832836013,-0.003991545386159033,-0.0,0.040937908496731845,0.0,0.0,0.0,-0.0036978741858950757,-13.18527017771309
-159.0,0.0004892970927537144,240941.12895174435,304.9139889475917,0.001347799140896715,-0.0036976544651081177,-0.0,0.03567647058823514,0.0,0.0,0.0,-0.0036927050605217618,-13.895984235208635
-158.0,0.00048826585671230536,241558.58327137053,305.1389230639047,0.0013474074032338434,-0.0033553822562566145,-0.0,0.030535947712418212,0.0,0.0,0.0,-0.003687277161830327,-14.613795666171338
-157.0,0.00048718528956534263,242222.00189860174,305.37998779492244,0.001347049511904915,-0.0030774580455694787,-0.0,0.02648366013071889,0.0,0.0,0.0,-0.00368158696392782,-15.339122846548479
-156.0,0.0004860553103628613,242932.01297740938,305.6373125755842,0.0013467253062130807,-0.0027499117910548977,-0.0,0.022431372549019567,0.0,0.0,0.0,-0.0036756310161405363,-16.07241743896909
-155.0,0.00048487583756217604,243690.7249315694,305.9115527953069,0.0013464402771367658,-0.0023719653972709555,-0.0,0.01837908496732025,0.0,0.0,0.0,-0.003669406328622876,-16.814236516253228
-154.0,0.00048364678941405725,244499.72648804725,306.20316370889765,0.0013461976287233324,-0.002029099836834797,-0.0,0.014964052287581709,0.0,0.0,0.0,-0.003662909251770817,-17.565119630108537
-153.0,0.0004823680843671639,245357.52450041336,306.5114823408958,0.001345988303587691,-0.001732758991544247,-0.0,0.012186274509803946,0.0,0.0,0.0,-0.0036561344583661646,-18.325389802288132
-152.0,0.00048103964149082964,246265.38267191203,306.836831689429,0.001345813909730051,-0.0014002756245583713,-0.0,0.009408496732026185,0.0,0.0,0.0,-0.003649077700681319,-19.09556202069971
-151.0,0.0004796613809162824,247225.23168821147,307.1797618319834,0.0013456784244091696,-0.0010312564603796156,-0.0,0.006630718954248427,0.0,0.0,0.0,-0.0036417346384334612,-19.876214136269294
-150.0,0.0004782332242963593,248236.70198607206,307.539989960611,0.0013455766911342614,-0.0008113296493761926,-0.0,0.005000000000000043,0.0,0.0,0.0,-0.003634099769703461,-20.667748997564143
-149.0,0.00047675509528374393,249298.16294266802,307.91678099922154,0.0013454985937857485,-0.0005910509054095225,-0.0,0.003496732026143843,0.0,0.0,0.0,-0.0036261671360802417,-21.470450633765484
-148.0,0.00047522692002773643,250411.15040724757,308.31052125027907,0.0013454460974302274,-0.0003504939930306644,-0.0,0.0019934640522876433,0.0,0.0,0.0,-0.0036179316630852868,-22.284859692012414
-147.0,0.000473648627689527,251577.04787712565,308.72153069047874,0.0013454203501064468,-0.00015757540660341833,-0.0,0.0008627450980392255,0.0,0.0,0.0,-0.003609387896031258,-23.111513475724603
-146.0,0.0004720201509759116,252792.7405667125,309.14853669477145,0.0013454052334400024,-0.00011393223677606823,-0.0,0.000601307189542487,0.0,0.0,0.0,-0.003600529317570447,-23.9505315332365
-145.0,0.0004703414266913553,254057.88188008734,309.5912457866241,0.0013453951642243217,-6.671856909384093e-05,-0.0,0.0003398692810457482,0.0,0.0,0.0,-0.00359135017302048,-24.80225974051429
-144.0,0.000468612396308259,255373.7425635974,310.0499257691171,0.001345390532132421,-1.5932930671047202e-05,-0.0,7.843137254900964e-05,0.0,0.0,0.0,-0.0035818448388367456,-25.667193853533202
-143.0,0.00046683300655525324,256741.29554207844,310.52472992346617,0.0013453904027767606,-0.0,-0.0,0.0,0.0,0.0,0.0,-0.0035720074211221782,-26.545804209241812
-142.0,0.0004650032100232817,258160.6380947123,311.01549884458234,0.0013453904027389218,-0.0,-0.0,0.0,0.0,0.0,0.0,-0.0035618318335306908,-27.438469397945987
-141.0,0.0004631229657892031,259633.05094779842,311.5224762074138,0.0013453904027388738,-0.0,-0.0,0.0,0.0,0.0,0.0,-0.003551311889359026,-28.345687749825917
-140.0,0.0004611922400565689,261159.90943016898,312.04592672276857,0.0013453904027388352,-0.0,-0.0,0.0,0.0,0.0,0.0,-0.003540441154421879,-29.267971717602855
-139.0,0.00045921100681319265,262742.65146389,312.58612430710633,0.001345390402738796,-0.0,-0.0,0.0,0.0,0.0,0.0,-0.003529212935959447,-30.205844837544653
-138.0,0.0004571792485050578,264382.7801458259,313.1433522739258,0.0013453904027387557,-0.0,-0.0,0.0,0.0,0.0,0.0,-0.0035176202738527694,-31.159842168538475
-137.0,0.00045509695672605254,266081.8664841683,313.71790353624766,0.0013453904027387143,-0.0,-0.0,0.0,0.0,0.0,0.0,-0.0035056559313451996,-32.13051074856928
-136.0,0.00045296413292295247,267841.552288041,314.31008081686093,0.001345390402738672,-0.0,-0.0,0.0,0.0,0.0,0.0,-0.0034933123852419652,-33.118410068623184
-135.0,0.00045078078911500453,269663.5532190384,314.9201968666123,0.0013453904027386284,-0.0,-0.0,0.0,0.0,0.0,0.0,-0.003480581815556147,-34.12411256515082
-134.0,0.00044854694862739606,271549.662014176,315.5485746910381,0.0013453904027385837,-0.0,-0.0,0.0,0.0,0.0,0.0,-0.003467456094567103,-35.148204132295945
-133.0,0.00044626264683781725,273501.7518903821,316.19554778565714,0.001345390402738538,-0.0,-0.0,0.0,0.0,0.0,0.0,-0.003453926775254832,-36.19128465516616
-132.0,0.0004439279319352542,275521.78014136327,316.8614603802623,0.0013453904027384907,-0.0,-0.0,0.0,0.0,0.0,0.0,-0.0034399850790711546,-37.25396856549705
-131.0,0.00044154286569006603,277611.791938436,317.5466676925699,0.0013453904027384423,-0.0,-0.0,0.0,0.0,0.0,0.0,-0.0034256218830056575,-38.33688542114184
-130.0,0.0004391075242343312,279773.9243477194,318.25153619160824,0.0013453904027383925,-0.0,-0.0,0.0,0.0,0.0,0.0,-0.0034108277059012883,-39.440680510898616
-129.0,0.00043662199885135947,282010.4105769672,318.97644387125075,0.0013453904027383413,-0.0,-0.0,0.0,0.0,0.0,0.0,-0.003395592693971116,-40.56601548627617
-128.0,0.0004340863967731913,284323.5844662447,319.72178053432134,0.0013453904027382886,-0.0,-0.0,0.0,0.0,0.0,0.0,-0.0033799066054642306,-41.713569021887004
-127.0,0.000431500841984822,286715.88523767696,320.48794808772925,0.0013453904027382344,-0.0,-0.0,0.0,0.0,0.0,0.0,-0.0033637587944248593,-42.88403750625232
-126.0,0.00042886547603381307,289189.8625205699,321.2753608491139,0.0013453904027381787,-0.0,-0.0,0.0,0.0,0.0,0.0,-0.003347138193484643,-44.078135764899244
-125.0,0.0004261804588438646,291748.18166938605,322.08444586551144,0.0013453904027381212,-0.0,-0.0,0.0,0.0,0.0,0.0,-0.0033300332956235027,-45.29659781773429
-124.0,0.0004234459695308521,294393.6293933117,322.9156432445831,0.001345390402738062,-0.0,-0.0,0.0,0.0,0.0,0.0,-0.003312432134829748,-46.54017767278167
-123.0,0.0004206622072197467,297129.11971751344,323.76940649897745,0.001345390402738001,-0.0,-0.0,0.0,0.0,0.0,0.0,-0.003294322265584813,-47.809650158485276
-122.0,0.0004178293918607664,299957.70029764797,324.64620290443014,0.0013453904027379382,-0.0,-0.0,0.0,0.0,0.0,0.0,-0.0032756907410924456,-49.10581179688764
-121.0,0.00041494776504302896,302882.5591107701,325.5465138722408,0.0013453904027378733,-0.0,-0.0,0.0,0.0,0.0,0.0,-0.0032565240901660905,-50.42948172011633
-120.0,0.00041201759080390844,305907.0315474907,326.4708353367992,0.0013453904027378063,-0.0,-0.0,0.0,0.0,0.0,0.0,-0.0032368082926816605,-51.781502632732526
-119.0,0.000409039156432234,309034.6079320772,327.4196781588728,0.0013453904027377374,-0.0,-0.0,0.0,0.0,0.0,0.0,-0.0032165287534958713,-53.16274182262093
-118.0,0.00040601277326339876,312268.94149918534,328.3935685454044,0.001345390402737666,-0.0,-0.0,0.0,0.0,0.0,0.0,-0.0031956702747226234,-54.574092223234125
-117.0,0.00040293877746439715,315613.8568580568,329.39304848660913,0.0013453904027375923,-0.0,-0.0,0.0,0.0,0.0,0.0,-0.003174217026251748,-56.01647353013781
-116.0,0.00039981753080675213,319073.35897734755,330.4186762112012,0.0013453904027375162,-0.0,-0.0,0.0,0.0,0.0,0.0,-0.0031521525143854904,-57.49083337494435
-115.0,0.0003966494214252478,322651.64272626606,331.47102666062386,0.0013453904027374375,-0.0,-0.0,0.0,0.0,0.0,0.0,-0.003129459548458423,-58.99814855986667
-114.0,0.0003934348645603449,326353.1030104262,332.5506919832005,0.001345390402737356,-0.0,-0.0,0.0,0.0,0.0,0.0,-0.003106120205296149,-60.53942635627277
-113.0,0.00039017430328211754,330182.3455437697,333.658282049171,0.0013453904027372718,-0.0,-0.0,0.0,0.0,0.0,0.0,-0.003082115791356778,-62.11570587077597
-112.0,0.00038686820919353284,334144.1983011008,334.7944249876229,0.0013453904027371847,-0.0,-0.0,0.0,0.0,0.0,0.0,-0.0030574268023869744,-63.728059482551274
-111.0,0.0003835170831108695,338243.72369924636,335.9597677463786,0.0013453904027370942,-0.0,-0.0,0.0,0.0,0.0,0.0,-0.003032032880411096,-65.37759435573349
-110.0,0.00038012145571906413,342486.2315586026,337.1549766759468,0.0013453904027370008,-0.0,-0.0,0.0,0.0,0.0,0.0,-0.0030059127678576133,-67.06545403091705
-109.0,0.00037668188819977666,346877.2929009004,338.38073813869966,0.0013453904027369038,-0.0,-0.0,0.0,0.0,0.0,0.0,-0.002979044258611339,-68.79282009994864
-108.0,0.0003731989728299712,351422.75464344205,339.63775914448894,0.0013453904027368032,-0.0,-0.0,0.0,0.0,0.0,0.0,-0.0029514041457631536,-70.56091396837867
-107.0,0.000369673333548826,356128.75525485806,340.92676801396726,0.0013453904027366992,-0.0,-0.0,0.0,0.0,0.0,0.0,-0.002922968165810499,-72.37099871011573
-106.0,0.00036610562649081954,361001.74144263973,342.2485150709368,0.001345390402736591,-0.0,-0.0,0.0,0.0,0.0,0.0,-0.002893710939041933,-74.2243810190085
-105.0,0.0003624965404828704,366048.48594837,343.6037733651012,0.0013453904027364788,-0.0,-0.0,0.0,0.0,0.0,0.0,-0.0028636059058174002,-76.12241326226511
-104.0,0.0003588467975034604,371276.10653272766,344.99333942665487,0.0013453904027363622,-0.0,-0.0,0.0,0.0,0.0,0.0,-0.002832625258432186,-78.06649564080556
-103.0,0.00035515715310172774,376692.0862390358,346.41803405419756,0.0013453904027362412,-0.0,-0.0,0.0,0.0,0.0,0.0,-0.0028007398682269626,-80.05807846182978
-102.0,0.00035142839677458404,382304.29503141093,347.87870313752245,0.0013453904027361156,-0.0,-0.0,0.0,0.0,0.0,0.0,-0.0027679192075782096,-82.09866452907178
-101.0,0.0003476613522999869,388121.0129115036,349.3762185168796,0.0013453904027359849,-0.0,-0.0,0.0,0.0,0.0,0.0,-0.0027341312663730455,-84.18981165639778
-100.0,0.0003438568780245862,394150.9546264606,350.91147888037597,0.001345390402735849,-0.0,-0.0,0.0,0.0,0.0,0.0,-0.002699342462539132,-86.33313531058829
-99.0,0.0003400158671040629,400403.2960901482,352.48541070122775,0.0013453904027357075,-0.0,-0.0,0.0,0.0,0.0,0.0,-0.0026635175461642477,-88.53031138932413
-98.0,0.0003361392476945803,406887.7026499464,354.09896921663574,0.0013453904027355603,-0.0,-0.0,0.0,0.0,0.0,0.0,-0.002626619496700638,-90.78307914056755
-97.0,0.0003322279830938863,413614.3593426127,355.75313945010856,0.0013453904027354072,-0.0,-0.0,0.0,0.0,0.0,0.0,-0.0025886094127061396,-93.09324422969227
-96.0,0.0003282830718307278,420594.0032949273,357.44893727911005,0.0013453904027352478,-0.0,-0.0,0.0,0.0,0.0,0.0,-0.002549446393527088,-95.46268196086218
-95.0,0.00032430554770136846,427837.9584381601,359.1874105499537,0.0013453904027350817,-0.0,-0.0,0.0,0.0,0.0,0.0,-0.002509087412276631,-97.8933406592892
-94.0,0.0003202964797521405,435358.1727199607,360.9696402419151,0.0013453904027349087,-0.0,-0.0,0.0,0.0,0.0,0.0,-0.002467487179405933,-100.38724522110638
-93.0,0.000316256972207104,443167.2580131708,362.7967416825707,0.0013453904027347283,-0.0,-0.0,0.0,0.0,0.0,0.0,-0.002424597996104391,-102.94650083766935
-92.0,0.00031218816434004106,451278.5329384348,364.66986581640816,0.0013453904027345403,-0.0,-0.0,0.0,0.0,0.0,0.0,-0.0023803695966978593,-105.57329690113647
-91.0,0.0003080912302901619,459706.06883648876,366.59020052878134,0.0013453904027343443,-0.0,-0.0,0.0,0.0,0.0,0.0,-0.0023347489791404104,-108.26991109817367
-90.0,0.0003039673788210675,468464.73914677126,368.55897202730205,0.00134539040273414,-0.0,-0.0,0.0,0.0,0.0,0.0,-0.0022876802226148474,-111.03871369856282
-89.0,0.00029981785302266457,477570.27247174806,370.57744628277266,0.0013453904027339268,-0.0,-0.0,0.0,0.0,0.0,0.0,-0.002239104291169118,-113.8821720453635
-88.0,0.0002956439299559081,487039.3096311857,372.6469305317605,0.0013453904027337042,-0.0,-0.0,0.0,0.0,0.0,0.0,-0.002188958822219402,-116.80285525305446
-87.0,0.00029144692024039636,496889.465037869,374.76877484290145,0.001345390402733472,-0.0,-0.0,0.0,0.0,0.0,0.0,-0.0021371778986451124,-119.80343911977019
-86.0,0.0002872281675850277,507139.3927560251,376.944373748986,0.0013453904027332295,-0.0,-0.0,0.0,0.0,0.0,0.0,-0.00208369180308526,-122.88671125929604
-85.0,0.0002829890482620765,517808.85763640364,379.1751679468333,0.0013453904027329764,-0.0,-0.0,0.0,0.0,0.0,0.0,-0.002028426752918881,-126.05557645790736
-84.0,0.0002787309705252279,528918.811957676,381.4626460668804,0.0013453904027327123,-0.0,-0.0,0.0,0.0,0.0,0.0,-0.001971304614273193,-129.3130622603634
-83.0,0.00027445537397225795,540491.4780430245,383.8083465143181,0.0013453904027324363,-0.0,-0.0,0.0,0.0,0.0,0.0,-0.0019122425932506756,-132.66232478840203
-82.0,0.00027016372885321793,552550.4373636814,386.21385938346805,0.0013453904027321483,-0.0,-0.0,0.0,0.0,0.0,0.0,-0.00185115290239925,-136.1066547938515
-81.0,0.0002658575353251246,565120.7266882153,388.680828446931,0.0013453904027318476,-0.0,-0.0,0.0,0.0,0.0,0.0,-0.0017879424002663431,-139.64948394696157
-80.0,0.0002615383226543198,578228.9418878767,391.2109532208223,0.0013453904027315336,-0.0,-0.0,0.0,0.0,0.0,0.0,-0.0017225122016767936,-143.29439135868552
-79.0,0.0002572076483677959,591903.350064766,393.8059911071511,0.0013453904027312055,-0.0,-0.0,0.0,0.0,0.0,0.0,-0.001654757256154175,-147.04511033336448
-78.0,0.0002528670973549309,606174.0107314147,396.4677596140795,0.0013453904027308631,-0.0,-0.0,0.0,0.0,0.0,0.0,-0.0015845658916636104,-150.90553534549144
-77.0,0.0002485182809212005,621072.9068380952,399.1981386544139,0.0013453904027305055,-0.0,-0.0,0.0,0.0,0.0,0.0,-0.0015118193205894475,-154.87972923088753
-76.0,0.00024416283579555925,636634.0865183307,401.9990729222138,0.0013453904027301324,-0.0,-0.0,0.0,0.0,0.0,0.0,-0.001436391104571178,-158.97193057859624
-75.0,0.00023980242309329993,652893.8165041945,404.87257434684966,0.001345390402729743,-0.0,-0.0,0.0,0.0,0.0,0.0,-0.0013581465745033815,-163.1865613049716
-74.0,0.00023543872723630127,669890.7482517771,407.820724623182,0.0013453904027293363,-0.0,-0.0,0.0,0.0,0.0,0.0,-0.0012769422016578717,-167.528234385676
-73.0,0.00023107345483267151,687666.0979141954,410.84567781574987,0.0013453904027289122,-0.0,-0.0,0.0,0.0,0.0,0.0,-0.0011926249155060726,-172.00176171442803
-72.0,0.00022670833351788448,706263.8414054782,413.9496630339343,0.00134539040272847,-0.0,-0.0,0.0,0.0,0.0,0.0,-0.001105031363404219,-176.61216204917622
-71.0,0.00022234511075957923,725730.9259142576,417.1349871739744,0.0013453904027280093,-0.0,-0.0,0.0,0.0,0.0,0.0,-0.001013987106850493,-181.36466899668125
-70.0,0.0002179855526282579,746117.4993521698,420.40403772243724,0.0013453904027275292,-0.0,-0.0,0.0,0.0,0.0,0.0,-0.0009193057485288304,-186.26473897501938
-69.0,0.0002136314425361818,767477.159358883,423.759285614245,0.0013453904027270296,-0.0,-0.0,0.0,0.0,0.0,0.0,-0.0008207879838160045,-191.31805907994328
-68.0,0.0002092845799468019,789867.2236345285,427.20328813661195,0.0013453904027265096,-0.0,-0.0,0.0,0.0,0.0,0.0,-0.0007182205698439281,-196.53055476501893
-67.0,0.00020494677905710308,813349.0235315841,430.73869186819724,0.001345390402725969,-0.0,-0.0,0.0,0.0,0.0,0.0,-0.0006113752045752697,-201.90839722655792
-66.0,0.0002006198674552652,837988.2230125692,434.36823564039287,0.0013453904027254076,-0.0,-0.0,0.0,0.0,0.0,0.0,-0.000500007307665176,-207.45801036209565
-65.0,0.00019630568475606183,863855.1652677448,438.09475350488276,0.001345390402724825,-0.0,-0.0,0.0,0.0,0.0,0.0,-0.0003838546941432714,-213.18607714496332
-64.0,0.00019200608121642263,891025.2494886096,441.92117768837016,0.001345390402724221,-0.0,-0.0,0.0,0.0,0.0,0.0,-0.0002626361311570577,-219.0995452266786
-63.0,0.00018772291633358434,919579.3405083986,445.8505415115987,0.0013453904027235961,-0.0,-0.0,0.0,0.0,0.0,0.0,-0.00013604976717038132,-225.205631542663
-62.0,0.00018345805742824576,949604.2142496494,449.88598224541,0.0013453904027229506,-0.0,-0.0,0.0,0.0,0.0,0.0,-3.7714221099595795e-06,-231.51182565426268
-61.0,0.00017921337821511998,981193.0421604328,454.03074387148433,0.0013453904027222845,-0.0,-0.0,0.0,0.0,0.0,0.0,0.00013454727399738793,-238.02589151014604
-60.0,0.00017499075736325092,1014445.9180734861,458.28817970949257,0.0013453904027215988,-0.0,-0.0,0.0,0.0,0.0,0.0,0.0002792809073484623,-244.75586725162626
-59.0,0.00017079207704842435,1049470.4311839438,462.66175486551236,0.0013453904027208947,-0.0,-0.0,0.0,0.0,0.0,0.0,0.00043083248612867407,-251.71006261787147
-58.0,0.00016661922149996714,1086382.2891080559,467.15504844858395,0.0013453904027201735,-0.0,-0.0,0.0,0.0,0.0,0.0,0.0005896358412479162,-258.89705342663655
-57.0,0.00016247407554417223,1125305.9952523275,471.7717554930172,0.0013453904027194374,-0.0,-0.0,0.0,0.0,0.0,0.0,0.0007561582386267926,-266.3256725121463
-56.0,0.0001583585231465353,1166375.5849829002,476.51568851331797,0.0013453904027186886,-0.0,-0.0,0.0,0.0,0.0,0.0,0.0009309032206359169,-274.00499639181976
-55.0,0.00015427444595493404,1209735.4253293185,481.3907786061358,0.0013453904027179303,-0.0,-0.0,0.0,0.0,0.0,0.0,0.0011144136952501561,-281.9443268050322
-54.0,0.0001502237218458074,1255541.0831727083,486.40107599918116,0.0013453904027171664,-0.0,-0.0,0.0,0.0,0.0,0.0,0.0013072752923251705,-290.15316611713337
-53.0,0.00014620822347532998,1303960.2670389856,491.55074993029984,0.0013453904027164016,-0.0,-0.0,0.0,0.0,0.0,0.0,0.0015101200070696884,-298.6411854069619
-52.0,0.0001422298168375027,1355173.8477215567,496.8440877204728,0.001345390402715642,-0.0,-0.0,0.0,0.0,0.0,0.0,0.0017236301511878082,-307.41818385227396
-51.0,0.00013829035983100094,1409376.9629667948,502.2854928820069,0.0013453904027148943,-0.0,-0.0,0.0,0.0,0.0,0.0,0.0019485426321899277,-316.49403779035015
-50.0,0.00013439170083655172,1466780.2113330276,507.8794820771312,0.0013453904027141673,-0.0,-0.0,0.0,0.0,0.0,0.0,0.002185653580875328,-325.8786375555311
-49.0,0.00013053567730652107,1527610.9400335192,513.6306807120666,0.0013453904027134708,-0.0,-0.0,0.0,0.0,0.0,0.0,0.0024358233457904186,-335.5818098759847
-48.0,0.00012672411436831976,1592114.631036422,519.5438169167796,0.0013453904027128172,-0.0,-0.0,0.0,0.0,0.0,0.0,0.0026999818713305318,-345.6132232423454
-47.0,0.00012295882344314657,1660556.3888449504,525.6237136203658,0.001345390402712221,-0.0,-0.0,0.0,0.0,0.0,0.0,0.0029791344727838347,-355.98227323425687
-46.0,0.00011924160088150943,1733222.53212393,531.8752783855599,0.001345390402711699,-0.0,-0.0,0.0,0.0,0.0,0.0,0.003274368016640397,-366.6979442999582
-45.0,0.00011557422661687795,1810422.2895552665,538.3034906123471,0.0013453904027112716,-0.0,-0.0,0.0,0.0,0.0,0.0,0.003586857507438629,-377.7686439212975
-44.0,0.00011195846283874186,1892489.5978452654,544.9133856591241,0.0013453904027109628,-0.0,-0.0,0.0,0.0,0.0,0.0,0.003917873072711159,-389.2020044542085
-43.0,0.00010839605268626174,1979784.9964856214,551.7100353592427,0.0013453904027108004,-0.0,-0.0,0.0,0.0,0.0,0.0,0.004268787324494208,-401.00464720544005
-42.0,0.00010488871896362415,2072697.6094567254,558.6985243299987,0.0013453904027108173,-0.0,-0.0,0.0,0.0,0.0,0.0,0.00464108305848111,-413.1819024837644
-41.0,0.00010143816287812954,2171647.198273632,565.8839213789886,0.0013453904027110521,-0.0,-0.0,0.0,0.0,0.0,0.0,0.005036361229125143,-425.7374784436159
-40.0,9.804606280196238e-05,2277086.2632646225,573.2712452081415,0.00134539040271155,-0.0,-0.0,0.0,0.0,0.0,0.0,0.0054563491094817215,-438.6730705198789
-39.0,9.471407305852101e-05,2389502.160318272,580.8654234974847,0.0013453904027123632,-0.0,-0.0,0.0,0.0,0.0,0.0,0.005902908506688352,-451.9879021382445
-38.0,9.144382273410679e-05,2509419.188030138,588.6712443179196,0.0013453904027135527,-0.0,-0.0,0.0,0.0,0.0,0.0,0.006378043855749956,-465.67818618780916
-37.0,8.823691451570465e-05,2637400.584619396,596.6932986742839,0.0013453904027151894,-0.0,-0.0,0.0,0.0,0.0,0.0,0.006883909953392115,-479.736495484143
-36.0,8.509492355551505e-05,2774050.3544573993,604.9359128166151,0.0013453904027173548,-0.0,-0.0,0.0,0.0,0.0,0.0,0.007422819017429365,-494.1510291706449
-35.0,8.201939636283341e-05,2920014.8197295363,613.4030687794108,0.0013453904027201434,-0.0,-0.0,0.0,0.0,0.0,0.0,0.007997246662213247,-508.9047607644382
-34.0,7.901184972380982e-05,3075983.7627036744,622.0983114175244,0.001345390402723663,-0.0,-0.0,0.0,0.0,0.0,0.0,0.008609836263712537,-523.974452441439
-33.0,7.607376964956374e-05,3242690.987271705,631.0246400065187,0.0013453904027280375,-0.0,-0.0,0.0,0.0,0.0,0.0,0.009263401044734765,-539.3295193052855
-32.0,7.320661035306476e-05,3420914.0837724125,640.1843822704544,0.0013453904027334069,-0.0,-0.0,0.0,0.0,0.0,0.0,0.00996092303762555,-554.9307269819815
-31.0,7.041179325514878e-05,3611473.127504635,649.579048499989,0.0013453904027399305,-0.0,-0.0,0.0,0.0,0.0,0.0,0.010705547874453098,-570.7287061812447
-30.0,6.769070601997463e-05,3815227.9778270912,659.2091632412647,0.0013453904027477864,-0.0,-0.0,0.0,0.0,0.0,0.0,0.011500574109689863,-586.6622692104996
-29.0,6.504470162019002e-05,4033073.770630339,669.0740718898976,0.0013453904027571724,-0.0,-0.0,0.0,0.0,0.0,0.0,0.01234943549543733,-602.6565162714979
-28.0,6.247509743202495e-05,4265934.112131407,679.1717194400971,0.0013453904027683067,-0.0,-0.0,0.0,0.0,0.0,0.0,0.013255674304250792,-618.620724299521
-27.0,5.998317436049306e-05,4514751.387195341,689.498398651317,0.001345390402781426,-0.0,-0.0,0.0,0.0,0.0,0.0,0.014222903433299447,-634.4460188622259
-26.0,5.757017599484268e-05,4780473.493025565,700.0484650497889,0.0013453904027967833,-0.0,-0.0,0.0,0.0,0.0,0.0,0.015254754635464505,-650.0028411320336
-25.0,5.523730779436217e-05,5064036.203592585,710.8140165391962,0.0013453904028146418,-0.0,-0.0,0.0,0.0,0.0,0.0,0.016354809826179872,-665.1382382699404
-24.0,5.2985736304617275e-05,5366340.269254535,721.7845360284254,0.0013453904028352698,-0.0,-0.0,0.0,0.0,0.0,0.0,0.01752651203973625,-679.6730279515026
-23.0,5.081658840416568e-05,5688222.271668966,732.9464964865168,0.0013453904028589278,-0.0,-0.0,0.0,0.0,0.0,0.0,0.018773052302451052,-693.3989175631585
-22.0,4.873095058176784e-05,6030418.204017218,744.2829293143336,0.001345390402885853,-0.0,-0.0,0.0,0.0,0.0,0.0,0.020097228521379448,-706.0756971042441
-21.0,4.672986824409397e-05,6393518.755635508,755.7729590024619,0.0013453904029162402,-0.0,-0.0,0.0,0.0,0.0,0.0,0.02150127255203103,-717.4286731059057
-20.0,4.4814345053900256e-05,6777915.381706821,767.3913098573969,0.0013453904029502146,-0.0,-0.0,0.0,0.0,0.0,0.0,0.022986642034498645,-727.1465693930265
-19.0,4.298534229863812e-05,7183736.475220655,779.1077942516541,0.001345390402987798,-0.0,-0.0,0.0,0.0,0.0,0.0,0.024553774536076624,-734.8801886475543
-18.0,4.1243778289434146e-05,7610773.381098231,790.8867964931876,0.0013453904030288706,-0.0,-0.0,0.0,0.0,0.0,0.0,0.026201803202682967,-740.2422040812529
-17.0,3.959052779037575e-05,8058396.65819487,802.6867720666345,0.0013453904030731267,-0.0,-0.0,0.0,0.0,0.0,0.0,0.027928235713939226,-742.8085280454455
-16.0,3.802642147802002e-05,8525463.96038219,814.4597886280145,0.001345390403120026,-0.0,-0.0,0.0,0.0,0.0,0.0,0.029728602065575427,-742.1217754158229
-15.0,3.655224543103716e-05,9010222.217941018,826.1511425380119,0.001345390403168749,-0.0,-0.0,0.0,0.0,0.0,0.0,0.031596081727796446,-737.6973908318317
-14.0,3.516874064989377e-05,9510208.470807388,837.6990924815364,0.001345390403218158,-0.0,-0.0,0.0,0.0,0.0,0.0,0.033521127094917925,-729.0330218891107
-13.0,3.3876602606472614e-05,10022155.698415466,849.0347591421682,0.0013453904032667743,-0.0,-0.0,0.0,0.0,0.0,0.0,0.0354911076909007,-715.6216717207668
-12.0,3.2676480823530856e-05,10541912.187326454,860.0822459385676,0.0013453904033127835,-0.0,-0.0,0.0,0.0,0.0,0.0,0.03749000785569124,-696.9690272158283
-11.0,3.156897848388724e-05,11064385.146150311,870.7590390878332,0.0013453904033540783,-0.0,-0.0,0.0,0.0,0.0,0.0,0.039498218716634614,-672.615106951836
-10.0,3.055465206923584e-05,11583521.05357949,880.9767440353761,0.001345390403388352,-0.0,-0.0,0.0,0.0,0.0,0.0,0.04149247176294831,-642.159986158277
-9.0,2.9634011028485286e-05,12092336.115206048,890.6422077340043,0.0013453904034132443,-0.0,-0.0,0.0,0.0,0.0,0.0,0.04344596442606358,-605.2928311392279
-8.0,2.880751747552201e-05,12583009.624636682,899.6590606686457,0.0013453904034265464,-0.0,-0.0,0.0,0.0,0.0,0.0,0.04532872554593074,-561.822836013532
-7.0,2.8075585916303185e-05,13047050.39777765,907.9296877969094,0.0013453904034264423,-0.0,-0.0,0.0,0.0,0.0,0.0,0.04710825834531589,-511.7099608859624
-6.0,2.743858300518977e-05,13372830.385707505,908.5024116676873,0.0013453904034264423,-0.0,-0.0,0.0,0.0,0.0,0.0,0.04793701411550201,-451.6239949516444
-5.0,2.6896827330435498e-05,13754750.314630846,915.0077020908836,0.0013453904034264423,-0.0,-0.0,0.0,0.0,0.0,0.4936064579625757,0.04939529409605712,-389.3459162501325
-4.0,2.645058922875628e-05,14127025.103446405,923.2746645558132,0.0013453904034264423,-0.0,-0.0,0.0,0.0,0.0,7.120983680597341,0.05099078700824719,-322.47354659162585
-3.0,2.610009062891243e-05,14572970.687095536,938.8910012174815,0.0013453904034264423,-0.0,-0.0,0.0,0.0,0.0,18.73234626655866,0.05340883968079586,-252.63428279541432
-2.0,2.5845504924240674e-05,15106957.354027174,962.8962152017757,0.0013453904034264423,-0.0,-0.0,0.0,0.0,0.0,27.32450366804943,0.05679943252972719,-178.81152457137756
-1.0,2.5686956874091506e-05,15619459.965522038,988.7030607681352,0.0013453904034264423,-0.0,-0.0,0.0,0.0,0.0,25.223171456185064,0.06033772325744249,-98.88949915693796
0.0,2.5624522534125138e-05,15677181.049359893,989.8008624738702,0.0013453904034264423,-0.0,-0.0,0.0,0.0,0.8956791520923986,14.693815744644695,0.06058319151041142,-12.902552019920487
1.0,2.5658229215438538e-05,16167458.818731276,1021.6560517272827,0.0013453904034264423,-0.0,-0.0,0.0,0.0,0.8908318863835438,42.348030064073775,0.06463389188991425,75.74957515498576
2.0,2.5788055472503243e-05,16597491.869312681,1053.9318539313576,0.0013453904034264423,-0.0,-0.0,0.0,0.0,0.8855297433660139,37.99290042337854,0.0685946597423791,169.14523515042882
3.0,2.601393111990201e-05,16896597.607704084,1082.4190627918524,0.0013453904034264423,-0.0,-0.0,0.0,0.0,0.8800808282695776,36.731635790929666,0.0718850573587641,265.1295062236814
4.0,2.63357372778669e-05,17091419.790258255,1108.810469538083,0.0013453904034264423,-0.0,-0.0,0.0,0.0,0.8744860436365482,36.500625885669685,0.07470154095055583,362.0539415228618
5.0,2.675330644662554e-05,17189119.63137028,1133.4505292287326,0.0013453904034264423,-0.0,-0.0,0.0,0.0,0.8687459504415173,36.263565581211466,0.07707640845413191,458.33867686017834
6.0,2.726642260958275e-05,17194105.268424153,1156.382397849812,0.0013453904034264423,-0.0,-0.0,0.0,0.0,0.8628617801717965,36.020494832584305,0.07901182957972185,552.4774001203539
7.0,2.787482136536183e-05,17112765.778357312,1177.6661955209668,0.0013453904034264423,-0.0,-0.0,0.0,0.0,0.8568346310107736,35.77145522445455,0.08052051832503125,643.1419781428108
8.0,2.8578190088749296e-05,16953012.449664548,1197.3763116736734,0.0013453904034264423,-0.0,-0.0,0.0,0.0,0.8506655006818403,35.516486458774004,0.0816240911885006,729.2183883147131
9.0,2.9376168120592705e-05,16723792.365000663,1215.5984004018744,0.0013453904034264423,-0.0,-0.0,0.0,0.0,0.8443553584566222,35.25562998204332,0.08235115111836533,809.8255085356348
10.0,3.0268346986707978e-05,16434615.70202004,1232.4262663363884,0.0013453904034264423,-0.0,-0.0,0.0,0.0,0.8379051898136376,34.98890936828729,0.08273528162824323,884.3179977519001
11.0,3.125427064586234e-05,16095129.4535119,1247.9588398899737,0.0013453904034264423,-0.0,-0.0,0.0,0.0,0.8313161447208779,34.71639104381799,0.0828131126510538,952.2758523782423
12.0,3.2333435766907385e-05,15714759.097283615,1262.2973934184727,0.0013453904034264423,-0.0,-0.0,0.0,0.0,0.8245893146381622,34.43812012179236,0.08262257919965856,1013.4839614448609
13.0,3.350529203513877e-05,15302428.66768266,1275.5430935957745,0.0013453904034264423,-0.0,-0.0,0.0,0.0,0.8177258138351455,34.154142666551174,0.08220144862682502,1067.9051524098736
14.0,3.476924248796839e-05,14866360.462798728,1287.7949493679293,0.0013453904034264423,-0.0,-0.0,0.0,0.0,0.8107266753018457,33.86450301466678,0.0815861521449184,1115.6499650980577
15.0,3.6124643879996834e-05,14413948.61542737,1299.1481726350933,0.0013453904034264423,-0.0,-0.0,0.0,0.0,0.8035931910658108,33.569249240419566,0.08081092197907347,1156.945850712442
16.0,3.757080707757773e-05,13951696.526285812,1309.6929543254098,0.0013453904034264423,-0.0,-0.0,0.0,0.0,0.7963265453050974,33.26843160161604,0.07990721283081595,1192.107842907646
17.0,3.91069974829643e-05,13485205.700807095,1319.5136086929474,0.0013453904034264423,-0.0,-0.0,0.0,0.0,0.7889279408377197,32.96209992760223,0.0789033679737241,1221.5120537306677
18.0,4.073243548813441e-05,13019203.406187559,1328.6880401478477,0.0013453904034264423,-0.0,-0.0,0.0,0.0,0.7813983314505287,32.650303445731154,0.0778244851250596,1245.5727634842578
19.0,4.244629695838192e-05,12557597.516548196,1337.287485374879,0.0013453904034264423,-0.0,-0.0,0.0,0.0,0.773739023884583,32.333091311612364,0.07669243686711352,1264.7234000489455
20.0,4.424771374576418e-05,12103548.43719824,1345.3764737311376,0.0013453904034264423,-0.0,-0.0,0.0,0.0,0.765951477324831,32.010521391073304,0.07552600271193396,1279.4013447256775
21.0,4.613577423248889e-05,11659549.967267973,1353.0129560568644,0.0013453904034264423,-0.0,-0.0,0.0,0.0,0.7585723924552795,31.682647079021184,0.07434107604776559,1290.0362742076281
22.0,4.810952390431432e-05,11100752.789970612,1344.960479738578,0.0013453904034264423,-0.0,-0.0,0.0,0.0,0.0,0.0,0.07171640887894296,1282.397846806379
23.0,5.0167965954033614e-05,10487942.753829326,1326.7164314479237,0.0013453904034264423,-0.0,-0.0,0.0,0.0,0.0,0.0,0.06827389250653126,1262.1889175286003
24.0,5.231006191509718e-05,9910451.310001291,1308.733338130028,0.0013453904034264423,-0.0,-0.0,0.0,0.0,0.0,0.0,0.06501435397282998,1239.8880749293255
25.0,5.453473232541654e-05,9367124.930405695,1291.0389467626928,0.0013453904034264423,-0.0,-0.0,0.0,0.0,0.0,0.0,0.06193280741464809,1215.9334997715341
26.0,5.684085742137937e-05,8856610.381818999,1273.6554176150212,0.0013453904034264423,-0.0,-0.0,0.0,0.0,0.0,0.0,0.05902309993507881,1190.7073648358598
27.0,5.9227277862082695e-05,8377421.539103586,1256.6000320575447,0.0013453904034264423,-0.0,-0.0,0.0,0.0,0.0,0.0,0.0562782648605084,1164.5404379090046
28.0,6.169279548377566e-05,7927993.269857997,1239.8858405921367,0.0013453904034264423,-0.0,-0.0,0.0,0.0,0.0,0.0,0.05369080994730541,1137.7169088680428
29.0,6.423617408447668e-05,7506724.134962715,1223.5222491655718,0.0013453904034264423,-0.0,-0.0,0.0,0.0,0.0,0.0,0.05125294874320681,1110.4792120757356
30.0,6.685614023870624e-05,7112009.594952119,1207.515544434324,0.0013453904034264423,-0.0,-0.0,0.0,0.0,0.0,0.0,0.04895678321635413,1083.0326858451222
31.0,6.955138414224592e-05,6742267.286907762,1191.8693604257594,0.0013453904034264423,-0.0,-0.0,0.0,0.0,0.0,0.0,0.0467944452822616,1055.5499659389284
32.0,7.232056048680309e-05,6395955.7742554275,1176.5850901786919,0.0013453904034264423,-0.0,-0.0,0.0,0.0,0.0,0.0,0.04475820415702948,1028.17505203963
33.0,7.51622893644285e-05,6071587.995653942,1161.662246600888,0.0013453904034264423,-0.0,-0.0,0.0,0.0,0.0,0.0,0.04284054566441271,1001.0270171113126
34.0,7.807515720149345e-05,5767740.464254903,1147.0987770812105,0.0013453904034264423,-0.0,-0.0,0.0,0.0,0.0,0.0,0.04103422880582104,974.2033517281144
35.0,8.105771772199214e-05,5483059.104219886,1132.891336442434,0.0013453904034264423,-0.0,-0.0,0.0,0.0,0.0,0.0,0.03933232411705117,947.78295068718
36.0,8.410849293989588e-05,5216262.462519756,1119.0355226972447,0.0013453904034264423,-0.0,-0.0,0.0,0.0,0.0,0.0,0.037728237613036314,921.8287591915218
37.0,8.72259741802329e-05,4966142.902854722,1105.526079835285,0.0013453904034264423,-0.0,-0.0,0.0,0.0,0.0,0.0,0.03621572347666524,896.3901019236953
38.0,9.04086231285233e-05,4731566.275300298,1092.35707156842,0.0013453904034264423,-0.0,-0.0,0.0,0.0,0.0,0.0,0.034788888084272246,871.5047215075061
39.0,9.365487290813775e-05,4511470.459148743,1079.5220296273062,0.0013453904034264423,-0.0,-0.0,0.0,0.0,0.0,0.0,0.03344218747692715,847.2005540097982
40.0,9.696312918510599e-05,4304863.095889827,1067.014079857855,0.0013453904034264423,-0.0,-0.0,0.0,0.0,0.0,0.0,0.03217041997764134,823.4972689067337
41.0,0.00010033177129982498,4110818.7625914062,1054.8260490269224,0.0013453904034264423,-0.0,-0.0,0.0,0.0,0.0,0.0,0.030968715312640005,800.4075998083597
42.0,0.0001037591534250684,3928475.7812582017,1042.950554922668,0.0013453904034264423,-0.0,-0.0,0.0,0.0,0.0,0.0,0.029832521311785636,777.9384905522467
43.0,0.0001072436057496295,3757032.8153006644,1031.380082032659,0.0013453904034264423,-0.0,-0.0,0.0,0.0,0.0,0.0,0.02875758903098287,756.0920792944933
44.0,0.00011078343568685943,3595745.368407084,1020.1070448051672,0.0013453904034264423,-0.0,-0.0,0.0,0.0,0.0,0.0,0.027739956950316808,734.8665411208955
45.0,0.0001143769291072981,3443922.272433129,1009.1238402474696,0.0013453904034264423,-0.0,-0.0,0.0,0.0,0.0,0.0,0.026775934748870127,714.2568075926902
46.0,0.00011802235159451732,3300922.228144084,998.4228913891806,0.0013453904034264423,-0.0,-0.0,0.0,0.0,0.0,0.0,0.025862087034520875,694.2551796084356
47.0,0.00012171794972322655,3166150.4446877637,987.9966829376874,0.0013453904034264423,-0.0,-0.0,0.0,0.0,0.0,0.0,0.024995217309259656,674.8518480541538
48.0,0.0001254619523586127,3039055.4096323866,977.8377902750931,0.0013453904034264423,-0.0,-0.0,0.0,0.0,0.0,0.0,0.024172352373175787,656.03533495443
49.0,0.00012925257197580467,2919125.8105150303,967.9389027898194,0.0013453904034264423,-0.0,-0.0,0.0,0.0,0.0,0.0,0.023390727309447797,637.7928662391862
50.0,0.00013308800599828142,2805887.6204860937,958.2928423992363,0.0013453904034264423,-0.0,-0.0,0.0,0.0,0.0,0.0,0.022647771145267583,620.1106858056429
51.0,0.00013696643815395328,2698901.3542902544,948.8925780003682,0.0013453904034264423,-0.0,-0.0,0.0,0.0,0.0,0.0,0.021941093247006944,602.9743192774827
52.0,0.00014088603984757436,2597759.496075312,939.7312364819823,0.0013453904034264423,-0.0,-0.0,0.0,0.0,0.0,0.0,0.021268470479945553,586.3687947340469
53.0,0.00014484497154805342,2502084.097028819,930.8021108413922,0.0013453904034264423,-0.0,-0.0,0.0,0.0,0.0,0.0,0.02062783514176068,570.2788266902083
54.0,0.00014884138418915757,2411524.5383345834,922.0986658714523,0.0013453904034264423,-0.0,-0.0,0.0,0.0,0.0,0.0,0.020017263663298677,554.6889687397393
55.0,0.00015287342058201684,2325755.4531985754,913.6145418159767,0.0013453904034264423,-0.0,-0.0,0.0,0.0,0.0,0.0,0.019434966058751977,539.5837395190358
56.0,0.0001569392168377643,2244474.8005411,905.3435563338293,0.0013453904034264423,-0.0,-0.0,0.0,0.0,0.0,0.0,0.01887927609931852,524.9477259915933
57.0,0.00016103690379855909,2167402.0822509094,897.2797050620047,0.0013453904034264423,-0.0,-0.0,0.0,0.0,0.0,0.0,0.01834864217897753,510.76566748517433
58.0,0.0001651646084751763,2094276.6955366915,889.4171610250769,0.0013453904034264423,-0.0,-0.0,0.0,0.0,0.0,0.0,0.01784161883757895,497.02252342240945
59.0,0.0001693204554892618,2024856.4118062055,881.7502731014932,0.0013453904034264423,-0.0,-0.0,0.0,0.0,0.0,0.0,0.01735685890453855,483.7035272620076
60.0,0.00017350256851829052,1958915.9735848915,874.2735637255367,0.0013453904034264423,-0.0,-0.0,0.0,0.0,0.0,0.0,0.016893106225681177,470.7942288030384
61.0,0.00017770907174119107,1896245.8012015938,866.9817259766107,0.0013453904034264423,-0.0,-0.0,0.0,0.0,0.0,0.0,0.01644918893588365,458.28052669117255
62.0,0.000181938091282546,1836650.8012779509,859.8696201842432,0.0013453904034264423,-0.0,-0.0,0.0,0.0,0.0,0.0,0.01602401324090455,446.14869269643486
63.0,0.00018618775665320882,1779949.2694287903,852.932270157274,0.0013453904034264423,-0.0,-0.0,0.0,0.0,0.0,0.0,0.015616557672967511,434.38538910096554
64.0,0.0001904562021851402,1725971.8799891933,846.164859128651,0.0013453904034264423,-0.0,-0.0,0.0,0.0,0.0,0.0,0.015225867786148267,422.97768033715766
65.0,0.00019474156845820294,1674560.7560121948,839.5627254926821,0.0013453904034264423,-0.0,-0.0,0.0,0.0,0.0,0.0,0.014851051259294621,411.9130398468846
66.0,0.00019904200371662973,1625568.613215186,833.1213583991455,0.0013453904034264423,-0.0,-0.0,0.0,0.0,0.0,0.0,0.014491273375998879,401.1793529872075
67.0,0.00020335566527283742,1578857.971983778,826.8363932580269,0.0013453904034264423,-0.0,-0.0,0.0,0.0,0.0,0.0,0.014145752852983867,390.76491668368675
68.0,0.00020768072089623303,1534300.4319616565,820.7036071995989,0.0013453904034264423,-0.0,-0.0,0.0,0.0,0.0,0.0,0.0138137579901077,380.65843642612197
69.0,0.00021201535018464617,1491776.0041590245,814.7189145268266,0.0013453904034264423,-0.0,-0.0,0.0,0.0,0.0,0.0,0.01349460311700661,370.8490211106946
70.0,0.00021635774591600613,1451172.4958974053,808.8783621905153,0.0013453904034264423,-0.0,-0.0,0.0,0.0,0.0,0.0,0.013187645313154408,361.3261761548858
71.0,0.00022070611537788507,1412384.9442727717,803.1781253120278,0.0013453904034264423,-0.0,-0.0,0.0,0.0,0.0,0.0,0.012892281379804856,352.0797952452707
72.0,0.00022505868167253178,1375315.0941612183,797.6145027736508,0.0013453904034264423,-0.0,-0.0,0.0,0.0,0.0,0.0,0.012607945043889273,343.1001510217462
73.0,0.00022941368499504423,1339870.917111302,792.1839128926721,0.0013453904034264423,-0.0,-0.0,0.0,0.0,0.0,0.0,0.01233410437545844,334.37788495350117
74.0,0.00023376938388234902,1305966.1677650232,786.8828891918199,0.0013453904034264423,-0.0,-0.0,0.0,0.0,0.0,0.0,0.012070259401683575,325.9039966209246
75.0,0.00023812405643069598,1273519.9747256648,781.7080762758419,0.0013453904034264423,-0.0,-0.0,0.0,0.0,0.0,0.0,0.011815939901764206,317.6698325826145
76.0,0.00024247600147942112,1242456.4630462455,776.656225821578,0.0013453904034264423,-0.0,-0.0,0.0,0.0,0.0,0.0,0.011570703368333156,309.6670749768211
77.0,0.00024682353975878863,1212704.4057481012,771.724192686839,0.0013453904034264423,-0.0,-0.0,0.0,0.0,0.0,0.0,0.011334133122102756,301.8877299812896
78.0,0.000251165014999784,1184196.9019962496,766.9089311416983,0.0013453904034264423,-0.0,-0.0,0.0,0.0,0.0,0.0,0.011105836567565348,294.32411623391016
79.0,0.0002554987950038119,1156871.0797577358,762.2074912243727,0.0013453904034264423,-0.0,-0.0,0.0,0.0,0.0,0.0,0.010885443578549443,286.96885329826415
80.0,0.0002598232726703314,1130667.820952423,757.6170152226856,0.0013453904034264423,-0.0,-0.0,0.0,0.0,0.0,0.0,0.010672605003344802,279.8148502426394
81.0,0.0002641368669805616,1105531.5072736526,753.1347342811192,0.0013453904034264423,-0.0,-0.0,0.0,0.0,0.0,0.0,0.010466991279949623,272.8552943879285
82.0,0.00026843802393548594,1081409.7850101532,748.757965132655,0.0013453904034264423,-0.0,-0.0,0.0,0.0,0.0,0.0,0.010268291152766205,266.08364026870885
83.0,0.0002727252174465062,1058253.347341392,744.4841069539447,0.0013453904034264423,-0.0,-0.0,0.0,0.0,0.0,0.0,0.010076210482781896,259.4935988424035
84.0,0.0002769969501772043,1036015.7327075214,740.3106383418115,0.0013453904034264423,-0.0,-0.0,0.0,0.0,0.0,0.0,0.009890471143924563,253.079126973525
85.0,0.0002812517543348095,1014653.1379728222,736.2351144086635,0.0013453904034264423,-0.0,-0.0,0.0,0.0,0.0,0.0,0.009710809998880616,246.83441721333188
86.0,0.0002854881924100948,994124.2452093349,732.2551639940549,0.0013453904034264423,-0.0,-0.0,0.0,0.0,0.0,0.0,0.009536977948213022,240.75388788966973
87.0,0.0002897048578645712,974390.061025727,728.3684869893715,0.0013453904034264423,-0.0,-0.0,0.0,0.0,0.0,0.0,0.009368739047119783,234.83217351708916
88.0,0.0002939003757639934,955413.7674564117,724.5728517724264,0.0013453904034264423,-0.0,-0.0,0.0,0.0,0.0,0.0,0.009205869684635283,229.0641155334595
89.0,0.00029807340335734307,937160.583508029,720.8660927485986,0.0013453904034264423,-0.0,-0.0,0.0,0.0,0.0,0.0,0.009048157820499177,223.44475336606493
90.0,0.00030222263060060824,919597.6365354802,717.2461079950585,0.0013453904034264423,-0.0,-0.0,0.0,0.0,0.0,0.0,0.008895402275305116,217.96931582751756
91.0,0.0003063467806248404,902693.8426882123,713.7108570045615,0.0013453904034264423,-0.0,-0.0,0.0,0.0,0.0,0.0,0.00874741206989609,212.63321283962878
92.0,0.00031044461014812636,886419.7957300983,710.2583585252634,0.0013453904034264423,-0.0,-0.0,0.0,0.0,0.0,0.0,0.008604005810298217,207.43202748160755
93.0,0.00031451490983127884,870747.6635934638,706.8866884930136,0.0013453904034264423,-0.0,-0.0,0.0,0.0,0.0,0.0,0.008465011114782383,202.36150835751255
94.0,0.00031855650457720755,855651.0920801087,703.593978052598,0.0013453904034264423,-0.0,-0.0,0.0,0.0,0.0,0.0,0.008330264079915738,197.4175622767372
95.0,0.00032256825377410147,841105.1151699496,700.378411664445,0.0013453904034264423,-0.0,-0.0,0.0,0.0,0.0,0.0,0.00819960878271479,192.59624724039674
96.0,0.0003265490514827042,827086.071441643,697.2382252933636,0.0013453904034264423,-0.0,-0.0,0.0,0.0,0.0,0.0,0.008072896816240993,187.8937657257938
97.0,0.00033049782656813454,813571.5261494607,694.1717046759405,0.0013453904034264423,-0.0,-0.0,0.0,0.0,0.0,0.0,0.007949986856188982,183.30645826059754
98.0,0.00033441354277684835,800540.1985373037,691.1771836633062,0.0013453904034264423,-0.0,-0.0,0.0,0.0,0.0,0.0,0.007830744256210538,178.83079727799836
99.0,0.0003382951987594999,787971.8940041428,688.2530426360544,0.0013453904034264423,-0.0,-0.0,0.0,0.0,0.0,0.0,0.00771504066989314,174.46338124382424
100.0,0.00034214182804059786,775847.4407658445,685.3977069881907,0.0013453904034264423,-0.0,-0.0,0.0,0.0,0.0,0.0,0.007602753697474201,170.20092904644758
101.0,0.00034595249893600293,764148.6306863367,682.6096456770782,0.0013453904034264423,-0.0,-0.0,0.0,0.0,0.0,0.0,0.007493766555520101,166.04027464022064
102.0,0.00034972631441943723,752858.1639768117,679.887369836439,0.0013453904034264423,-0.0,-0.0,0.0,0.0,0.0,0.0,0.007387967767935761,161.97836193317156
103.0,0.00035346241193931585,741959.5974851581,677.2294314495725,0.0013453904034264423,-0.0,-0.0,0.0,0.0,0.0,0.0,0.007285250876795225,158.0122399097269
104.0,0.0003571599631873223,731437.2963194333,674.6344220800453,0.0013453904034264423,-0.0,-0.0,0.0,0.0,0.0,0.0,0.007185514171598951,154.1390579793191
105.0,0.0003608181738202664,721276.3885689698,672.1009716572081,0.0013453904034264423,-0.0,-0.0,0.0,0.0,0.0,0.0,0.007088660435668907,150.35606154185828
106.0,0.0003644362831368673,711462.7229048772,669.6277473139937,0.0013453904034264423,-0.0,-0.0,0.0,0.0,0.0,0.0,0.006994596708489708,146.66058776120386
107.0,0.0003680135637111987,701982.8288583796,667.2134522745478,0.0013453904034264423,-0.0,-0.0,0.0,0.0,0.0,0.0,0.006903234062893396,143.05006153794724
108.0,0.0003715493209846183,692823.8795907458,664.8568247893403,0.0013453904034264423,-0.0,-0.0,0.0,0.0,0.0,0.0,0.006814487396067472,139.52199167301563
109.0,0.0003750428928180825,683973.6569826328,662.5566371155048,0.0013453904034264423,-0.0,-0.0,0.0,0.0,0.0,0.0,0.006728275233441596,136.07396721381386
110.0,0.0003784936490068124,675420.5188836067,660.3116945402423,0.0013453904034264423,-0.0,-0.0,0.0,0.0,0.0,0.0,0.00664451954457783,132.70365397484576
111.0,0.0003819009907593339,667153.3683744957,658.1208344452227,0.0013453904034264423,-0.0,-0.0,0.0,0.0,0.0,0.0,0.006563145570253691,129.40879122498347
112.0,0.000385264350142964,659161.6249061729,655.9829254100063,0.0013453904034264423,-0.0,-0.0,0.0,0.0,0.0,0.0,0.006484081659986195,126.18718853378849
113.0,0.0003885831894978519,651435.1971884416,653.8968663525965,0.0013453904034264423,-0.0,-0.0,0.0,0.0,0.0,0.0,0.006407259119299906,123.03672276952527
114.0,0.00039185700082170947,643964.4577119759,651.8615857053201,0.0013453904034264423,-0.0,-0.0,0.0,0.0,0.0,0.0,0.006332612066092057,119.9553352417493
115.0,0.00039508530512738873,636740.2187948057,649.8760406243179,0.0013453904034264423,-0.0,-0.0,0.0,0.0,0.0,0.0,0.006260077295494531,116.94102898158924
116.0,0.00039826765177546964,629753.7100527274,647.9392162310087,0.0013453904034264423,-0.0,-0.0,0.0,0.0,0.0,0.0,0.006189594152675271,113.99186615308446
117.0,0.00040140361778402174,622996.5572002723,646.0501248839679,0.0013453904034264423,-0.0,-0.0,0.0,0.0,0.0,0.0,0.006121104413061329,111.10596558917545
118.0,0.000404492807117699,616460.7620955785,644.2078054797418,0.0013453904034264423,-0.0,-0.0,0.0,0.0,0.0,0.0,0.006054552169502516,108.28150044618009
119.0,0.0004075348499583051,610138.6839486902,642.4113227811905,0.0013453904034264423,-0.0,-0.0,0.0,0.0,0.0,0.0,0.005989883725928484,105.51669597082234
120.0,0.0004105294019589481,604023.0216185251,640.6597667720243,0.0013453904034264423,-0.0,-0.0,0.0,0.0,0.0,0.0,0.005927047497083305,102.80982737410686
121.0,0.0004134761434838664,598106.796929031,638.9522520362704,0.0013453904034264423,-0.0,-0.0,0.0,0.0,0.0,0.0,0.005865993913950973,100.15921780656099
122.0,0.00041637477883597565,592383.3389399198,637.2879171614686,0.0013453904034264423,-0.0,-0.0,0.0,0.0,0.0,0.0,0.005806675334511689,97.56323642958333
123.0,0.0004192250354741336,586846.2691118988,635.6659241644668,0.0013453904034264423,-0.0,-0.0,0.0,0.0,0.0,0.0,0.005749045959494223,95.0202965778577
124.0,0.0004220266632220811,581489.4873104643,634.0854579387383,0.0013453904034264423,-0.0,-0.0,0.0,0.0,0.0,0.0,0.005693061752812211,92.52885400800086
125.0,0.0004247794334709474,576307.1585962139,632.5457257222137,0.0013453904034264423,-0.0,-0.0,0.0,0.0,0.0,0.0,0.0056386803663941625,90.0874052288206
126.0,0.00042748313837716323,571293.7007531866,631.0459565846687,0.0013453904034264423,-0.0,-0.0,0.0,0.0,0.0,0.0,0.005585861069136391,87.69448590876254
127.0,0.00043013759005754545,566443.7725100705,629.5854009337678,0.0013453904034264423,-0.0,-0.0,0.0,0.0,0.0,0.0,0.005534564679726823,85.34866935632071
128.0,0.000432742619783263,561752.2624121759,628.1633300389152,0.0013453904034264423,-0.0,-0.0,0.0,0.0,0.0,0.0,0.005484753503104612,83.0485650693788
129.0,0.00043529807717431184,557214.2783049252,626.7790355721136,0.0013453904034264423,-0.0,-0.0,0.0,0.0,0.0,0.0,0.005436391270336344,80.79281734963426
130.0,0.00043780382939606085,552825.1373922495,625.4318291650795,0.0013453904034264423,-0.0,-0.0,0.0,0.0,0.0,0.0,0.005389443081704533,78.58010397844
131.0,0.0004402597603593497,548580.3568357375,624.1210419819113,0.0013453904034264423,-0.0,-0.0,0.0,0.0,0.0,0.0,0.005343875352817746,76.4091349505727
132.0,0.00044266576992554716,544475.6448626436,622.8460243066437,0.0013453904034264423,-0.0,-0.0,0.0,0.0,0.0,0.0,0.005299655763564402,74.27865126260527
133.0,0.00044502177311789726,540506.8923529973,621.6061451450711,0.0013453904034264423,-0.0,-0.0,0.0,0.0,0.0,0.0,0.005256753209744285,72.18742375272878
134.0,0.0004473276993404039,536670.164877997,620.4007918402547,0.0013453904034264423,-0.0,-0.0,0.0,0.0,0.0,0.0,0.005215137757222777,70.1342519890236
135.0,0.0004495834916054247,532961.6951637137,619.2293697011695,0.0013453904034264423,-0.0,-0.0,0.0,0.0,0.0,0.0,0.005174780598463095,68.11796320333627
136.0,0.00045178910577107004,529377.8759558186,618.0913016439807,0.0013453904034264423,-0.0,-0.0,0.0,0.0,0.0,0.0,0.005135654011301469,66.13741126806305
137.0,0.00045394450978942033,525915.2532626338,616.9860278454715,0.0013453904034264423,-0.0,-0.0,0.0,0.0,0.0,0.0,0.005097731319838936,64.19147571328573
138.0,0.0004560496829665019,522570.51995527314,615.9130054081777,0.0013453904034264423,-0.0,-0.0,0.0,0.0,0.0,0.0,0.005060986857331934,62.27906078183936
139.0,0.0004581046152348881,519340.50970500807,614.8717080368131,0.0013453904034264423,-0.0,-0.0,0.0,0.0,0.0,0.0,0.005025395930971503,60.39909452002391
140.0,0.00046010930643971247,516222.1912392771,613.8616257255966,0.0013453904034264423,-0.0,-0.0,0.0,0.0,0.0,0.0,0.004990934788448067,58.55052790179672
141.0,0.0004620637656388199,513212.6628989362,612.8822644561207,0.0013453904034264423,-0.0,-0.0,0.0,0.0,0.0,0.0,0.0049575805862056505,56.73233398440233
142.0,0.0004639680104176982,510309.14748046966,611.9331459054226,0.0013453904034264423,-0.0,-0.0,0.0,0.0,0.0,0.0,0.004925311359295498,54.943507093512146
143.0,0.0004658220662197815,507508.98734790174,611.0138071639452,0.0013453904034264423,-0.0,-0.0,0.0,0.0,0.0,0.0,0.004894105992744978,53.18306203605345
144.0,0.00046762596569263984,504809.63980013,610.1238004630966,0.0013453904034264423,-0.0,-0.0,0.0,0.0,0.0,0.0,0.004863944194363194,51.450033339015
145.0,0.0004693797480505141,502208.67268029344,609.2626929121346,0.0013453904034264423,-0.0,-0.0,0.0,0.0,0.0,0.0,0.004834806468909666,49.743474512611776
146.0,0.0004710834584535952,499703.7602146389,608.4300662441264,0.0013453904034264423,-0.0,-0.0,0.0,0.0,0.0,0.0,0.004806674093557341,48.06245733628962
147.0,0.0004727371474043919,497292.67906913225,607.6255165707464,0.0013453904034264423,-0.0,-0.0,0.0,0.0,0.0,0.0,0.004779529094585601,46.40607116613606
148.0,0.00047434087016147474,494973.30461280525,606.8486541456972,0.0013453904034264423,-0.0,-0.0,0.0,0.0,0.0,0.0,0.00475335422524306,44.773422262352256
149.0,0.00047589468617084105,492743.60737751157,606.0991031365492,0.0013453904034264423,-0.0,-0.0,0.0,0.0,0.0,0.0,0.004728132944723871,43.163633135517664
150.0,0.0004773986585150909,490601.64970442356,605.3765014048136,0.0013453904034264423,-0.0,-0.0,0.0,0.0,0.0,0.0,0.0047038493982049555,41.575841910457264
151.0,0.00047885285338056905,488545.5825681944,604.6805002940732,0.0013453904034264423,-0.0,-0.0,0.0,0.0,0.0,0.0,0.00468048839789479,40.00920170659156
152.0,0.00048025733954258035,486573.64257029083,604.0107644260119,0.0013453904034264423,-0.0,-0.0,0.0,0.0,0.0,0.0,0.0046580354050478065,38.462880033716445
153.0,0.0004816121878687535,484684.1490935298,603.3669715041912,0.0013453904034264423,-0.0,-0.0,0.0,0.0,0.0,0.0,0.004636476512901293,36.936058202224984
154.0,0.0004829174708405939,482875.5016103508,602.7488121254379,0.0013453904034264423,-0.0,-0.0,0.0,0.0,0.0,0.0,0.004615798430494507,35.427930746839884
155.0,0.0004841732620932304,481145.9458963649,602.1559105147771,0.0013453899347203122,-0.0,-2.727976093672894e-05,0.0,6.597222222221857e-05,0.0,0.0,0.004595984643443141,33.9376885523388
156.0,0.000485379635973341,479485.55272458575,601.5850737486413,0.0013453717427285583,-0.0,-0.0002991884942571757,0.0,0.0007256944444444418,0.0,0.0,0.004576882628752779,32.46397864642661
157.0,0.00048653666711521054,477886.9738954673,601.033954108672,0.0013453234658603215,-0.0,-0.0005695435531504121,0.0,0.001385416666666665,0.0,0.0,0.004558381404391217,31.00571818985832
158.0,0.0004876444300348518,476349.13326099305,600.502334775649,0.0013452452974154435,-0.0,-0.0008384326694545525,0.0,0.0020451388888888884,0.0,0.0,0.004540473065260868,29.562287408977753
159.0,0.0004887029987421093,474866.80176836415,599.9885563197045,0.0013451287928184705,-0.0,-0.0013969684076083604,0.0,0.003416666666666668,0.0,0.0,0.0045230802439997705,28.1328240033306
160.0,0.0004897124463706372,473415.9245097158,599.4844201632087,0.0013449265383537639,-0.0,-0.0022428819879961068,0.0,0.005500000000000005,0.0,0.0,0.004505811962751538,26.715454110845364
161.0,0.0004906728448256359,471991.8390567481,598.9883783214668,0.0013446305345959446,-0.0,-0.003084475549191183,0.0,0.007583333333333341,0.0,0.0,0.004488598083665195,25.30960641140157
162.0,0.0004915842644492211,470594.1327723971,598.5003454327847,0.0013442414331564698,-0.0,-0.003921867489352723,0.0,0.009666666666666678,0.0,0.0,0.004471438721910376,23.9149702962066
163.0,0.0004924467737032823,469209.5054679494,598.0157417072691,0.001343733092146045,-0.0,-0.005273565770440532,0.0,0.013031250000000025,0.0,0.0,0.0044541190907799065,22.53061384610568
164.0,0.0004932604388696894,467819.9032936363,597.5282847573272,0.0013430691728191415,-0.0,-0.006675769206618222,0.0,0.016538194444444473,0.0,0.0,0.004436344424982961,21.155532411983522
165.0,0.0004940253237676938,466424.96610438573,597.0378313048587,0.0013422498582718009,-0.0,-0.008070671861098661,0.0,0.020045138888888925,0.0,0.0,0.004418114248133818,19.789667469204293
166.0,0.0004947414894883732,465023.2477202623,596.5438555040924,0.001341273053140705,-0.0,-0.00962134695540928,0.0,0.02395833333333338,0.0,0.0,0.004399409963129525,18.43291533518675
167.0,0.000495408994145964,463594.4574374508,596.0391969767289,0.0013400971646623117,-0.0,-0.011542991977931474,0.0,0.02881944444444446,0.0,0.0,0.004379898477868756,17.084488406280563
168.0,0.0004960278926459284,462131.70294829673,595.5213522631021,0.0013387083667756128,-0.0,-0.013453479848739302,0.0,0.03368055555555554,0.0,0.0,0.004359470018767853,15.744276399573868
169.0,0.0004965982364696048,460635.31588705967,594.9903457689347,0.0013371079292608418,-0.0,-0.015352444679318178,0.0,0.03854166666666662,0.0,0.0,0.00433813553067387,14.412466850270452
170.0,0.0004971200734752936,459098.8189305865,594.4437867284636,0.001335282805579705,-0.0,-0.017606157562916374,0.0,0.044326388888888825,0.0,0.0,0.004315792536430064,13.08904508122939
171.0,0.0004975934477156389,457503.17247257184,593.874793077947,0.001333193352190237,-0.0,-0.02000120482721091,0.0,0.05050694444444439,0.0,0.0,0.004292129107599834,11.773741222059366
172.0,0.0004980183992711689,455847.80798869225,593.2829866233559,0.0013308387300894437,-0.0,-0.022379060351015063,0.0,0.05668749999999996,0.0,0.0,0.004267142132430929,10.466917408050133
173.0,0.0004983949640998682,454133.3272251605,592.6683966685805,0.0013282206163582055,-0.0,-0.02478810234594248,0.0,0.06299305555555551,0.0,0.0,0.004240848542487497,9.1689627331181
174.0,0.0004987231739026683,452345.33752279915,592.0256715640114,0.0013253089200308973,-0.0,-0.027618436691133733,0.0,0.07042361111111108,0.0,0.0,0.00421301564220655,7.879996060619042
175.0,0.000499003056004742,450474.4819738504,591.3511970273319,0.001322084097614582,-0.0,-0.03042415241558236,0.0,0.07785416666666664,0.0,0.0,0.004183495671702909,6.600367674516737
176.0,0.0004992346332525129,448521.9368460125,590.6451011404191,0.0013185489581792691,-0.0,-0.03320392315229875,0.0,0.08528472222222222,0.0,0.0,0.004152317431640923,5.330655383273799
177.0,0.0004994179239262894,446485.9803848246,589.9064517056695,0.0013147002047528506,-0.0,-0.03617842949713155,0.0,0.09328819444444444,0.0,0.0,0.004119462193028036,4.071396915204726
178.0,0.0004995529416684556,444350.7090140716,589.1291375202075,0.0013105042847734413,-0.0,-0.03934232920589951,0.0,0.10186458333333334,0.0,0.0,0.004084676169894724,2.8230589688900034
179.0,0.0004996396954271571,442114.8461483506,588.3122757792214,0.0013059587875478603,-0.0,-0.04247051519922159,0.0,0.11044097222222225,0.0,0.0,0.004047950515655496,1.5863372971989302
180.0,0.0004996781894154401,439780.13957505935,587.4560581172565,0.0013010678294314896,-0.0,-0.045561163824646714,0.0,0.11901736111111115,0.0,0.0,0.0040093276940775455,0.3619455634485329
181.0,0.0004996684230858101,437339.3902418721,586.5573693680739,0.0012958164183712597,-0.0,-0.04899262389472027,0.0,0.12859375000000006,0.0,0.0,0.0039687027206577056,-0.8494025435089938
182.0,0.0004996103911201929,434781.8848503413,585.6117216134528,0.0012901819866351126,-0.0,-0.05241901172648219,0.0,0.13828125000000008,0.0,0.0,0.003925914121192149,-2.046894502970309
183.0,0.0004995040834352997,432109.7844554124,584.6192988717585,0.0012841696001311552,-0.0,-0.055795418954331474,0.0,0.1479687500000001,0.0,0.0,0.0038810154741273834,-3.2296921414445046
184.0,0.0004993494852034024,429324.67803957564,583.580048032578,0.0012777831848892291,-0.0,-0.05922492292311829,0.0,0.1579375000000001,0.0,0.0,0.0038340519698305178,-4.39697129507313
185.0,0.0004991465768885519,426416.28233378433,582.4894371347721,0.0012710011358982273,-0.0,-0.0628416436844912,0.0,0.16856250000000003,0.0,0.0,0.003784874335925252,-5.54776622757059
186.0,0.0004988953342982753,423383.08039986424,581.3461140800968,0.0012638207294646828,-0.0,-0.06639486280363549,0.0,0.17918749999999997,0.0,0.0,0.0037334800490061684,-6.6811302511074215
187.0,0.0004985957286508096,420228.12423400796,580.1503963248354,0.0012562491731220803,-0.0,-0.06988190575352272,0.0,0.1898124999999999,0.0,0.0,0.003679943200709153,-7.796178544587586
188.0,0.0004982477266579416,416950.4227405332,578.9010339118752,0.001248285014369604,-0.0,-0.07353067230172948,0.0,0.20106944444444433,0.0,0.0,0.0036242727578605903,-8.891967200863409
189.0,0.0004978512906235315,413541.35982714087,577.5937875948928,0.0012399103075843676,-0.0,-0.07720070310294717,0.0,0.2125972222222221,0.0,0.0,0.003566354879051045,-9.967350231469343
190.0,0.0004974063785578215,410003.9455291791,576.2287649895208,0.0012311323224715438,-0.0,-0.08078919800060809,0.0,0.2241249999999999,0.0,0.0,0.00350626802276129,-11.021390518778563
191.0,0.0004969129443076297,406341.9877259386,574.8063484225415,0.0012219601591823505,-0.0,-0.0843193776955542,0.0,0.23572569444444436,0.0,0.0,0.003444104738725966,-12.053199523546626
192.0,0.0004963709377025519,402551.63993929676,573.3238956951637,0.001212386344236747,-0.0,-0.08799342487809728,0.0,0.24798263888888883,0.0,0.0,0.003379834657629031,-13.061673694027279
193.0,0.0004957803047172979,398631.91291072813,571.7797771804995,0.001202409645874691,-0.0,-0.0915707821050478,0.0,0.2602395833333333,0.0,0.0,0.0033134759677589803,-14.045757774168502
194.0,0.0004951409876502985,394587.35566411406,570.1744760899137,0.0011920409721649507,-0.0,-0.09504852711624474,0.0,0.2724965277777778,0.0,0.0,0.0032451378756358554,-15.004586043254804
195.0,0.0004944529253187341,390421.21486222255,568.5079285852905,0.0011812884883262047,-0.0,-0.09853161629515725,0.0,0.28506597222222224,0.0,0.0,0.003174909504577771,-15.937280007069836
196.0,0.0004937160532701317,386130.1889598682,566.7773828917415,0.001170146100379331,-0.0,-0.1020125510674498,0.0,0.2979479166666667,0.0,0.0,0.0031027765267561806,-16.84270114394827
197.0,0.0004929303040106937,381718.06167646433,564.982842804883,0.0011586232650036507,-0.0,-0.10537921624639808,0.0,0.31082986111111116,0.0,0.0,0.003028839843286626,-17.719991835790864
198.0,0.0004920956072505208,377190.12503633916,563.1248924085245,0.0011467328446008761,-0.0,-0.10862899162117724,0.0,0.3237118055555556,0.0,0.0,0.002953225106045604,-18.568399834904433
199.0,0.0004912118901658921,372548.70169911126,561.2028650268904,0.001134481276080544,-0.0,-0.11189356134931751,0.0,0.3370000000000001,0.0,0.0,0.002876011598737987,-19.38706637276094
200.0,0.0004902790776787732,367794.8663439183,559.2155080515877,0.0011218723133248193,-0.0,-0.11504643043190516,0.0,0.35033333333333344,0.0,0.0,0.002797260228760136,-20.175078840564623
201.0,0.0004892970927537144,362934.4159445685,557.1634823150315,0.0011089201853232294,-0.0,-0.11807017522657234,0.0,0.3636666666666668,0.0,0.0,0.0027171070941321117,-20.931797507226165
202.0,0.00048826585671230536,357972.9482729418,555.0473544802069,0.0010956387918556417,-0.0,-0.1209960937629442,0.0,0.3771041666666668,0.0,0.0,0.0026356852490391235,-21.65662444791175
203.0,0.00048718528956534263,352912.4675447983,552.8661266834666,0.0010820341818836272,-0.0,-0.12386398859701328,0.0,0.39078472222222227,0.0,0.0,0.002553072288762341,-22.348786036432553
204.0,0.00048605531036286133,347757.7558717294,550.61994061463,0.0010681186218012765,-0.0,-0.12659277165984587,0.0,0.40446527777777774,0.0,0.0,0.0024693895565223683,-23.007703890097407
205.0,0.00048487583756217604,342515.0327030955,548.3095495963588,0.0010539076644746606,-0.0,-0.12918090272432137,0.0,0.4181458333333332,0.0,0.0,0.0023847804261753246,-23.632942008192025
206.0,0.00048364678941405725,337189.76972800406,545.9353789367149,0.001039415310990974,-0.0,-0.13167127996161773,0.0,0.4319722222222221,0.0,0.0,0.002299376412032714,-24.224070629423338
207.0,0.0004823680843671639,331786.0142194557,543.4972029779323,0.0010246524874518383,-0.0,-0.13403517435839657,0.0,0.445861111111111,0.0,0.0,0.0022132872048689174,-24.78060558321614
208.0,0.00048103964149082953,326310.0324875232,540.995779951309,0.0010096351529663775,-0.0,-0.13625232715753438,0.0,0.4597499999999999,0.0,0.0,0.002126655754161113,-25.302271053026605
209.0,0.00047966138091628244,320768.21122706775,538.4319417267187,0.0009943796457941264,-0.0,-0.1383230934027534,0.0,0.473642361111111,0.0,0.0,0.0020396258602483064,-25.788863098318078
210.0,0.0004782332242963593,315166.6247666564,535.8063986757242,0.0009789017151252241,-0.0,-0.14025489449742723,0.0,0.4875659722222222,0.0,0.0,0.0019523355747782176,-26.24021605577169
211.0,0.00047675509528374393,309511.4251597782,533.1199216686692,0.000963217389754439,-0.0,-0.14203821260067637,0.0,0.5014895833333333,0.0,0.0,0.001864922917681457,-26.656232424816018
212.0,0.00047522692002773654,303808.9252171945,530.3733901720864,0.0009473431654206367,-0.0,-0.14367310526956897,0.0,0.5154131944444444,0.0,0.0,0.0017775268785973383,-27.036892169679987
213.0,0.000473648627689527,298065.5767281239,527.567793045094,0.0009312959580210419,-0.0,-0.14514566463828868,0.0,0.5292847222222222,0.0,0.0,0.001690286842805136,-27.382253871451088
214.0,0.0004720201509759116,292288.5558584855,524.7045323558099,0.0009150944268060858,-0.0,-0.1464575589165703,0.0,0.5431041666666667,0.0,0.0,0.0016033506758180124,-27.69251307691478
215.0,0.0004703414266913553,286484.09312867094,521.7846128141962,0.0008987552123118157,-0.0,-0.14762416298235545,0.0,0.5569236111111112,0.0,0.0,0.0015168504798649513,-27.967850620185377
216.0,0.0004686123963082591,280658.1298699552,518.8089526094058,0.000882294402883233,-0.0,-0.14864646582711094,0.0,0.5707430555555556,0.0,0.0,0.0014309121950012165,-28.20848593761846
217.0,0.0004668330065552532,274817.74330348265,515.7791242994487,0.0008657307620123455,-0.0,-0.14947028494945794,0.0,0.58434375,0.0,0.0,0.001345675356709431,-28.414821197956744
218.0,0.00046500321002328177,268970.3469690039,512.69698659512,0.0008490839332375201,-0.0,-0.15014976146779405,0.0,0.597920138888889,0.0,0.0,0.001261281149294314,-28.587373693879503
219.0,0.0004631229657892031,263121.38792789215,509.5634688718894,0.0008323691998748335,-0.0,-0.15069285260952595,0.0,0.611496527777778,0.0,0.0,0.001177840690746697,-28.72653029064631
220.0,0.00046119224005656894,257276.34864277404,506.3795943986059,0.0008156020110445997,-0.0,-0.15107122398185302,0.0,0.6249479166666668,0.0,0.0,0.0010954631158366643,-28.832744321724686
221.0,0.00045921100681319265,251443.88605071307,503.14824371525935,0.0007988051597031647,-0.0,-0.15125089788704005,0.0,0.638107638888889,0.0,0.0,0.001014297013856702,-28.90689792875491
222.0,0.0004571792485050579,245629.90810903162,499.8709546982504,0.0007819952781643199,-0.0,-0.15130647145799833,0.0,0.651267361111111,0.0,0.0,0.0009344501028432483,-28.94965082191974
223.0,0.00045509695672605265,239838.9835098689,496.5486202964536,0.0007651860119821741,-0.0,-0.15124021012767944,0.0,0.6644270833333332,0.0,0.0,0.0008560093969378347,-28.961571637382825
224.0,0.00045296413292295247,234076.94118325683,493.1829619467606,0.0007483939683834412,0.0,-0.1509740051954181,0.0,0.6772222222222222,0.0,0.0,0.0007790753201643861,-28.943440849607956
225.0,0.0004507807891150046,228351.8102862406,489.77717200735015,0.0007316409083672156,0.0,-0.15056313136570784,0.0,0.689861111111111,0.0,0.0,0.0007037723212074457,-28.89638879872734
226.0,0.00044854694862739595,222667.6021736221,486.3322533299853,0.000714939434769009,0.0,-0.1500458842148818,0.0,0.7024999999999999,0.0,0.0,0.0006301694411318704,-28.821123461530085
227.0,0.0004462626468378173,217027.99845239878,482.8491058586031,0.000698301434007963,0.0,-0.14941192575041926,0.0,0.7150763888888889,0.0,0.0,0.0005583287762562435,-28.71836109217965
228.0,0.0004439279319352542,211440.90714356196,479.3314120316449,0.0006817486256399924,0.0,-0.14850216682289966,0.0,0.7270902777777778,0.0,0.0,0.0004883606280748388,-28.58943820755275
229.0,0.0004415428656900661,205917.0055703842,475.7849689867126,0.0006653092685114679,0.0,-0.1473682320406216,0.0,0.7391041666666667,0.0,0.0,0.00042040207950527975,-28.43617194246233
230.0,0.00043910752423433123,200465.6554091933,472.2151993418706,0.0006490087112189576,0.0,-0.14600211109317188,0.0,0.7511180555555556,0.0,0.0,0.00035456628114129065,-28.260324427430284
231.0,0.00043662199885135964,195097.5466624881,468.628888569545,0.0006328755179600806,0.0,-0.14431775655632392,0.0,0.7627152777777775,0.0,0.0,0.00029097370363730503,-28.063964316256932
232.0,0.00043408639677319127,189827.9587894364,465.0365600044702,0.0006169490971990936,0.0,-0.14231835846481308,0.0,0.7738958333333337,0.0,0.0,0.00022978730413436585,-27.849964244479207
233.0,0.000431500841984822,184667.49325309103,461.4463361239162,0.0006012581042833674,0.0,-0.1400789842866296,0.0,0.7850763888888889,0.0,0.0,0.00017110468110319315,-27.62067996437084
234.0,0.0004288654760338131,179626.00505270693,457.8664783505729,0.0005858295333318293,0.0,-0.13759340403054798,0.0,0.7962569444444445,0.0,0.0,0.00011500519095870305,-27.37848197239805
235.0,0.0004261804588438647,174716.54431468318,454.3082589562425,0.0005706979180619552,0.0,-0.13472313672472944,0.0,0.8066249999999997,0.0,0.0,6.159255693785705e-05,-27.12635600551884
236.0,0.000423445969530852,169953.0975614892,450.7845514414523,0.0005559000436663195,0.0,-0.13159855717834806,0.0,0.8169027777777781,0.0,0.0,1.096763258698208e-05,-26.86759007948493
237.0,0.0004206622072197467,165345.41919281133,447.30600781428706,0.000541462754479503,0.0,-0.12823255995339353,0.0,0.8271805555555556,0.0,0.0,-3.6825821428154175e-05,-26.604954285301794
238.0,0.00041782939186076653,160903.66549376273,443.8843668910599,0.0005274137432352228,0.0,-0.124579183533707,0.0,0.83715625,0.0,0.0,-8.17501999055083e-05,-26.341397828179144
239.0,0.000414947765043029,156642.44402422893,440.5357171812978,0.0005137910136489158,0.0,-0.12059330543189489,0.0,0.8464270833333334,0.0,0.0,-0.00012373445343280288,-26.080726769827745
240.0,0.00041201759080390844,152572.51847272244,437.2741406154007,0.0005006232944604432,0.0,-0.11638978453493135,0.0,0.8556979166666664,0.0,0.0,-0.00016275858497075154,-25.82625913177611
241.0,0.0004090391564322339,148702.73492225513,434.1129937563208,0.0004879344492961959,0.0,-0.11197477868265802,0.0,0.8649687500000002,0.0,0.0,-0.0001988310991876495,-25.58109966352709
242.0,0.00040601277326339876,145043.41167460207,431.06758139643534,0.0004757513390869449,0.0,-0.10726190082267995,0.0,0.8734375,0.0,0.0,-0.0002319551361824217,-25.348702586622434
243.0,0.00040293877746439715,141607.00698495677,428.15578967726907,0.00046410526109463135,0.0,-0.10234191356239482,0.0,0.8815624999999999,0.0,0.0,-0.0002621232267920168,-25.13300663482063
244.0,0.00039981753080675213,138400.5472438097,425.3915943181607,0.00045301399943212397,0.0,-0.09727880529559962,0.0,0.8896874999999997,0.0,0.0,-0.0002893855084917066,-24.937095425631767
245.0,0.0003966494214252478,135430.08942364893,422.7885117713583,0.00044249220426491976,0.0,-0.09208508838159334,0.0,0.8976944444444446,0.0,0.0,-0.0003138047110855651,-24.76393570409061
246.0,0.0003934348645603448,132703.88721811638,420.3622650722174,0.0004325586705844401,0.0,-0.08671112916246655,0.0,0.9046388888888889,0.0,0.0,-0.00033542721566395177,-24.616947512754688
247.0,0.00039017430328211754,130235.9260313634,418.1340084396572,0.0004232443516292361,0.0,-0.08086387136527087,0.0,0.9115833333333333,0.0,0.0,-0.0003542541999132485,-24.50069358447851
248.0,0.0003868682091935329,128042.6725326598,416.12751303410744,0.00041458437930003616,0.0,-0.07505178845226647,0.0,0.9185277777777778,0.0,0.0,-0.000370271072221844,-24.420328388024846
249.0,0.0003835170831108696,126116.88533711054,414.3446749642584,0.0004065571890918247,0.0,-0.06948263214403931,0.0,0.924829861111111,0.0,0.0,-0.00038365780346950965,-24.376560430459026
250.0,0.0003801214557190641,124448.13829944059,412.7834101083756,0.00039913274811106443,0.0,-0.06421185991408108,0.0,0.9304895833333335,0.0,0.0,-0.00039460792772486004,-24.369361829152055
251.0,0.00037668188819977666,123023.62786500735,411.4382573462519,0.00039227467414405446,0.0,-0.05929784750573983,0.0,0.9361493055555555,0.0,0.0,-0.00040332033292294587,-24.39808679600806
252.0,0.00037319897282997113,121827.97146591263,410.30012837091004,0.00038594007765442974,0.0,-0.05479876526612756,0.0,0.9418090277777778,0.0,0.0,-0.0004099999988431957,-24.461401260912254
253.0,0.000369673333548826,120843.15369153557,409.35624952887207,0.00038007982135901115,0.0,-0.05076781364421471,0.0,0.9462812499999999,0.0,0.0,-0.0004148580378583288,-24.55724114071559
254.0,0.00036610562649081943,120048.73171090787,408.59041362602284,0.0003746394195174328,0.0,-0.04724710649908041,0.0,0.9506215277777779,0.0,0.0,-0.0004181102051155869,-24.68282498513922
255.0,0.0003624965404828703,119422.34121531376,407.9835731380885,0.00036956063015062087,0.0,-0.044261047116930054,0.0,0.9549618055555555,0.0,0.0,-0.00041997370451015456,-24.83473408498558
256.0,0.0003588467975034604,118940.53326591082,407.5147987825528,0.00036478374122117497,0.0,-0.04181103504200727,0.0,0.9588854166666667,0.0,0.0,-0.0004206620065220528,-25.00907130391874
257.0,0.00035515715310172774,118579.84725822328,407.1624917800371,0.00036025027401977356,0.0,-0.0398735145766901,0.0,0.9618368055555555,0.0,0.0,-0.0004203783469291136,-25.2016834507283
258.0,0.0003514283967745842,118317.93962111071,406.90565299586336,0.00035590565359085803,0.0,-0.03840259524311811,0.0,0.9647881944444444,0.0,0.0,-0.0004193091067717945,-25.40841146429295
259.0,0.0003476613522999869,118134.5491865671,406.72497590179717,0.0003517013488553573,0.0,-0.03733672782674292,0.0,0.9677395833333333,0.0,0.0,-0.0004176185075673199,-25.625320751181004
260.0,0.0003438568780245862,118012.13111201301,406.6035868039746,0.00034759614007874926,0.0,-0.03660730616255607,0.0,0.9696944444444444,0.0,0.0,-0.0004154456681981934,-25.848871261113338
261.0,0.0003400158671040629,117936.10255511674,406.5273730533146,0.00034355644433044604,0.0,-0.03614663716857569,0.0,0.9712222222222222,0.0,0.0,-0.00041290429132619924,-26.07600882710277
262.0,0.00033613924769458045,117894.75354009398,406.4849546151351,0.00033955587584137643,0.0,-0.035893564602565084,0.0,0.97275,0.0,0.0,-0.00041008450865410474,-26.30418336849057
263.0,0.0003322279830938863,117878.93715367571,406.4674172937706,0.00033557433669148995,0.0,-0.035796328979069314,0.0,0.9741354166666667,0.0,0.0,-0.00040705603908003867,-26.53131458836446
264.0,0.0003282830718307278,117881.65742864623,406.46793042945916,0.00033159692162456044,0.0,-0.03581318250235091,0.0,0.9742395833333334,0.0,0.0,-0.0004038718308085971,-26.755729002249154
265.0,0.00032430554770136846,117897.64440688876,406.48134242196073,0.0003276128399345125,0.0,-0.035911608760118355,0.0,0.9743437500000001,0.0,0.0,-0.0004005715895556414,-26.9760876500618
266.0,0.0003202964797521405,117922.96878606179,406.5038094102198,0.00032361446558022456,0.0,-0.03606690076373088,0.0,0.9744479166666667,0.0,0.0,-0.0003971848666899923,-27.191316774342248
267.0,0.00031625697220710416,117954.71850283834,406.53248153022184,0.00031959655646283784,0.0,-0.036260600272517644,0.0,0.9738402777777778,0.0,0.0,-0.00039373359137402186,-27.40054755308347
268.0,0.00031218816434004106,117990.74057858204,406.56525148441966,0.00031555564154745,0.0,-0.03647906603779069,0.0,0.9725208333333334,0.0,0.0,-0.0003902340578716703,-27.603066792425956
269.0,0.0003080912302901619,118029.44186103412,406.60055999757697,0.00031148955447337506,0.0,-0.036712277084226794,0.0,0.971201388888889,0.0,0.0,-0.00038669843930348854,-27.798278168493255
270.0,0.0003039673788210675,118069.63869635026,406.63724882114616,0.0003073970861078973,0.0,-0.03695288641880661,0.0,0.9698819444444444,0.0,0.0,-0.0003831359171700787,-27.985672585678426
271.0,0.00029981785302266473,118110.44527939642,406.6744514553388,0.00030327772946162713,0.0,-0.037195498667217906,0.0,0.9672812500000001,0.0,0.0,-0.0003795535122086028,-28.16480594582742
272.0,0.00029564392995590796,118151.19162669379,406.7115128189879,0.0002991314942808191,0.0,-0.037436131264559094,0.0,0.9645381944444444,0.0,0.0,-0.0003759566894687332,-28.335282718758517
273.0,0.00029144692024039636,118191.3637729951,406.74793066437354,0.0002949587732038085,0.0,-0.03767181874535305,0.0,0.9617951388888889,0.0,0.0,-0.00037234979582754325,-28.496743945218256
274.0,0.0002872281675850277,118230.56041487625,406.78331309676935,0.0002907602455853346,0.0,-0.037900325181551675,0.0,0.9586354166666666,0.0,0.0,-0.00036873637467621176,-28.648858572730237
275.0,0.00028298904826207666,118268.46161724946,406.8173479104621,0.0002865368085933347,0.0,-0.038119936739277424,0.0,0.9545034722222222,0.0,0.0,-0.00036511939131356473,-28.79131727101642
276.0,0.000278730970525228,118304.80631548181,406.8497805419334,0.00028228952792804516,0.0,-0.038329312820406955,0.0,0.9503715277777778,0.0,0.0,-0.00036150139378869395,-28.923828078926984
277.0,0.00027445537397225795,118339.37620676115,406.88039828247815,0.00027801960259375805,0.0,-0.03852737967735965,0.0,0.9462395833333334,0.0,0.0,-0.0003578846272579433,-29.04611339745961
278.0,0.00027016372885321793,118371.98427202531,406.9090190265942,0.00027372833969681527,0.0,-0.03871325464828709,0.0,0.9411840277777778,0.0,0.0,-0.0003542711149571175,-29.157907968447738
279.0,0.0002658575353251246,118402.46664944767,406.9354833024879,0.00026941713637239416,0.0,-0.038886192388102904,0.0,0.9357326388888888,0.0,0.0,-0.0003506627152484833,-29.258957572733284
280.0,0.0002615383226543199,118430.6769321131,406.9596486757851,0.0002650874667611486,0.0,-0.03904554686439512,0.0,0.9302812499999998,0.0,0.0,-0.000347061161554872,-29.349018251796487
281.0,0.0002572076483677959,118456.48221860101,406.9813858686591,0.0002607408725467172,0.0,-0.03919074463727381,0.0,0.9246979166666665,0.0,0.0,-0.00034346809007965965,-29.42785590862172
282.0,0.00025286709735493107,118479.7604308597,407.0005761186891,0.00025637895598874767,0.0,-0.03932126620996155,0.0,0.9179270833333332,0.0,0.0,-0.0003398850588333178,-29.49524618162234
283.0,0.0002485182809212005,118500.39854799476,407.0171094334123,0.0002520033746895935,0.0,-0.03943663314991061,0.0,0.9111562499999999,0.0,0.0,-0.0003363135604970641,-29.550974513287102
284.0,0.00024416283579555925,118519.0955771466,407.0316659336318,0.00024761704055298474,0.0,-0.03945951437021859,0.0,0.9043854166666666,0.0,0.0,-0.0003327504258647619,-29.595037138787678
285.0,0.0002398024230933001,118549.17455831027,407.0572088158906,0.00024324136509221793,0.0,-0.03930363021016432,0.0,0.8970243055555556,0.0,0.0,-0.00032912110718994375,-29.63059482673044
286.0,0.00023543872723630127,118593.25786810319,407.09628057764894,0.00023888092002219386,0.0,-0.03919397138779974,0.0,0.8890729166666668,0.0,0.0,-0.00032541425383422556,-29.658148216761543
287.0,0.00023107345483267151,118646.85385425085,407.14450036655376,0.00023452994645400854,0.0,-0.039129057755855394,0.0,0.881121527777778,0.0,0.0,-0.0003216586263873185,-29.67641991760919
288.0,0.00022670833351788475,118706.52183214587,407.19851257009725,0.00023018465003834626,0.0,-0.03908852739127742,0.0,0.8731701388888891,0.0,0.0,-0.0003178761664852045,-29.684395888641635
289.0,0.00022234511075957923,118771.5397711944,407.25760800036375,0.000225845330572153,0.0,-0.03901917340096765,0.0,0.8641562500000002,0.0,0.0,-0.00031407323753943625,-29.681745985527723
290.0,0.0002179855526282579,118841.79685759428,407.3216705385473,0.00022151320395727184,0.0,-0.03896081274345791,0.0,0.8550243055555556,0.0,0.0,-0.0003102527634750198,-29.668297942645893
291.0,0.0002136314425361818,118915.38802148972,407.3888427845311,0.00021718717220385958,0.0,-0.03890797573995528,0.0,0.8458923611111111,0.0,0.0,-0.00030642718813852826,-29.643437532414204
292.0,0.0002092845799468019,118991.16896314803,407.4580082928489,0.00021286733715338577,0.0,-0.03884081375613007,0.0,0.8364687499999999,0.0,0.0,-0.0003026045189065511,-29.60674876577232
293.0,0.00020494677905710308,119070.40691009727,407.5303920824079,0.00020855696679995638,0.0,-0.038746222367397144,0.0,0.8263645833333333,0.0,0.0,-0.0002987799427487903,-29.558423654268072
294.0,0.0002006198674552652,119152.58644405671,407.6054873897824,0.00020425702400197617,0.0,-0.03865228689444999,0.0,0.8162604166666667,0.0,0.0,-0.0002949581264527559,-29.498217080326253
295.0,0.00019630568475606183,119236.54474028619,407.6821620164391,0.00019996776591497525,0.0,-0.03855311854261919,0.0,0.8061562500000001,0.0,0.0,-0.0002911469082810306,-29.425732747251594
296.0,0.00019200608121642263,119322.4545224874,407.7605790620539,0.0001956911577917931,0.0,-0.03841631657777932,0.0,0.7953715277777779,0.0,0.0,-0.0002873471361350867,-29.34091434133061
297.0,0.00018772291633358434,119412.05670944073,407.8424185094475,0.00019143096138930608,0.0,-0.038266986948946854,0.0,0.7842951388888888,0.0,0.0,-0.00028355188764950885,-29.24409723057745
298.0,0.00018345805742824592,119504.21568197144,407.92657465745094,0.00018718754175385058,0.0,-0.038113454809220175,0.0,0.7732187499999998,0.0,0.0,-0.00027976878598971755,-29.134916137430356
299.0,0.00017921337821511998,119598.02244258331,408.0121630081437,0.0001829616445993692,0.0,-0.037949139936351,0.0,0.7620945945945943,0.0,0.0,-0.00027600408992958726,-29.013073566100257
300.0,0.00017499075736325092,119694.05462276866,408.099737346088,0.0001787557115472479,0.0,-0.03775683101583982,0.0,0.7505405405405404,0.0,0.0,-0.0002722566925775917,-28.878643624190808
301.0,0.00017079207704842435,119792.29256047959,408.1892732613131,0.00017457151054904756,0.0,-0.03755726166040306,0.0,0.7389864864864866,0.0,0.0,-0.0002685284475085261,-28.731562667773442
302.0,0.00016661922149996725,119891.9557213244,408.2800123206175,0.00017041004575006982,0.0,-0.037347135578543314,0.0,0.7274324324324326,0.0,0.0,-0.0002648247684682492,-28.571594342993134
303.0,0.0001624740755441724,119992.9346687728,408.3718450351624,0.00016627307442969584,0.0,-0.037104873686507805,0.0,0.7154722222222225,0.0,0.0,-0.0002611477664928192,-28.39867481129094
304.0,0.0001583585231465353,120098.40905712711,408.46783150977194,0.0001621655507569869,0.0,-0.03683043599345674,0.0,0.7029027777777779,0.0,0.0,-0.0002574844094444999,-28.213522782924038
305.0,0.00015427444595493404,120207.90128543932,408.5675016545709,0.00015808866845839884,0.0,-0.03655240730448406,0.0,0.6903333333333334,0.0,0.0,-0.0002538389360208467,-28.01599018673258
306.0,0.0001502237218458074,120320.29620308589,408.66977308832895,0.00015404309083462902,0.0,-0.03626618097702971,0.0,0.6777638888888888,0.0,0.0,-0.0002502183168917955,-27.805792545837694
307.0,0.00014620822347533028,120435.87054209363,408.7749050139946,0.00015003083803296117,0.0,-0.03594962000092546,0.0,0.6647777777777777,0.0,0.0,-0.0002466230891802482,-27.58298090315578
308.0,0.0001422298168375027,120555.6738857807,408.8838976571823,0.0001460545762170819,0.0,-0.03562182367988288,0.0,0.6516875,0.0,0.0,-0.00024305044181991998,-27.34778743064153
309.0,0.00013829035983100094,120678.80171689623,408.9958724009361,0.00014211522309073664,0.0,-0.03528473424130065,0.0,0.6385972222222224,0.0,0.0,-0.00023950621038355602,-27.100003927041183
310.0,0.00013439170083655172,120804.65162009318,409.1102425576984,0.00013821403292873808,0.0,-0.034931341886835526,0.0,0.6254236111111113,0.0,0.0,-0.000235994723204117,-26.839505316579608
311.0,0.00013053567730652134,120934.52809972971,409.22825242158433,0.00013435383356932574,0.0,-0.03455073178393908,0.0,0.6119166666666667,0.0,0.0,-0.00023251208535246987,-26.566599356322328
312.0,0.0001267241143683199,121068.55860392954,409.3500128016312,0.00013053641973132644,0.0,-0.034160929694629624,0.0,0.5984097222222221,0.0,0.0,-0.00022905956078030242,-26.28133298741833
313.0,0.00012295882344314657,121206.0451752236,409.4748453856798,0.00012676295423339422,0.0,-0.03375932122421026,0.0,0.5849027777777775,0.0,0.0,-0.0002256418007782272,-25.983582238494442
314.0,0.00011924160088150943,121346.9976208252,409.60275048128676,0.00012303517557532098,0.0,-0.033334461630502764,0.0,0.5712083333333331,0.0,0.0,-0.0002222603947239533,-25.673388009790084
315.0,0.00011557422661687808,121492.81446431225,409.73505498171517,0.0001193557939487851,0.0,-0.032892639885535965,0.0,0.5573888888888887,0.0,0.0,-0.00021891129388239676,-25.351088545004334
316.0,0.00011195846283874186,121643.05149984662,409.87132214756286,0.00011572613408864756,0.0,-0.032439133807912884,0.0,0.5435694444444444,0.0,0.0,-0.00021559801635503815,-25.01663392262291
317.0,0.0001083960526862616,121797.31086174969,410.011160786748,0.00011214758642088313,0.0,-0.0319723067081073,0.0,0.52975,0.0,0.0,-0.0002123237667842405,-24.669995862877503
318.0,0.00010488871896362415,121955.72898488567,410.15469021812805,0.0001086219108430671,0.0,-0.03148763682535176,0.0,0.5158611111111112,0.0,0.0,-0.0002090895468320262,-24.311264648960115
319.0,0.00010143816287812954,122118.45170584414,410.30203821656613,0.000105150854073216,0.0,-0.030988982257747637,0.0,0.5019722222222224,0.0,0.0,-0.00020589629720631762,-23.94053773652311
320.0,9.804606280196238e-05,122285.41269415381,410.4531303703418,0.00010173601616288437,0.0,-0.030475599678854517,0.0,0.4880833333333336,0.0,0.0,-0.00020274573986659686,-23.557876718042067
321.0,9.471407305852101e-05,122456.66311360837,410.60800423986603,9.837906147672175e-05,0.0,-0.0299470252663058,0.0,0.4741944444444447,0.0,0.0,-0.0001996390888506789,-23.163373184059967
322.0,9.144382273410666e-05,122632.35149213173,410.76678973124126,9.508169453541901e-05,0.0,-0.029402987292428937,0.0,0.4603055555555557,0.0,0.0,-0.00019657714871623776,-22.757142881190042
323.0,8.823691451570465e-05,122812.71010665836,410.92969573667176,9.184564241612123e-05,0.0,-0.028843342929360503,0.0,0.4464166666666667,0.0,0.0,-0.00019356038250735685,-22.339321334449735
324.0,8.509492355551505e-05,122998.05328432315,411.0970079200808,8.867264553098768e-05,0.0,-0.02826804428548337,0.0,0.4325277777777777,0.0,0.0,-0.0001905889327175504,-21.910061768984196
325.0,8.201939636283341e-05,123188.138500956,411.2684852172044,8.556413190244626e-05,0.0,-0.0276834017701913,0.0,0.4187499999999999,0.0,0.0,-0.00018766492820960514,-21.469421911582025
326.0,7.901184972380982e-05,123382.45289119214,411.4436314826638,8.252140666715777e-05,0.0,-0.027082737393749553,0.0,0.405,0.0,0.0,-0.00018479136256656256,-21.017423426747783
327.0,7.607376964956374e-05,123581.74205388276,411.6231413542869,7.954637890287796e-05,0.0,-0.026464945771470565,0.0,0.3912500000000001,0.0,0.0,-0.00018196664570711195,-20.55431177329314
328.0,7.320661035306476e-05,123786.68972911728,411.80764856907496,7.664086264648204e-05,0.0,-0.025835208330167652,0.0,0.37756944444444457,0.0,0.0,-0.00017918944508512724,-20.080316558643542
329.0,7.041179325514878e-05,123994.58011020864,411.99458481025493,7.380516188700872e-05,0.0,-0.02520374120777128,0.0,0.36416666666666664,0.0,0.0,-0.00017647019220378522,-19.595124698791015
330.0,6.769070601997477e-05,124205.26501967538,412.18380944950746,7.104080031549603e-05,0.0,-0.024551482830655016,0.0,0.35076388888888876,0.0,0.0,-0.00017381008588702158,-19.09886985726982
331.0,6.504470162019002e-05,124420.33441830195,412.3768145730019,6.834997390960973e-05,0.0,-0.02388034719857002,0.0,0.3373611111111109,0.0,0.0,-0.00017120436203700053,-18.59195481121818
332.0,6.247509743202495e-05,124639.62800869036,412.57344615208757,6.573409467842381e-05,0.0,-0.023209188949969883,0.0,0.32422916666666646,0.0,0.0,-0.0001686542613295924,-18.074507230641398
333.0,5.998317436049306e-05,124858.64332760031,412.76948707598996,6.319299139102842e-05,0.0,-0.022526832231083146,0.0,0.3112777777777776,0.0,0.0,-0.0001661753515261661,-17.5460534558793
334.0,5.757017599484268e-05,125079.17982922777,412.9666363481295,6.07289295581215e-05,0.0,-0.02182290821687346,0.0,0.2983263888888888,0.0,0.0,-0.00016376184007147897,-17.007064755003313
335.0,5.523730779436217e-05,125303.41301986908,413.16695227758083,5.834416085953585e-05,0.0,-0.02109976504334248,0.0,0.285375,0.0,0.0,-0.00016140680071969374,-16.45803624510415
336.0,5.2985736304617275e-05,125552.32634530129,413.3640679165218,5.605032390063947e-05,0.00022898252196999205,-0.02042165868699914,0.0006535947712418259,0.27301388888888894,0.0,0.0,-0.00015916090933742316,-15.90181120313498
337.0,5.081658840416568e-05,125842.6207744306,413.54471720135996,5.385641160258894e-05,0.00045795268883675556,-0.01975720675445208,0.0013071895424836518,0.26065277777777796,0.0,0.0,-0.00015709934897906034,-15.34031774090621
338.0,4.873095058176784e-05,126171.83795355758,413.701805326204,5.176140285676579e-05,0.0006869024962230961,-0.019098151407467328,0.0019607843137254776,0.24829166666666688,0.0,0.0,-0.0001552479870554261,-14.772917138422663
339.0,4.672986824409397e-05,126547.54801476162,413.82810707457594,4.976843105022931e-05,0.0010944049648983147,-0.01846770763348243,0.003124183006535911,0.23622222222222244,0.0,0.0,-0.00015364258606152605,-14.20013656439366
340.0,4.4814345053900256e-05,127040.07200139172,413.89536701100604,4.790626603981892e-05,0.0017696658874973399,-0.017924535069374244,0.0050522875816993275,0.2245902777777779,0.0,0.0,-0.00015247146671597752,-13.629080230268771
341.0,4.298534229863812e-05,127658.9029520855,413.8772727929079,4.61768665465932e-05,0.0024446856759391764,-0.017424375508683962,0.006980392156862745,0.21295833333333333,0.0,0.0,-0.0001518519884861421,-13.059220505591671
342.0,4.1243778289434146e-05,128401.18475822297,413.75665089711555,4.457655170649198e-05,0.0031193082432280092,-0.016947106910989246,0.00890849673202616,0.2013263888888888,0.0,0.0,-0.0001518499490304133,-12.488609403103244
343.0,3.959052779037575e-05,129306.92233974043,413.51079256695874,4.311710956002683e-05,0.004159313064324555,-0.016559213511512037,0.011882352941176491,0.19038888888888883,0.0,0.0,-0.0001525983575042832,-11.91927981747988
344.0,3.802642147802002e-05,130447.81728846933,413.10139314126536,4.1820426318569425e-05,0.00528924123454035,-0.0162360507882111,0.015117647058823529,0.179625,0.0,0.0,-0.000154332366764618,-11.355178582081274
345.0,3.655224543103716e-05,131831.5545215419,412.51251935427473,4.068352401685048e-05,0.006416520808595197,-0.015936318147860583,0.018352941176470565,0.16886111111111118,0.0,0.0,-0.0001571362919306634,-10.793495592838935
346.0,3.516874064989377e-05,133473.90701948814,411.74088115779114,3.9705520678484486e-05,0.007626375486893755,-0.01565640673690503,0.0218366013071895,0.1582847222222223,0.0,0.0,-0.00016105680930004218,-10.231835198613961
347.0,3.3876602606472614e-05,135468.42760221616,410.76666880578733,3.891023361265239e-05,0.009175471656619172,-0.015465275117730722,0.026313725490196078,0.14845833333333333,0.0,0.0,-0.00016630190233701475,-9.672983092989558
348.0,3.267648082353099e-05,137870.591632045,409.58719808643065,3.8307251287085145e-05,0.010711554153423196,-0.01527582207498069,0.030790849673202655,0.13863194444444435,0.0,0.0,-0.00017298633878540595,-9.115189960221747
349.0,3.156897848388724e-05,140707.61528011563,408.22714018426996,3.78962286650792e-05,0.012227672304259193,-0.015059106838419555,0.03526797385620923,0.12880555555555537,0.0,0.0,-0.0001810916320437092,-8.553757524746144
350.0,3.055465206923584e-05,144032.49012670072,406.71559697228616,3.7684772676184605e-05,0.013963823925467697,-0.014872080922127958,0.04047058823529422,0.1196041666666665,0.0,0.0,-0.00019061773032434242,-7.984782989410883
351.0,2.9634011028485286e-05,147950.8064690692,405.06174004057476,3.769680001779033e-05,0.01581564698537647,-0.01469207159290482,0.046156862745098115,0.11081944444444433,0.0,0.0,-0.0002017276493941346,-7.405811554012453
352.0,2.880751747552201e-05,152493.47905227932,403.3129193045267,3.79342697066432e-05,0.01759064567089485,-0.014440584524439627,0.051843137254902,0.10203472222222217,0.0,0.0,-0.0002143383962958842,-6.808730298272796
353.0,2.807558591630305e-05,157674.2205402727,401.52574806733725,3.8396483577498984e-05,0.019255553691805597,-0.014088338626405739,0.05752941176470587,0.09325,0.0,0.0,-0.00022829394632466717,-6.184039055994641
354.0,2.743858300518977e-05,163522.49780147386,399.7224206676779,3.909258026461372e-05,0.021150968656194265,-0.013804044386095839,0.06439215686274505,0.08564583333333338,0.0,0.0,-0.00024361230582699785,-5.522442264765621
355.0,2.6896827330435498e-05,170024.50519586573,397.91764171027586,4.002498104879954e-05,0.022812501712352995,-0.013398668201893466,0.07125490196078423,0.07804166666666676,0.0,0.0,-0.0002602917914691998,-4.812762518127654
356.0,2.645058922875628e-05,177085.65872448898,396.1483892992725,4.11785005491504e-05,0.024164353177653294,-0.01284719758036728,0.07811764705882338,0.07043750000000015,0.0,0.0,-0.0002780951782495509,-4.042283495728281
357.0,2.610009062891243e-05,184561.2952043691,394.4310379121685,4.253232232956635e-05,0.025253500101401347,-0.012226787178831496,0.08542483660130704,0.06333333333333345,0.0,0.0,-0.00029679847610896174,-3.199519950111275
358.0,2.5845504924240674e-05,192244.93626662585,392.7168859017876,4.4062176409054546e-05,0.02603544427148833,-0.011591122222984392,0.09339869281045743,0.056979166666666727,0.0,0.0,-0.0003164524004454395,-2.275482040451963
359.0,2.5686956874091506e-05,199853.82054937098,390.98750247828576,4.572633036233815e-05,0.026229477022540495,-0.010794211146534265,0.10137254901960784,0.050625,0.0,0.0,-0.0003368350487879111,-1.2653090607711903
360.0,2.5624522534125138e-05,207067.39084766738,389.2282337078291,4.7475170857924016e-05,0.02580208293093688,-0.00983470654548835,0.10934640522875824,0.04427083333333327,0.0,0.0,-0.0003576303302751232,-0.1704195271860162
